사업장명,시도명,시군구명,소재지도로명주소,소재지지번주소,위도,경도,사업장면적,전화번호,관리기관명,관리기관전화번호,데이터기준일자
커피에반하다 역곡점,경기도,부천시,"경기도 부천시 원미구 부일로 752 (역곡동, 1층1호)",경기도 부천시 원미구 역곡동 112,37.48629004,126.8132958,30.1,,경기도 부천시 식품위생과,032-625-4328,2026-01-01
빽다방부천신중동점,경기도,부천시,"경기도 부천시 원미구 중동로254번길 64, 104호 (중동, 신일아르디세)",경기도 부천시 원미구 중동 1143,37.50171999,126.7723755,91.97,,경기도 부천시 식품위생과,032-625-4328,2026-01-01
하니커피,경기도,부천시,"경기도 부천시 원미구 부천로6번길 지하 13 (심곡동, 지하1층일부)",경기도 부천시 원미구 심곡동 171-10 지하1층일부,37.48477276,126.7836204,42.09,,경기도 부천시 식품위생과,032-625-4328,2026-01-01
더착한커피(원미구청점),경기도,부천시,"경기도 부천시 원미구 부천로 123 (심곡동, 1층일부)",경기도 부천시 원미구 심곡동 89-13,37.49535876,126.7850003,62.34,,경기도 부천시 식품위생과,032-625-4328,2026-01-01
카페봄봄부천점,경기도,부천시,"경기도 부천시 원미구 석천로38번길 5 (상동, 1층일부)",경기도 부천시 원미구 상동 242-8,37.4908437,126.7605307,51.19,,경기도 부천시 식품위생과,032-625-4328,2026-01-01
컴퓨터파수꾼,경기도,부천시,"경기도 부천시 원미구 계남로 208 (중동, 1층일부)",경기도 부천시 원미구 중동 1052-2,37.50696881,126.7721067,5.46,,경기도 부천시 식품위생과,032-625-4328,2026-01-01
어레인지 커피웍스,경기도,부천시,"경기도 부천시 원미구 도약로 177 (약대동, 부천두산위브트레지움상가동 B112호)",경기도 부천시 원미구 약대동 196,37.51072297,126.7690665,35.4,,경기도 부천시 식품위생과,032-625-4328,2026-01-01
아마스빈 상동점,경기도,부천시,"경기도 부천시 원미구 상동로 105 (상동, 현해프라자 105호)",경기도 부천시 원미구 상동 534-5,37.50669242,126.7528141,41.75,,경기도 부천시 식품위생과,032-625-4328,2026-01-01
메가엠지씨커피 부천라일락점,경기도,부천시,"경기도 부천시 원미구 도약로 25 (상동, 대동프라자 101호)",경기도 부천시 원미구 상동 523-3,37.51279206,126.7518863,55.2,,경기도 부천시 식품위생과,032-625-4328,2026-01-01
어울림,경기도,부천시,"경기도 부천시 원미구 부천로90번길 15 (원미동, 1층)",경기도 부천시 원미구 원미동 133-7,37.49218475,126.7853765,101.16,,경기도 부천시 식품위생과,032-625-4328,2026-01-01
스타벅스부천신중동역점,경기도,부천시,"경기도 부천시 원미구 길주로 281 (중동, 동화빌딩 1층일부)",경기도 부천시 원미구 중동 1058-5,37.50380428,126.7741562,328.86,,경기도 부천시 식품위생과,032-625-4328,2026-01-01
토브하우스커피3,경기도,부천시,"경기도 부천시 원미구 부흥로210번길 31 (중동, 지하1층)",경기도 부천시 원미구 중동 721-1,37.49452853,126.7657833,57.86,,경기도 부천시 식품위생과,032-625-4328,2026-01-01
카페12월32일,경기도,부천시,"경기도 부천시 원미구 부일로483번길 22 (심곡동, 1층)",경기도 부천시 원미구 심곡동 167-2,37.48674007,126.7841898,79.64,,경기도 부천시 식품위생과,032-625-4328,2026-01-01
빽다방부천중동현대점,경기도,부천시,"경기도 부천시 원미구 석천로169번길 34 (중동, 파크리움 103호)",경기도 부천시 원미구 중동 1167-3,37.50307308,126.7608616,37.1,,경기도 부천시 식품위생과,032-625-4328,2026-01-01
일층카페,경기도,부천시,"경기도 부천시 원미구 부천로86번길 66 (심곡동, 1층)",경기도 부천시 원미구 심곡동 123-9,37.48979538,126.7870689,56.77,,경기도 부천시 식품위생과,032-625-4328,2026-01-01
빽다방상동역푸른마을점,경기도,부천시,"경기도 부천시 원미구 상동로 84 (상동, 영플러스 103호)",경기도 부천시 원미구 상동 542-1,37.5045106,126.7534856,32.76,,경기도 부천시 식품위생과,032-625-4328,2026-01-01
빽다방송내법조타운점,경기도,부천시,"경기도 부천시 원미구 부일로221번길 46 (상동, 우신빌딩 102호)",경기도 부천시 원미구 상동 453-2,37.49036438,126.7553065,24.23,,경기도 부천시 식품위생과,032-625-4328,2026-01-01
히즈빈스커피(예손병원점),경기도,부천시,"경기도 부천시 원미구 부천로 206 (춘의동, 다성빌딩 1층 일부)",경기도 부천시 원미구 춘의동 164-3,37.50258076,126.7874387,50.52,,경기도 부천시 식품위생과,032-625-4328,2026-01-01
테라커피송내투나점,경기도,부천시,"경기도 부천시 원미구 송내대로74번길 23 (상동, 양지프라자 111호)",경기도 부천시 원미구 상동 452-4,37.49010233,126.7553717,15.66,,경기도 부천시 식품위생과,032-625-4328,2026-01-01
빽다방 송내역로데오점,경기도,부천시,"경기도 부천시 원미구 상일로 92 (상동, 삼희월드프라자 102호)",경기도 부천시 원미구 상동 400-3,37.49131202,126.7524745,39.96,,경기도 부천시 식품위생과,032-625-4328,2026-01-01
아라(엔제리너스),경기도,부천시,"경기도 부천시 원미구 길주로 300 (중동, 롯데백화점 지하1층 일부)",경기도 부천시 원미구 중동 1140,37.50254165,126.7753124,132.89,,경기도 부천시 식품위생과,032-625-4328,2026-01-01
카페앨리스(cafe alice),경기도,부천시,"경기도 부천시 원미구 길주로 84 (상동, 서울여성병원 1층 일부)",경기도 부천시 원미구 상동 544-2,37.50525349,126.7515966,64.26,,경기도 부천시 식품위생과,032-625-4328,2026-01-01
이디야(부천중동팰리스점),경기도,부천시,"경기도 부천시 원미구 장말로 217 (중동, 1층)",경기도 부천시 원미구 중동 771-17,37.49271714,126.7661854,85.8,,경기도 부천시 식품위생과,032-625-4328,2026-01-01
빽다방상동역북부점,경기도,부천시,"경기도 부천시 원미구 길주로 105 (상동, 드림모아 112호)",경기도 부천시 원미구 상동 535-5,37.50639109,126.7541356,52.04,,경기도 부천시 식품위생과,032-625-4328,2026-01-01
카페동네(중동점),경기도,부천시,"경기도 부천시 원미구 계남로295번가길 5 (중동, 1층)",경기도 부천시 원미구 중동 1082-5,37.50447002,126.780848,84.99,,경기도 부천시 식품위생과,032-625-4328,2026-01-01
빽다방부천역CGV점,경기도,부천시,"경기도 부천시 원미구 부일로460번길 5 (심곡동, 1층일부)",경기도 부천시 원미구 심곡동 175-16,37.48576929,126.7813804,25.5,,경기도 부천시 식품위생과,032-625-4328,2026-01-01
매머드 익스프레스 송내투나점,경기도,부천시,"경기도 부천시 원미구 부일로221번길 26 (상동, 삼원타운 101호)",경기도 부천시 원미구 상동 455,37.48951127,126.7551113,15.07,,경기도 부천시 식품위생과,032-625-4328,2026-01-01
빽다방 신중동역점,경기도,부천시,"경기도 부천시 원미구 길주로 307, 1층 (중동, 로얄프라자 107호)",경기도 부천시 원미구 중동 1062-4,37.50350352,126.776760,51.3,,경기도 부천시 식품위생과,032-625-4328,2026-01-01
카페도시,경기도,부천시,"경기도 부천시 원미구 조마루로 2 (상동, 부천체육문화센타 골프연습장동 101호 일부)",경기도 부천시 원미구 상동 572-1,37.49997006,126.7442354,195.16,,경기도 부천시 식품위생과,032-625-4328,2026-01-01
카리스,경기도,부천시,"경기도 부천시 원미구 계남로 310 (중동, 하이병원 1층일부)",경기도 부천시 원미구 중동 1086-4,37.50314198,126.7817458,11.61,,경기도 부천시 식품위생과,032-625-4328,2026-01-01
빽다방(상지초교점),경기도,부천시,"경기도 부천시 원미구 장말로199번길 6-4 (중동, 1층일부)",경기도 부천시 원미구 중동 769-13,37.49298808,126.7642861,26,,경기도 부천시 식품위생과,032-625-4328,2026-01-01
더우디,경기도,부천시,"경기도 부천시 원미구 부일로 287-26 (상동, 1층일부)",경기도 부천시 원미구 상동 318,37.48886931,126.7620845,26.61,,경기도 부천시 식품위생과,032-625-4328,2026-01-01
블루빈스,경기도,부천시,"경기도 부천시 원미구 부일로 340 (중동, 1층 110호)",경기도 부천시 원미구 중동 805-2,37.48784234,126.7677892,20.85,,경기도 부천시 식품위생과,032-625-4328,2026-01-01
커피시장(상동점),경기도,부천시,"경기도 부천시 원미구 장말로200번길 29 (상동, 1층일부, 지하1층전체)",경기도 부천시 원미구 상동 238,37.49147732,126.763905,137.03,,경기도 부천시 식품위생과,032-625-4328,2026-01-01
디저트39(부천시청점),경기도,부천시,"경기도 부천시 원미구 석천로169번길 22, 현대센트럴파크 1층 102호 (중동)",경기도 부천시 원미구 중동 1162-8,37.50297124,126.761610,63,,경기도 부천시 식품위생과,032-625-4328,2026-01-01
이디야중동시계탑점,경기도,부천시,"경기도 부천시 원미구 조마루로297번길 33 (중동, 엔터프라이즈빌딩 102, 103호)",경기도 부천시 원미구 중동 1130-18,37.49918742,126.7762258,63.94,,경기도 부천시 식품위생과,032-625-4328,2026-01-01
스타벅스부천중동DT점,경기도,부천시,"경기도 부천시 원미구 부흥로 193 (중동, 1층, 2층, 3층)",경기도 부천시 원미구 중동 628-14,37.49634803,126.7642915,351.14,,경기도 부천시 식품위생과,032-625-4328,2026-01-01
카페조이(Cafe Joy),경기도,부천시,"경기도 부천시 원미구 석천로44번길 60 (상동, 1층)",경기도 부천시 원미구 상동 245-7,37.49081617,126.7643591,81.85,,경기도 부천시 식품위생과,032-625-4328,2026-01-01
이디야커피 부천벚꽃마을점,경기도,부천시,"경기도 부천시 원미구 상이로 47-1 (상동, 1층)",경기도 부천시 원미구 상동 600-3,37.49307391,126.7437591,76.75,,경기도 부천시 식품위생과,032-625-4328,2026-01-01
공차NC부천점,경기도,부천시,"경기도 부천시 원미구 송내대로 239, 5층 (상동, 소풍 5393호일부, 5394호일부)",경기도 부천시 원미구 상동 539-1,37.5041458,126.7567065,33.99,,경기도 부천시 식품위생과,032-625-4328,2026-01-01
코너스톤(corner  stone),경기도,부천시,"경기도 부천시 원미구 부천로47번길 55 (심곡동, 2층)",경기도 부천시 원미구 심곡동 409-2,37.48893449,126.7798547,96.28,,경기도 부천시 식품위생과,032-625-4328,2026-01-01
포코앤포코,경기도,부천시,"경기도 부천시 원미구 길주로 246, 부천중동리슈빌엔클래스 119A호 (중동)",경기도 부천시 원미구 중동 1149,37.503308,126.7696268,43.88,,경기도 부천시 식품위생과,032-625-4328,2026-01-01
이디야부천원미구청점,경기도,부천시,"경기도 부천시 원미구 부천로 140 (원미동, 1층일부)",경기도 부천시 원미구 원미동 74-8,37.49650093,126.7857721,51.3,,경기도 부천시 식품위생과,032-625-4328,2026-01-01
한진카페시스템,경기도,부천시,"경기도 부천시 원미구 부일로 400, 1층 일부 (심곡동)",경기도 부천시 원미구 심곡동 358-12,37.48692981,126.7744405,14.19,,경기도 부천시 식품위생과,032-625-4328,2026-01-01
더벤티뉴코아부천점,경기도,부천시,"경기도 부천시 원미구 송내대로 239 (상동, 소풍 5415호일부,5416호일부,5417호일부)",경기도 부천시 원미구 상동 539-1,37.5041458,126.7567065,13.53,,경기도 부천시 식품위생과,032-625-4328,2026-01-01
매머드익스프레스 신중동역점,경기도,부천시,"경기도 부천시 원미구 중동로248번길 124 (중동, 중앙프라자2차 105호)",경기도 부천시 원미구 중동 1136-4,37.50101749,126.7757243,63.44,,경기도 부천시 식품위생과,032-625-4328,2026-01-01
커피에반하다부천대점,경기도,부천시,"경기도 부천시 원미구 부일로 443-1 (심곡동, 1층일부)",경기도 부천시 원미구 심곡동 400-5,37.48657243,126.7795776,24.95,,경기도 부천시 식품위생과,032-625-4328,2026-01-01
경기부천소사지역자활센터 카페뜨락,경기도,부천시,"경기도 부천시 원미구 길주로 210 (중동, 1층 일부)",경기도 부천시 원미구 중동 1156,37.50358103,126.7653372,21.84,,경기도 부천시 식품위생과,032-625-4328,2026-01-01
슈퍼브커피로스터스(SUPERB COFFEE ROASTERS),경기도,부천시,"경기도 부천시 원미구 조마루로 137 (중동, 포도마을 삼보상가 1층 111호)",경기도 부천시 원미구 중동 1170,37.49978972,126.7600592,28.8,,경기도 부천시 식품위생과,032-625-4328,2026-01-01
투썸플레이스 부천역로데오점,경기도,부천시,"경기도 부천시 원미구 부일로 454, 한림빌딩 2층일부 (심곡동)",경기도 부천시 원미구 심곡동 383-15,37.48591959,126.7806561,254.2,,경기도 부천시 식품위생과,032-625-4328,2026-01-01
컴포즈커피부천중동중앙점,경기도,부천시,"경기도 부천시 원미구 중동로254번길 27, 프린스프라자 107호 (중동)",경기도 부천시 원미구 중동 1150-8,37.50240284,126.7705022,30.06,,경기도 부천시 식품위생과,032-625-4328,2026-01-01
21스트리트(street),경기도,부천시,"경기도 부천시 원미구 상이로21번길 8-4 (상동, 1층일부)",경기도 부천시 원미구 상동 609-5,37.49093205,126.7438847,80.51,,경기도 부천시 식품위생과,032-625-4328,2026-01-01
카페동네,경기도,부천시,"경기도 부천시 원미구 중동로 169-1, 1층 (중동)",경기도 부천시 원미구 중동 716-3,37.49503982,126.7671341,87.24,,경기도 부천시 식품위생과,032-625-4328,2026-01-01
퀼트카페세실,경기도,부천시,"경기도 부천시 원미구 조종로50번길 26-4 (원미동, 1층 일부)",경기도 부천시 원미구 원미동 120-1,37.49175118,126.7898302,17.75,,경기도 부천시 식품위생과,032-625-4328,2026-01-01
더문커피,경기도,부천시,"경기도 부천시 원미구 부흥로315번길 27 (중동, 103호,104호)",경기도 부천시 원미구 중동 1124-8,37.49570588,126.7771528,65.98,,경기도 부천시 식품위생과,032-625-4328,2026-01-01
메가엠지씨커피 부천춘의점,경기도,부천시,"경기도 부천시 원미구 부천로198번길 27, 111호 (춘의동, 서림테크노파크I)",경기도 부천시 원미구 춘의동 165-1,37.5023406,126.7880633,60.55,,경기도 부천시 식품위생과,032-625-4328,2026-01-01
스타벅스 뉴코아부천점,경기도,부천시,"경기도 부천시 원미구 송내대로 239, 소풍(부천터미널) 1R04~1R06, 1F06, 1F06-1~1F06-3, 1190~1191호 (상동)",경기도 부천시 원미구 상동 539-1,37.5041458,126.7567065,117.41,,경기도 부천시 식품위생과,032-625-4328,2026-01-01
보람카페,경기도,부천시,"경기도 부천시 원미구 부흥로 133 (중동, 보람마을아주아파트상가동 B01호일부)",경기도 부천시 원미구 중동 1172,37.49803408,126.7598665,51.34,,경기도 부천시 식품위생과,032-625-4328,2026-01-01
스타벅스중동이마트점,경기도,부천시,"경기도 부천시 원미구 석천로 188 (중동, (주)신세계이마트중동점 1층일부)",경기도 부천시 원미구 중동 1157 (주)신세계이마트중동점 1층일부,37.50406471,126.7639493,163.69,,경기도 부천시 식품위생과,032-625-4328,2026-01-01
커피베이 부천벚꽃마을점,경기도,부천시,"경기도 부천시 원미구 상이로39번길 26, 1층 (상동)",경기도 부천시 원미구 상동 599-16,37.49235355,126.7425117,85.63,,경기도 부천시 식품위생과,032-625-4328,2026-01-01
Rich coffee(리치커피),경기도,부천시,"경기도 부천시 원미구 조마루로385번길 80, 103호 (원미동, 춘의테크노타워 주건축물제1동)",경기도 부천시 원미구 원미동 41-2,37.50024135,126.7895248,85.7,,경기도 부천시 식품위생과,032-625-4328,2026-01-01
부천혜림학교학교기업혜림커피1호점,경기도,부천시,"경기도 부천시 원미구 계남로 219, 부천교육청 2층 일부 (중동)",경기도 부천시 원미구 중동 1051-9,37.50760578,126.773586,9.69,,경기도 부천시 식품위생과,032-625-4328,2026-01-01
씨유 부천도당중앙점,경기도,부천시,"경기도 부천시 원미구 수도로 190 (도당동, 1층 일부)",경기도 부천시 원미구 도당동 42-4,37.51906893,126.7861375,5.3,,경기도 부천시 식품위생과,032-625-4328,2026-01-01
카페동네 상2동점,경기도,부천시,"경기도 부천시 원미구 조마루로85번길 7-80 (상동, 1층)",경기도 부천시 원미구 상동 554-11,37.50129308,126.7526473,98.41,,경기도 부천시 식품위생과,032-625-4328,2026-01-01
카페동네,경기도,부천시,"경기도 부천시 원미구 상이로 9-1 (상동, 1층)",경기도 부천시 원미구 상동 610-8,37.48970973,126.7440036,131.54,,경기도 부천시 식품위생과,032-625-4328,2026-01-01
역곡상상시장고객지원센터내북카페,경기도,부천시,"경기도 부천시 원미구 부일로749번길 31 (역곡동, 역곡상상시장고객지원센터 1층일부)",경기도 부천시 원미구 역곡동 84-7,37.48757761,126.8118941,10.9,,경기도 부천시 식품위생과,032-625-4328,2026-01-01
진선미가카페,경기도,부천시,"경기도 부천시 원미구 길주로 307 (중동, 로얄프라자 118호 일부)",경기도 부천시 원미구 중동 1062-4,37.50350352,126.776760,35.2,,경기도 부천시 식품위생과,032-625-4328,2026-01-01
메가엠지씨커피부천상동점,경기도,부천시,"경기도 부천시 원미구 상동로 113, 114호 (상동, 승재프라자)",경기도 부천시 원미구 상동 534-1,37.50747577,126.7530392,39.6,,경기도 부천시 식품위생과,032-625-4328,2026-01-01
마키나(MAKINA),경기도,부천시,"경기도 부천시 원미구 수도로206번길 28-2 (도당동, 롯데그랑빌 101호일부)",경기도 부천시 원미구 도당동 44-19,37.51902179,126.7881787,19.23,,경기도 부천시 식품위생과,032-625-4328,2026-01-01
지에스25상동석천로,경기도,부천시,"경기도 부천시 원미구 석천로25번길 56, 1층 (상동)",경기도 부천시 원미구 상동 443-7,37.49003822,126.7570078,3.87,,경기도 부천시 식품위생과,032-625-4328,2026-01-01
빽다방부천중동시장점,경기도,부천시,"경기도 부천시 원미구 부흥로 199, 1층일부호 (중동)",경기도 부천시 원미구 중동 628-9,37.49625331,126.7650063,41.86,,경기도 부천시 식품위생과,032-625-4328,2026-01-01
해밀날오후,경기도,부천시,"경기도 부천시 원미구 장말로 289 (심곡동, 부천상공회의소 지하1층)",경기도 부천시 원미구 심곡동 305-3,37.49177544,126.7743124,48.2,,경기도 부천시 식품위생과,032-625-4328,2026-01-01
몽당,경기도,부천시,"경기도 부천시 원미구 원미로77번길 40-7 (원미동, 1층 일부)",경기도 부천시 원미구 원미동 174-5,37.49074494,126.7883693,29.57,,경기도 부천시 식품위생과,032-625-4328,2026-01-01
부천원미지역자활센터 카페 쉼표1,경기도,부천시,"경기도 부천시 원미구 소향로 164 (중동, 부천시중동지하주차장 위 중앙공원 중심광장내 매점 1층 일부)",경기도 부천시 원미구 중동 1177-1,37.50136455,126.7653344,10.23,,경기도 부천시 식품위생과,032-625-4328,2026-01-01
모리샌드위치,경기도,부천시,"경기도 부천시 원미구 부일로191번길 26, 1층 15호 (상동, 우신프라자)",경기도 부천시 원미구 상동 408-4,37.48976751,126.7517001,13.64,,경기도 부천시 식품위생과,032-625-4328,2026-01-01
카페동네,경기도,부천시,"경기도 부천시 원미구 부천로66번길 67 (심곡동, 1층, 2층)",경기도 부천시 원미구 심곡동 153-16,37.48803712,126.7868532,148.32,,경기도 부천시 식품위생과,032-625-4328,2026-01-01
만랩커피 부천송내투나점,경기도,부천시,"경기도 부천시 원미구 상일로122번길 43, 1층일부호 (상동)",경기도 부천시 원미구 상동 457-2,37.48947337,126.7557362,76.03,,경기도 부천시 식품위생과,032-625-4328,2026-01-01
메가MGC커피 (신중동역점),경기도,부천시,"경기도 부천시 원미구 길주로 270, 중동대우마이빌Ⅱ 102호 (중동)",경기도 부천시 원미구 중동 1148-2,37.50299623,126.772031,55.17,,경기도 부천시 식품위생과,032-625-4328,2026-01-01
커피사랑,경기도,부천시,"경기도 부천시 원미구 원미로 214, B동 1층 101호 (춘의동, 애플하우스)",경기도 부천시 원미구 춘의동 188-16,37.50135466,126.7938856,39.68,,경기도 부천시 식품위생과,032-625-4328,2026-01-01
컴포즈커피부천소풍점,경기도,부천시,"경기도 부천시 원미구 송내대로 239, 3층 3F01호일부호 (상동, 소풍)","경기도 부천시 원미구 상동 539-1 , 소풍 3F01호 일부",37.5041458,126.7567065,22.54,,경기도 부천시 식품위생과,032-625-4328,2026-01-01
고요로스터리카페,경기도,부천시,"경기도 부천시 원미구 부흥로303번길 36 (중동, 금호 프라자 110호)",경기도 부천시 원미구 중동 1123,37.49636817,126.7762273,58.47,,경기도 부천시 식품위생과,032-625-4328,2026-01-01
이디야 신중동점,경기도,부천시,"경기도 부천시 원미구 길주로 275 (중동, 104호)",경기도 부천시 원미구 중동 1058-2,37.50390539,126.7733191,63.31,,경기도 부천시 식품위생과,032-625-4328,2026-01-01
더카페&마트,경기도,부천시,"경기도 부천시 원미구 부천로332번길 10, 1층 (도당동)",경기도 부천시 원미구 도당동 81-1,37.51356696,126.7853429,51.86,,경기도 부천시 식품위생과,032-625-4328,2026-01-01
토닥토닥,경기도,부천시,"경기도 부천시 원미구 부천로122번길 54, 1층일부 (원미동)",경기도 부천시 원미구 원미동 100-16,37.49467662,126.7881462,38.3,,경기도 부천시 식품위생과,032-625-4328,2026-01-01
투썸플레이스,경기도,부천시,"경기도 부천시 원미구 신흥로 270 (중동, 1층 전체)",경기도 부천시 원미구 중동 1060,37.50772108,126.7753668,164.88,,경기도 부천시 식품위생과,032-625-4328,2026-01-01
빙동댕,경기도,부천시,"경기도 부천시 원미구 상일로 153, 1층 (상동, 일부)",경기도 부천시 원미구 상동 429-11,37.49102578,126.7595487,31.74,,경기도 부천시 식품위생과,032-625-4328,2026-01-01
보미네주스가게,경기도,부천시,"경기도 부천시 원미구 송내대로 239, 2층 2F53호 (상동, 부천터미널소풍)",경기도 부천시 원미구 상동 539-1,37.5041458,126.7567065,5,,경기도 부천시 식품위생과,032-625-4328,2026-01-01
스타벅스부천심곡DT,경기도,부천시,"경기도 부천시 원미구 부천로 97 (심곡동, 1, 2층)",경기도 부천시 원미구 심곡동 110-5,37.49290874,126.784400,289.24,,경기도 부천시 식품위생과,032-625-4328,2026-01-01
씨제이에듀,경기도,부천시,"경기도 부천시 원미구 원미로 98, 풍림아파트상가동 203호 (원미동)",경기도 부천시 원미구 원미동 114-1,37.49135273,126.7910382,20.43,,경기도 부천시 식품위생과,032-625-4328,2026-01-01
메가커피 송내로데오점,경기도,부천시,"경기도 부천시 원미구 상일로94번길 35 (상동, 현대프라자 105호,106호)",경기도 부천시 원미구 상동 411-1,37.49006275,126.7528519,42.92,,경기도 부천시 식품위생과,032-625-4328,2026-01-01
세라앤커피(cera&coffee),경기도,부천시,"경기도 부천시 원미구 소향로 143 (중동, 팔레오트윈파크1, 111호일부)",경기도 부천시 원미구 중동 1160-2,37.50222877,126.7637853,39.31,,경기도 부천시 식품위생과,032-625-4328,2026-01-01
더치앤빈 송내투나점,경기도,부천시,"경기도 부천시 원미구 부일로233번길 19 (상동, 1층, 103호)",경기도 부천시 원미구 상동 458-1,37.48928926,126.7559812,32.15,,경기도 부천시 식품위생과,032-625-4328,2026-01-01
카페(CAFE)어울(KT점),경기도,부천시,"경기도 부천시 원미구 부일로 406 (심곡동, 1층 일부)",경기도 부천시 원미구 심곡동 360,37.48669806,126.7750017,40.2,,경기도 부천시 식품위생과,032-625-4328,2026-01-01
CAFE어울(원미점),경기도,부천시,"경기도 부천시 원미구 부천로136번길 27, 1층 (원미동, 원미1동행정복지센터 1층일부)",경기도 부천시 원미구 원미동 71,37.49673274,126.7875117,14.62,,경기도 부천시 식품위생과,032-625-4328,2026-01-01
힐링초이스부천뉴코아점,경기도,부천시,"경기도 부천시 원미구 송내대로 239, 소풍 4F02-1호 일부호 (상동)",경기도 부천시 원미구 상동 539-1,37.5041458,126.7567065,80.25,,경기도 부천시 식품위생과,032-625-4328,2026-01-01
가스펠32번가,경기도,부천시,"경기도 부천시 원미구 길주로 263, 순복음중동교회 1층일부 (중동)",경기도 부천시 원미구 중동 1057-1,37.50409637,126.7718981,73.32,,경기도 부천시 식품위생과,032-625-4328,2026-01-01
카페캘리,경기도,부천시,"경기도 부천시 원미구 부천로6번길 15, 2층 (심곡동)",경기도 부천시 원미구 심곡동 171-9,37.4847744,126.7837312,85.8,,경기도 부천시 식품위생과,032-625-4328,2026-01-01
콩이타로카페,경기도,부천시,"경기도 부천시 원미구 부일로445번길 21, 2층 (심곡동)",경기도 부천시 원미구 심곡동 403-3,37.48721171,126.7794865,32.95,,경기도 부천시 식품위생과,032-625-4328,2026-01-01
삼공방,경기도,부천시,"경기도 부천시 원미구 부천로 306-1, 1층 (도당동)",경기도 부천시 원미구 도당동 86-16,37.51131647,126.785064,97.36,,경기도 부천시 식품위생과,032-625-4328,2026-01-01
커피샵(),경기도,부천시,"경기도 부천시 원미구 부흥로 181, 세민메가트랜스, 1층 106호 (중동)",경기도 부천시 원미구 중동 676-10,37.49662986,126.7627162,35.61,,경기도 부천시 식품위생과,032-625-4328,2026-01-01
이디야부천약대오거리점,경기도,부천시,"경기도 부천시 원미구 수도로 86, 1층 105호 (도당동)",경기도 부천시 원미구 도당동 4-14,37.51494804,126.7757063,99,,경기도 부천시 식품위생과,032-625-4328,2026-01-01
달리는커피역곡점,경기도,부천시,"경기도 부천시 원미구 지봉로121번길 5, 1층일부 (역곡동)",경기도 부천시 원미구 역곡동 107-6,37.48882355,126.8123094,23.22,,경기도 부천시 식품위생과,032-625-4328,2026-01-01
도당커피,경기도,부천시,"경기도 부천시 원미구 수도로 144, 1층일부 (도당동)",경기도 부천시 원미구 도당동 14-2,37.51707418,126.7815488,26.4,,경기도 부천시 식품위생과,032-625-4328,2026-01-01
커피에반하다목련마을점,경기도,부천시,"경기도 부천시 원미구 신상로 89, 목련마을 상가동 103호 (상동)",경기도 부천시 원미구 상동 589-1,37.49697914,126.7474839,34.44,,경기도 부천시 식품위생과,032-625-4328,2026-01-01
에스티엔(STN)커피,경기도,부천시,"경기도 부천시 원미구 옥산로214번길 43, 1층일부 (도당동)",경기도 부천시 원미구 도당동 160-9,37.51287302,126.7825892,50.37,,경기도 부천시 식품위생과,032-625-4328,2026-01-01
제주스,경기도,부천시,"경기도 부천시 원미구 송내대로 239, 부천터미널소풍 5층 5440호 (상동)",경기도 부천시 원미구 상동 539-1,37.5041458,126.7567065,11.2,,경기도 부천시 식품위생과,032-625-4328,2026-01-01
공차 롯데중동점,경기도,부천시,"경기도 부천시 원미구 길주로 300, 롯데백화점중동점 지하1층일부 (중동)",경기도 부천시 원미구 중동 1140,37.50254165,126.7753124,10.66,,경기도 부천시 식품위생과,032-625-4328,2026-01-01
언니동생디저트,경기도,부천시,"경기도 부천시 원미구 신흥로96번길 47, 1층 일부 (심곡동)",경기도 부천시 원미구 심곡동 432-17,37.4919789,126.7806787,30.03,,경기도 부천시 식품위생과,032-625-4328,2026-01-01
커피에반하다,경기도,부천시,"경기도 부천시 원미구 평천로 667-5, 1층 (약대동)",경기도 부천시 원미구 약대동 182-48,37.51528275,126.7647701,60.53,,경기도 부천시 식품위생과,032-625-4328,2026-01-01
베리 베이커리,경기도,부천시,"경기도 부천시 원미구 장말로216번길 3, 팰리스카운티 푸르지오상가 121호 (중동)",경기도 부천시 원미구 중동 1288,37.49234222,126.7662253,30.22,,경기도 부천시 식품위생과,032-625-4328,2026-01-01
만랩커피부천역곡점,경기도,부천시,"경기도 부천시 원미구 부일로 743, 2층 (역곡동)",경기도 부천시 원미구 역곡동 82-8,37.48626839,126.8121987,162.76,,경기도 부천시 식품위생과,032-625-4328,2026-01-01
맛남살롱,경기도,부천시,"경기도 부천시 원미구 석천로184번길 12, 삼성프라자 104,105호 (중동)",경기도 부천시 원미구 중동 1158-1,37.50361001,126.7634722,88.23,,경기도 부천시 식품위생과,032-625-4328,2026-01-01
오라델떼(oradelte),경기도,부천시,"경기도 부천시 원미구 길주로 1, 판타스틱 스튜디오 G2동 1층 3.4.5호 (상동)",경기도 부천시 원미구 상동 529-2,37.51294184,126.7487467,560.8,,경기도 부천시 식품위생과,032-625-4328,2026-01-01
카페동네역곡점,경기도,부천시,"경기도 부천시 원미구 부일로779번길 38, 정우빌딩 1층 (역곡동)",경기도 부천시 원미구 역곡동 214,37.48936247,126.8149534,101.8,,경기도 부천시 식품위생과,032-625-4328,2026-01-01
소호(SOHO202),경기도,부천시,"경기도 부천시 원미구 부천로198번길 18, 춘의테크노파크II 202동 107호 (춘의동)",경기도 부천시 원미구 춘의동 202,37.50154302,126.7875552,52.57,,경기도 부천시 식품위생과,032-625-4328,2026-01-01
메가엠지씨부천상동로데오점,경기도,부천시,"경기도 부천시 원미구 상동로 79, 수석프라자 106호 (상동)",경기도 부천시 원미구 상동 544-9,37.50427056,126.7523596,50.02,,경기도 부천시 식품위생과,032-625-4328,2026-01-01
테라커피 부천중동시장점,경기도,부천시,"경기도 부천시 원미구 부흥로 187, 1층 전체 (중동)",경기도 부천시 원미구 중동 677-19,37.49644646,126.7634995,51.86,,경기도 부천시 식품위생과,032-625-4328,2026-01-01
수상한카페,경기도,부천시,"경기도 부천시 원미구 석천로16번길 49-2, 다온빌, 1층 일부 (상동)",경기도 부천시 원미구 상동 315-13,37.48926759,126.7627738,17.66,,경기도 부천시 식품위생과,032-625-4328,2026-01-01
카툰명가부천점,경기도,부천시,"경기도 부천시 원미구 부천로3번길 48, 심곡동 피노키오 상가 503호일부 (심곡동)",경기도 부천시 원미구 심곡동 385,37.48537049,126.7803044,35.56,,경기도 부천시 식품위생과,032-625-4328,2026-01-01
매머드익스프레스 상동역점,경기도,부천시,"경기도 부천시 원미구 상동로 90, 메가플러스빌딩147호 (상동)",경기도 부천시 원미구 상동 541-1,37.50513416,126.7537319,40.75,,경기도 부천시 식품위생과,032-625-4328,2026-01-01
세컨드브리즈,경기도,부천시,"경기도 부천시 원미구 조마루로97번길 22, 상동근생주택 1층 (상동)",경기도 부천시 원미구 상동 561-15,37.50118843,126.7547886,96.94,,경기도 부천시 식품위생과,032-625-4328,2026-01-01
머디(maudie),경기도,부천시,"경기도 부천시 원미구 평천로 680, 216동 201호 (약대동, 부천아이파크)",경기도 부천시 원미구 약대동 217-1,37.51469666,126.7661349,66.11,,경기도 부천시 식품위생과,032-625-4328,2026-01-01
경기부천소사지역자활센터 푸드카페 뜨락,경기도,부천시,"경기도 부천시 원미구 소사로 456, 원미도서관 지하1층 일부 (원미동)",경기도 부천시 원미구 원미동 15,37.4979854,126.7990398,5.6,,경기도 부천시 식품위생과,032-625-4328,2026-01-01
설빙 신중동역점,경기도,부천시,"경기도 부천시 원미구 중동로254번길 104, 호정프라자 202호 (중동)",경기도 부천시 원미구 중동 1138,37.50153927,126.7746397,214.37,,경기도 부천시 식품위생과,032-625-4328,2026-01-01
메가엠지씨커피 부천중동현대점,경기도,부천시,"경기도 부천시 원미구 석천로169번길 34, 파크리움, 104호 (중동)",경기도 부천시 원미구 중동 1167-3,37.50307308,126.7608616,33.6,,경기도 부천시 식품위생과,032-625-4328,2026-01-01
메가엠지씨커피 역곡북부역점,경기도,부천시,"경기도 부천시 원미구 역곡로 7, 스카이빌딩 101호,106호 (역곡동)",경기도 부천시 원미구 역곡동 77-6,37.48599808,126.8113506,39.12,,경기도 부천시 식품위생과,032-625-4328,2026-01-01
루밀(Lumil),경기도,부천시,"경기도 부천시 원미구 신흥로238번길 18, 1층 일부 (중동)",경기도 부천시 원미구 중동 1065,37.50465483,126.776574,24.96,,경기도 부천시 식품위생과,032-625-4328,2026-01-01
양과자와 커피파는집,경기도,부천시,"경기도 부천시 원미구 삼작로256번길 61, 1층일부 (도당동)",경기도 부천시 원미구 도당동 67-28,37.51735488,126.7900154,39.04,,경기도 부천시 식품위생과,032-625-4328,2026-01-01
팥,경기도,부천시,"경기도 부천시 원미구 부흥로 189-1, 1층 일부 (중동)",경기도 부천시 원미구 중동 675-14,37.49640121,126.7638501,31.1,,경기도 부천시 식품위생과,032-625-4328,2026-01-01
카페드림(부천대한길관점),경기도,부천시,"경기도 부천시 원미구 신흥로56번길 25, 부천대학 한길관1층일부 (심곡동)",경기도 부천시 원미구 심곡동 424,37.48887272,126.7792998,130.1,,경기도 부천시 식품위생과,032-625-4328,2026-01-01
아마스빈부천역점,경기도,부천시,"경기도 부천시 원미구 부천로9번길 25, 1층 일부 (심곡동)",경기도 부천시 원미구 심곡동 174-4,37.48531565,126.7815819,51.68,,경기도 부천시 식품위생과,032-625-4328,2026-01-01
휘게랩(HYGGELAB),경기도,부천시,"경기도 부천시 원미구 평천로 680, 215동 102호 (약대동, 부천아이파크)",경기도 부천시 원미구 약대동 217-1,37.51469666,126.7661349,50.87,,경기도 부천시 식품위생과,032-625-4328,2026-01-01
카페드림 부천대 꿈집점,경기도,부천시,"경기도 부천시 원미구 신흥로56번길 25, 부천대학교 A동 꿈집 2층 일부 (심곡동)",경기도 부천시 원미구 심곡동 424,37.48887272,126.7792998,139.51,,경기도 부천시 식품위생과,032-625-4328,2026-01-01
프루미에,경기도,부천시,"경기도 부천시 원미구 부천로3번길 48, 심곡동 피노키오 상가 301호 (심곡동)",경기도 부천시 원미구 심곡동 385,37.48537049,126.7803044,39.41,,경기도 부천시 식품위생과,032-625-4328,2026-01-01
커피에반하다 부천수도로점,경기도,부천시,"경기도 부천시 원미구 수도로 27, 1층 (약대동)",경기도 부천시 원미구 약대동 137-9,37.51307335,126.7691245,27.6,,경기도 부천시 식품위생과,032-625-4328,2026-01-01
컴포즈,경기도,부천시,"경기도 부천시 원미구 부천로 20, 삼영빌딩 1층일부 (심곡동)",경기도 부천시 원미구 심곡동 168-8,37.48603738,126.7835526,18.4,,경기도 부천시 식품위생과,032-625-4328,2026-01-01
미니(mini),경기도,부천시,"경기도 부천시 원미구 옥산로 86, 1층일부 (중동)",경기도 부천시 원미구 중동 1089-5,37.50119099,126.7807966,40.82,,경기도 부천시 식품위생과,032-625-4328,2026-01-01
해피니스카페(HAPPINESS CAFE),경기도,부천시,"경기도 부천시 원미구 장말로 107, 복사골문화센터 1층일부 (상동)",경기도 부천시 원미구 상동 394-2,37.49478344,126.7542142,123.18,,경기도 부천시 식품위생과,032-625-4328,2026-01-01
반달커피,경기도,부천시,"경기도 부천시 원미구 장말로 96, 반달마을 상가동 1층 121호 (상동)",경기도 부천시 원미구 상동 395,37.49331848,126.7514917,18.72,,경기도 부천시 식품위생과,032-625-4328,2026-01-01
오르다,경기도,부천시,"경기도 부천시 원미구 지봉로 46, 백호빌딩 2층 일부 (역곡동)",경기도 부천시 원미구 역곡동 35,37.48581508,126.8049059,140.28,,경기도 부천시 식품위생과,032-625-4328,2026-01-01
코지엠커피,경기도,부천시,"경기도 부천시 원미구 부천로 41, 1,2,3층 (심곡동)",경기도 부천시 원미구 심곡동 349-9,37.48803161,126.7833768,221.64,,경기도 부천시 식품위생과,032-625-4328,2026-01-01
카페인중독 부천점,경기도,부천시,"경기도 부천시 원미구 중동로254번길 23 (중동,알파프라자 101호 일부) (중동)","경기도 부천시 원미구 중동 1150-10 (중동,알파프라자 101호 일부)",37.50246496,126.7700618,26.05,,경기도 부천시 식품위생과,032-625-4328,2026-01-01
카페다람(cafedaram),경기도,부천시,"경기도 부천시 원미구 도약로 105, 한라마을주공(3)아파트 상가 103호 (중동)",경기도 부천시 원미구 중동 1027-3,37.51104625,126.7612709,31.84,,경기도 부천시 식품위생과,032-625-4328,2026-01-01
메가엠지씨커피부천중동시장점,경기도,부천시,"경기도 부천시 원미구 부흥로 197, 드림씨티빌딩 1층 104호 (중동)",경기도 부천시 원미구 중동 628-10,37.49634123,126.7646798,32.5,,경기도 부천시 식품위생과,032-625-4328,2026-01-01
아로이커피(송내점),경기도,부천시,"경기도 부천시 원미구 부일로 223, 뉴코아중동백화점 1층 009호 (상동)",경기도 부천시 원미구 상동 461,37.4888739,126.7552879,9.9,,경기도 부천시 식품위생과,032-625-4328,2026-01-01
경성꽈배기 상동시장점,경기도,부천시,"경기도 부천시 원미구 장말로200번길 22, 1층일부 (상동)",경기도 부천시 원미구 상동 234-18,37.4919669,126.7637572,27.78,,경기도 부천시 식품위생과,032-625-4328,2026-01-01
이디야커피 부천뉴코아점,경기도,부천시,"경기도 부천시 원미구 송내대로 239, 부천터미널소풍 BF07-3호 (상동)",경기도 부천시 원미구 상동 539-1,37.5041458,126.7567065,107.59,,경기도 부천시 식품위생과,032-625-4328,2026-01-01
카페(cafe)토닥토닥로스터리(roastery),경기도,부천시,"경기도 부천시 원미구 부흥로402번길 12, 1층 일부 (심곡동)",경기도 부천시 원미구 심곡동 157-13,37.48970348,126.7847333,36.49,,경기도 부천시 식품위생과,032-625-4328,2026-01-01
화양연화,경기도,부천시,"경기도 부천시 원미구 석천로184번길 26, 101,102호 (중동)",경기도 부천시 원미구 중동 1158-5,37.50351042,126.7642648,53.04,,경기도 부천시 식품위생과,032-625-4328,2026-01-01
11월의발자국,경기도,부천시,"경기도 부천시 원미구 석천로110번길 59, 1층 일부호 (중동)",경기도 부천시 원미구 중동 595-9,37.49682088,126.7648843,34.02,,경기도 부천시 식품위생과,032-625-4328,2026-01-01
스테이위드유(stay with you),경기도,부천시,"경기도 부천시 원미구 조마루로85번길 7-52, 1층 일부 (상동)",경기도 부천시 원미구 상동 554-5,37.50144473,126.7528274,31.54,,경기도 부천시 식품위생과,032-625-4328,2026-01-01
비바렌토,경기도,부천시,"경기도 부천시 원미구 석천로 17, 대영빌딩 지하1층, 1층일부 (상동)",경기도 부천시 원미구 상동 432-1,37.48915837,126.7596409,158.24,,경기도 부천시 식품위생과,032-625-4328,2026-01-01
천사카페,경기도,부천시,"경기도 부천시 원미구 중동로 361, 120호 (약대동)",경기도 부천시 원미구 약대동 138-7,37.51230764,126.769473,10.8,,경기도 부천시 식품위생과,032-625-4328,2026-01-01
카페심곡동324,경기도,부천시,"경기도 부천시 원미구 장말로294번길 20, 1층 일부 (심곡동)",경기도 부천시 원미구 심곡동 324-8,37.49060181,126.7742752,24.75,,경기도 부천시 식품위생과,032-625-4328,2026-01-01
커피에반하다 (부천성모병원점),경기도,부천시,"경기도 부천시 원미구 부흥로 471-3, 1층 일부 (소사동)",경기도 부천시 원미구 소사동 5-49,37.48581561,126.791246,24.35,,경기도 부천시 식품위생과,032-625-4328,2026-01-01
메가엠지씨커피중동역북부점,경기도,부천시,"경기도 부천시 원미구 중동로 100, 팰리스카운티 아이파크상가 1층 116호 (중동)",경기도 부천시 원미구 중동 1289,37.49087326,126.7669763,35.46,,경기도 부천시 식품위생과,032-625-4328,2026-01-01
위어스커피 부천점,경기도,부천시,"경기도 부천시 원미구 부천로39번길 5, 1층 일부 (심곡동)",경기도 부천시 원미구 심곡동 190-2,37.48783072,126.7832482,44.64,,경기도 부천시 식품위생과,032-625-4328,2026-01-01
EDIYACOFFEE(이디야커피),경기도,부천시,"경기도 부천시 원미구 지봉로 48, 거남빌딩,일부 1층 (역곡동)",경기도 부천시 원미구 역곡동 34,37.48610131,126.8050585,58.72,,경기도 부천시 식품위생과,032-625-4328,2026-01-01
공차 부천신중동점,경기도,부천시,"경기도 부천시 원미구 길주로 270, 중동대우마이빌Ⅱ 105호 (중동)",경기도 부천시 원미구 중동 1148-2,37.50299623,126.772031,62.13,,경기도 부천시 식품위생과,032-625-4328,2026-01-01
리치카페,경기도,부천시,"경기도 부천시 원미구 길주로77번길 19-38, 굿모닝위너스빌 101호 (상동)",경기도 부천시 원미구 상동 532-1,37.50731519,126.7501164,31.47,,경기도 부천시 식품위생과,032-625-4328,2026-01-01
느림&여유카페,경기도,부천시,"경기도 부천시 원미구 석천로16번길 50, 상동어울마당 1층 일부 (상동)",경기도 부천시 원미구 상동 318-1,37.48886835,126.7623236,59.09,,경기도 부천시 식품위생과,032-625-4328,2026-01-01
달콤커피(부천시청역점),경기도,부천시,"경기도 부천시 원미구 석천로 171, 중동프라자 113호일부, 201호, 202호, 203호, 204호 (중동)",경기도 부천시 원미구 중동 1162-5,37.50299272,126.7625204,391.37,,경기도 부천시 식품위생과,032-625-4328,2026-01-01
스위트피(sweetpea),경기도,부천시,"경기도 부천시 원미구 조마루로97번길 34-5, 1층 일부 (상동)",경기도 부천시 원미구 상동 564-12,37.50188437,126.7550937,58.96,,경기도 부천시 식품위생과,032-625-4328,2026-01-01
더벤티중동역북부역점,경기도,부천시,"경기도 부천시 원미구 부일로 340, 1층 101호 (중동)",경기도 부천시 원미구 중동 805-2,37.48784234,126.7677892,32.49,,경기도 부천시 식품위생과,032-625-4328,2026-01-01
메가엠지씨커피 부천북교사거리점,경기도,부천시,"경기도 부천시 원미구 조종로 3, 일부 1층 (원미동)",경기도 부천시 원미구 원미동 111-6,37.49362711,126.785141,40.75,,경기도 부천시 식품위생과,032-625-4328,2026-01-01
헤라(HERA)타로까페,경기도,부천시,"경기도 부천시 원미구 신흥로 190-1, 위브더스테이트 2층 215호 (중동)",경기도 부천시 원미구 중동 1107,37.50097538,126.7779989,39.9,,경기도 부천시 식품위생과,032-625-4328,2026-01-01
에이바우트커피 부천미림프라자점,경기도,부천시,"경기도 부천시 원미구 신흥로 169, 미림프라자오피스텔 102,103,104,105호 (중동)",경기도 부천시 원미구 중동 1131-2,37.49872897,126.7768374,289.29,,경기도 부천시 식품위생과,032-625-4328,2026-01-01
브라이트프렌즈,경기도,부천시,"경기도 부천시 원미구 부일로 287-9, 1층 101호 (상동, 어울채)",경기도 부천시 원미구 상동 319-21,37.48882512,126.7618378,32.49,,경기도 부천시 식품위생과,032-625-4328,2026-01-01
카페2020,경기도,부천시,"경기도 부천시 원미구 부일로 372, 1층 (중동)",경기도 부천시 원미구 중동 794,37.48720015,126.7713203,53.06,,경기도 부천시 식품위생과,032-625-4328,2026-01-01
커피내음,경기도,부천시,"경기도 부천시 원미구 부일로237번길 42, 1층 일부호 (상동)",경기도 부천시 원미구 상동 443-8,37.49014936,126.7570302,31.5,,경기도 부천시 식품위생과,032-625-4328,2026-01-01
더벤티(THE VENTI) 부천상동역점,경기도,부천시,"경기도 부천시 원미구 상동로 84, 영플러스 128호 (상동)",경기도 부천시 원미구 상동 542-1,37.5045106,126.7534856,41.14,,경기도 부천시 식품위생과,032-625-4328,2026-01-01
스타벅스 부천상동역점,경기도,부천시,"경기도 부천시 원미구 길주로 105, 세이브존백화점 104.105호 (상동)",경기도 부천시 원미구 상동 535-5,37.50639109,126.7541356,150.95,,경기도 부천시 식품위생과,032-625-4328,2026-01-01
"카페,미솔",경기도,부천시,"경기도 부천시 원미구 원미로 54-16, A동 1층일부 (소사동)",경기도 부천시 원미구 소사동 3-15,37.48685504,126.7902969,32.87,,경기도 부천시 식품위생과,032-625-4328,2026-01-01
투썸플레이스 부천신중동역점,경기도,부천시,"경기도 부천시 원미구 길주로 276, 무광오피스빌딩 101, 206호 (중동)",경기도 부천시 원미구 중동 1141-1,37.50295807,126.7728507,294.66,,경기도 부천시 식품위생과,032-625-4328,2026-01-01
무휼부천대점,경기도,부천시,"경기도 부천시 원미구 신흥로 87-1, 101호 (심곡동, 서광더뷰)",경기도 부천시 원미구 심곡동 298-11,37.49170685,126.7775788,23.94,,경기도 부천시 식품위생과,032-625-4328,2026-01-01
커피베이부천계남고점,경기도,부천시,"경기도 부천시 원미구 부흥로 256, 계남아카데미빌딩 110호 (중동)",경기도 부천시 원미구 중동 1208,37.49504218,126.7709239,38.25,,경기도 부천시 식품위생과,032-625-4328,2026-01-01
뜨개커피,경기도,부천시,"경기도 부천시 원미구 부천로47번길 38, 1층일부 (심곡동)",경기도 부천시 원미구 심곡동 376-18,37.48892372,126.7809432,31.31,,경기도 부천시 식품위생과,032-625-4328,2026-01-01
테일링커피로스터스(TAILINGCOFFEE ROASTERS),경기도,부천시,"경기도 부천시 원미구 부천로103번길 9, 1층일부 (심곡동)",경기도 부천시 원미구 심곡동 110-1,37.49349538,126.7842518,54.36,,경기도 부천시 식품위생과,032-625-4328,2026-01-01
발도스커피부천심곡점,경기도,부천시,"경기도 부천시 원미구 신흥로 83, 1층일부 (심곡동)",경기도 부천시 원미구 심곡동 298-21,37.49118719,126.7775527,25.31,,경기도 부천시 식품위생과,032-625-4328,2026-01-01
컴포즈커피 부천신중동위브점,경기도,부천시,"경기도 부천시 원미구 신흥로 190, 위브더스테이트 상가1동 105호 (중동)",경기도 부천시 원미구 중동 1106,37.50126977,126.7772505,39.7,,경기도 부천시 식품위생과,032-625-4328,2026-01-01
더벤티 부천시청역점,경기도,부천시,"경기도 부천시 원미구 길주로 177, 에스티마오피스텔 104호 (중동)",경기도 부천시 원미구 중동 1031-1,37.50538661,126.7623064,41.87,,경기도 부천시 식품위생과,032-625-4328,2026-01-01
청라곳간,경기도,부천시,"경기도 부천시 원미구 부천로39번길 43, 1,2층 (심곡동)",경기도 부천시 원미구 심곡동 378-7,37.48812534,126.7811387,169.68,,경기도 부천시 식품위생과,032-625-4328,2026-01-01
토리아트갤러리카페,경기도,부천시,"경기도 부천시 원미구 옥산로 163, 2층 일부호 (도당동)",경기도 부천시 원미구 도당동 283-5,37.50810505,126.7799889,50.88,,경기도 부천시 식품위생과,032-625-4328,2026-01-01
할리스 부천순천향병원점,경기도,부천시,"경기도 부천시 원미구 조마루로 170, 순천향대학교부천병원 본관 지하 2층 일부호 (중동)",경기도 부천시 원미구 중동 1174,37.49837073,126.7621091,21.6,,경기도 부천시 식품위생과,032-625-4328,2026-01-01
카페공원앞,경기도,부천시,"경기도 부천시 원미구 장말로301번길 32-2, 1층일부 (심곡동)",경기도 부천시 원미구 심곡동 301-17,37.49250702,126.7759474,19.62,,경기도 부천시 식품위생과,032-625-4328,2026-01-01
더골든빈야드,경기도,부천시,"경기도 부천시 원미구 소향로 149, 필레오트윈파크2동 106호 (중동)",경기도 부천시 원미구 중동 1160-3,37.50217549,126.7641757,27.72,,경기도 부천시 식품위생과,032-625-4328,2026-01-01
메가엠지씨커피 중동센트럴푸르지오점,경기도,부천시,"경기도 부천시 원미구 소향로 181, 상가동 103호 (중동, 센트럴파크 푸르지오)",경기도 부천시 원미구 중동 1300,37.50207012,126.7679276,65.59,,경기도 부천시 식품위생과,032-625-4328,2026-01-01
메가엠지씨커피 부천도당점,경기도,부천시,"경기도 부천시 원미구 삼작로 252, 정남프라자 1층일부 (도당동)",경기도 부천시 원미구 도당동 58-2,37.51996912,126.7895468,76.65,,경기도 부천시 식품위생과,032-625-4328,2026-01-01
매머드익스프레스 부천시청점,경기도,부천시,"경기도 부천시 원미구 길주로 205, 솔라리움A동, 103호 (중동)",경기도 부천시 원미구 중동 1034,37.50494219,126.7653888,28.69,,경기도 부천시 식품위생과,032-625-4328,2026-01-01
원스커피,경기도,부천시,"경기도 부천시 원미구 중동로85번길 7, 1층 일부호 (상동)",경기도 부천시 원미구 상동 329-12,37.48754065,126.7646725,35.17,,경기도 부천시 식품위생과,032-625-4328,2026-01-01
컴포즈커피(송내역점),경기도,부천시,"경기도 부천시 원미구 부일로 203, 125호 (상동, 상동스카이뷰자이)",경기도 부천시 원미구 상동 413,37.48913452,126.7524557,50.46,,경기도 부천시 식품위생과,032-625-4328,2026-01-01
카페포나인,경기도,부천시,"경기도 부천시 원미구 길주로378번길 43, 1층전체 (춘의동)",경기도 부천시 원미구 춘의동 214-4,37.50140993,126.7849601,71.07,,경기도 부천시 식품위생과,032-625-4328,2026-01-01
달다름,경기도,부천시,"경기도 부천시 원미구 부흥로414번길 31, 1층일부 1층 (심곡동)",경기도 부천시 원미구 심곡동 152-24,37.48788929,126.7857713,36.98,,경기도 부천시 식품위생과,032-625-4328,2026-01-01
더벤티 부천중앙공원점,경기도,부천시,"경기도 부천시 원미구 소향로 181, 상가동 101호 (중동, 센트럴파크 푸르지오)",경기도 부천시 원미구 중동 1300,37.50207012,126.7679276,42.72,,경기도 부천시 식품위생과,032-625-4328,2026-01-01
맘프레소,경기도,부천시,"경기도 부천시 원미구 부일로 293, 엘티타워 4층 일부호 (상동)",경기도 부천시 원미구 상동 318-5,37.48859363,126.7626811,35.64,,경기도 부천시 식품위생과,032-625-4328,2026-01-01
아마스빈 도당점,경기도,부천시,"경기도 부천시 원미구 삼작로 257, 영진빌딩 1층일부 (도당동)",경기도 부천시 원미구 도당동 61-2,37.52031922,126.7900869,29.54,,경기도 부천시 식품위생과,032-625-4328,2026-01-01
커피RO*,경기도,부천시,"경기도 부천시 원미구 조마루로386번길 53, 1층 (원미동, THE EL)",경기도 부천시 원미구 원미동 90-3,37.49550601,126.786206,60.48,,경기도 부천시 식품위생과,032-625-4328,2026-01-01
카페(cafe)시작,경기도,부천시,"경기도 부천시 원미구 부일로205번길 26, 대명앤스빌1차 112호 (상동)",경기도 부천시 원미구 상동 412-2,37.48961819,126.7532798,34.53,,경기도 부천시 식품위생과,032-625-4328,2026-01-01
에스티앤커피앤파스타,경기도,부천시,"경기도 부천시 원미구 부일로405번길 20, 1층 (심곡동)",경기도 부천시 원미구 심곡동 348-1,37.48778063,126.7755278,16.2,,경기도 부천시 식품위생과,032-625-4328,2026-01-01
엑시토(EXITO),경기도,부천시,"경기도 부천시 원미구 원미로131번길 24, 1층일부 (원미동)",경기도 부천시 원미구 원미동 82-11,37.49454703,126.790104,32.23,,경기도 부천시 식품위생과,032-625-4328,2026-01-01
메가엠지씨커피 부천원미사거리점,경기도,부천시,"경기도 부천시 원미구 원미로124번길 6-16, 영광빌딩 1층 일부 (원미동)",경기도 부천시 원미구 원미동 94-12,37.4930535,126.7912068,77.72,,경기도 부천시 식품위생과,032-625-4328,2026-01-01
메가엠지씨 부천강남시장점,경기도,부천시,"경기도 부천시 원미구 옥산로 150, 1층일부 (도당동)",경기도 부천시 원미구 도당동 279-3,37.50702671,126.780461,69,,경기도 부천시 식품위생과,032-625-4328,2026-01-01
김보람초콜릿,경기도,부천시,"경기도 부천시 원미구 조마루로105번길 29, 1층 (상동)",경기도 부천시 원미구 상동 560-8,37.50142498,126.7555449,104.6,,경기도 부천시 식품위생과,032-625-4328,2026-01-01
세라젬웰카페 부천중동점,경기도,부천시,"경기도 부천시 원미구 길주로 209, 솔라리움B동 105호 일부, 106호 일부호 (중동)",경기도 부천시 원미구 중동 1034-1,37.50488096,126.7658649,46.5,,경기도 부천시 식품위생과,032-625-4328,2026-01-01
포션,경기도,부천시,"경기도 부천시 원미구 부흥로188번길 34, 1층일부 (중동)",경기도 부천시 원미구 중동 728-5,37.49479702,126.7630197,22.51,,경기도 부천시 식품위생과,032-625-4328,2026-01-01
카페쿱(cafe coop),경기도,부천시,"경기도 부천시 원미구 길주로 81, 모건시티 117호 (상동)",경기도 부천시 원미구 상동 534-9,37.50632461,126.7515147,43,,경기도 부천시 식품위생과,032-625-4328,2026-01-01
스타벅스 부천중동센트럴점,경기도,부천시,"경기도 부천시 원미구 소향로 181, 상가동 105,106,107,108,109호 (중동, 센트럴파크 푸르지오)",경기도 부천시 원미구 중동 1300,37.50207012,126.7679276,290.9,,경기도 부천시 식품위생과,032-625-4328,2026-01-01
꿀스커피 중동한화생명,경기도,부천시,"경기도 부천시 원미구 신흥로 179, 1층 일부호 (중동)",경기도 부천시 원미구 중동 1132-3,37.49968925,126.7765929,31.05,,경기도 부천시 식품위생과,032-625-4328,2026-01-01
스타벅스 신중동점,경기도,부천시,"경기도 부천시 원미구 신흥로 187, 부천농업협동조합 1층 일부 (중동)",경기도 부천시 원미구 중동 1132,37.50032289,126.7764809,231.35,,경기도 부천시 식품위생과,032-625-4328,2026-01-01
오뉴쓰(ohnews),경기도,부천시,"경기도 부천시 원미구 평천로 698, 1층 (약대동)",경기도 부천시 원미구 약대동 82-6,37.51492831,126.7682861,53.55,,경기도 부천시 식품위생과,032-625-4328,2026-01-01
테라커피 부천상동라일락점,경기도,부천시,"경기도 부천시 원미구 도약로 29, 1층 102호 (상동)",경기도 부천시 원미구 상동 523-8,37.51266609,126.7526526,38.29,,경기도 부천시 식품위생과,032-625-4328,2026-01-01
스타벅스 춘의역DT점,경기도,부천시,"경기도 부천시 원미구 길주로 386, 1~3층, 스타벅스 춘의역 DT (춘의동)",경기도 부천시 원미구 춘의동 168-3,37.50307502,126.7853974,436.9,,경기도 부천시 식품위생과,032-625-4328,2026-01-01
미니페르,경기도,부천시,"경기도 부천시 원미구 길주로 307, 로얄프라자 103호 (중동)",경기도 부천시 원미구 중동 1062-4,37.50350352,126.776760,48.93,,경기도 부천시 식품위생과,032-625-4328,2026-01-01
카페베라,경기도,부천시,"경기도 부천시 원미구 길주로 199, 굿모닝프라자  213일부호 (중동)",경기도 부천시 원미구 중동 1033-3,37.50504166,126.7647134,33.47,,경기도 부천시 식품위생과,032-625-4328,2026-01-01
카페그리닝,경기도,부천시,"경기도 부천시 원미구 부흥로 256, 계남아카데미빌딩 103호 (중동)",경기도 부천시 원미구 중동 1208,37.49504218,126.7709239,35.98,,경기도 부천시 식품위생과,032-625-4328,2026-01-01
김보람초콜릿,경기도,부천시,"경기도 부천시 원미구 신흥로 199, 트리플 타워C 107호 (중동)",경기도 부천시 원미구 중동 1140-4,37.5012631,126.7761539,40.73,,경기도 부천시 식품위생과,032-625-4328,2026-01-01
카페차이 뉴코아부천점,경기도,부천시,"경기도 부천시 원미구 송내대로 239, 소풍 4184호 일부,4185호 일부 (상동)",경기도 부천시 원미구 상동 539-1,37.5041458,126.7567065,22.8,,경기도 부천시 식품위생과,032-625-4328,2026-01-01
레이02(Lei02),경기도,부천시,"경기도 부천시 원미구 심중로 67, 상가동 1층 101호 (중동, 부천 중동 해링턴플레이스)",경기도 부천시 원미구 중동 1298,37.49051079,126.7707553,57.11,,경기도 부천시 식품위생과,032-625-4328,2026-01-01
힐러커피(HEALER COFFEE),경기도,부천시,"경기도 부천시 원미구 부일로221번길 26, 삼원타운 1층 105호 (상동)",경기도 부천시 원미구 상동 455,37.48951127,126.7551113,38.1,,경기도 부천시 식품위생과,032-625-4328,2026-01-01
꿀스커피 부천스마튼병원점,경기도,부천시,"경기도 부천시 원미구 신흥로 240, 스마튼병원 1층 일부 (중동)",경기도 부천시 원미구 중동 1061-6,37.50499402,126.7760817,16.24,,경기도 부천시 식품위생과,032-625-4328,2026-01-01
매머드익스프레스 춘의점,경기도,부천시,"경기도 부천시 원미구 조마루로385번길 131, 1층일부(1호) (춘의동)",경기도 부천시 원미구 춘의동 196-1,37.5023895,126.7911911,23.8,,경기도 부천시 식품위생과,032-625-4328,2026-01-01
더벤티,경기도,부천시,"경기도 부천시 원미구 상일로 14-5, 1층 일부 (상동)",경기도 부천시 원미구 상동 609-1,37.49147201,126.743841,44.15,,경기도 부천시 식품위생과,032-625-4328,2026-01-01
컴포즈커피 부천역곡점,경기도,부천시,"경기도 부천시 원미구 부일로 740, 1층일부 (역곡동)",경기도 부천시 원미구 역곡동 81,37.48582853,126.8119271,44.84,,경기도 부천시 식품위생과,032-625-4328,2026-01-01
이디야커피 부천세무서점,경기도,부천시,"경기도 부천시 원미구 신흥로 266, 1층 일부 (중동)",경기도 부천시 원미구 중동 1060-2,37.50729327,126.7754507,46.04,,경기도 부천시 식품위생과,032-625-4328,2026-01-01
브릭온즈,경기도,부천시,"경기도 부천시 원미구 신흥로46번길 24, 1층 (심곡동)",경기도 부천시 원미구 심곡동 457-26,37.48760342,126.7783073,34.75,,경기도 부천시 식품위생과,032-625-4328,2026-01-01
(재)성심수도회 모퉁이돌마을카페,경기도,부천시,"경기도 부천시 원미구 부일로763번길 16-19, 1층일부 (역곡동)",경기도 부천시 원미구 역곡동 114-12,37.48791098,126.8148604,94.14,,경기도 부천시 식품위생과,032-625-4328,2026-01-01
대박커피(약대점),경기도,부천시,"경기도 부천시 원미구 정주로 53, 신중동 더퍼스트 지식산업센터 103호 (약대동)",경기도 부천시 원미구 약대동 177,37.50916391,126.7763425,61.79,,경기도 부천시 식품위생과,032-625-4328,2026-01-01
오룸커피(5ROOMCOFFEE),경기도,부천시,"경기도 부천시 원미구 부천로 228, 가동 1층일부 (춘의동)",경기도 부천시 원미구 춘의동 117-8,37.50445704,126.7871535,39.9,,경기도 부천시 식품위생과,032-625-4328,2026-01-01
메가엠지씨커피 부천번영사거리점,경기도,부천시,"경기도 부천시 원미구 부흥로307번길 66, 설산프라자 1층 일부 (중동)",경기도 부천시 원미구 중동 1127-10,37.49747029,126.7763282,67.25,,경기도 부천시 식품위생과,032-625-4328,2026-01-01
더벤티송내투나점,경기도,부천시,"경기도 부천시 원미구 상일로122번길 45, 1층 107호 (상동)",경기도 부천시 원미구 상동 457-3,37.4893132,126.7557056,24.64,,경기도 부천시 식품위생과,032-625-4328,2026-01-01
빨콩 중동현대점,경기도,부천시,"경기도 부천시 원미구 소향로 117, 베네피아오피스텔 105호 (중동)",경기도 부천시 원미구 중동 1168-2,37.50262451,126.7607955,38.38,,경기도 부천시 식품위생과,032-625-4328,2026-01-01
투썸플레이스 부천시청역점,경기도,부천시,"경기도 부천시 원미구 길주로 205, 솔라리움A동 101호 (중동)",경기도 부천시 원미구 중동 1034,37.50494219,126.7653888,230.54,,경기도 부천시 식품위생과,032-625-4328,2026-01-01
하삼동커피 중동점,경기도,부천시,"경기도 부천시 원미구 중동로 244, 105호 (중동, 상록센트럴타워)",경기도 부천시 원미구 중동 1152,37.50153514,126.7690534,58.19,,경기도 부천시 식품위생과,032-625-4328,2026-01-01
더벤티하이센스빌점,경기도,부천시,"경기도 부천시 원미구 부일로205번길 32, 하이센스빌 108호 (상동)",경기도 부천시 원미구 상동 412-1,37.4898623,126.7533375,38.34,,경기도 부천시 식품위생과,032-625-4328,2026-01-01
심포니힐커피숍,경기도,부천시,"경기도 부천시 원미구 부일로205번길 25 (상동,(2층))",경기도 부천시 원미구 상동 411-3 (2층),37.48973716,126.7528234,108.52,,경기도 부천시 식품위생과,032-625-4328,2026-01-01
은향커피숍,경기도,부천시,"경기도 부천시 원미구 장말로 355 (심곡동, 지하1층)",경기도 부천시 원미구 심곡동 372-8,37.49048091,126.7815688,59.4,,경기도 부천시 식품위생과,032-625-4328,2026-01-01
나나바바,경기도,부천시,"경기도 부천시 원미구 부천로 7 (심곡동,,2층)","경기도 부천시 원미구 심곡동 174-1 ,2층",37.485069,126.7820964,110.63,,경기도 부천시 식품위생과,032-625-4328,2026-01-01
스타벅스현대중동점,경기도,부천시,"경기도 부천시 원미구 길주로 180, 현대백화점중동점 쇼핑몰동 지하1층 일부호 (중동)",경기도 부천시 원미구 중동 1164-1,37.50431803,126.7620841,244.9,,경기도 부천시 식품위생과,032-625-4328,2026-01-01
메가엠지씨커피부천역점,경기도,부천시,"경기도 부천시 원미구 부일로 460 (심곡동,,2,3,4 시네마존 104호)","경기도 부천시 원미구 심곡동 383-1 ,2,3,4 시네마존 104호",37.48587223,126.7810138,15.17,,경기도 부천시 식품위생과,032-625-4328,2026-01-01
카페하랑,경기도,부천시,"경기도 부천시 원미구 지봉로 43 (역곡동,외15필지 가톨릭대학 성심교정본관동(10동)4층)",경기도 부천시 원미구 역곡동 산 43-1,37.48753137,126.7986015,77.19,,경기도 부천시 식품위생과,032-625-4328,2026-01-01
죠샌드위치앤커피,경기도,부천시,"경기도 부천시 원미구 부일로221번길 26 (상동,삼원타운 104호)",경기도 부천시 원미구 상동 455,37.48951127,126.7551113,32.69,,경기도 부천시 식품위생과,032-625-4328,2026-01-01
땡큐베리머치 부천점,경기도,부천시,"경기도 부천시 원미구 부일로 457, 2층 일부 (심곡동)",경기도 부천시 원미구 심곡동 382-11,37.48633475,126.780984,238.78,,경기도 부천시 식품위생과,032-625-4328,2026-01-01
할리스커피,경기도,부천시,"경기도 부천시 원미구 소향로 203, 비동 109,110호 (중동, 메트로팰리스1)",경기도 부천시 원미구 중동 1152-3,37.50137986,126.7702346,110.88,,경기도 부천시 식품위생과,032-625-4328,2026-01-01
스타벅스부천플레이도시점,경기도,부천시,"경기도 부천시 원미구 조마루로 2 (상동,부천체육문화센타 스포츠센타동 F115호)",경기도 부천시 원미구 상동 572-1,37.49997006,126.7442354,125.85,,경기도 부천시 식품위생과,032-625-4328,2026-01-01
스위트빈,경기도,부천시,"경기도 부천시 원미구 송내대로 239 (상동,소풍 1F54호)",경기도 부천시 원미구 상동 539-1,37.5041458,126.7567065,5,,경기도 부천시 식품위생과,032-625-4328,2026-01-01
미소커피숍,경기도,부천시,"경기도 부천시 원미구 부천로40번길 26 (심곡동,지하1층일부)",경기도 부천시 원미구 심곡동 163-22,37.4876058,126.7849077,61.39,,경기도 부천시 식품위생과,032-625-4328,2026-01-01
에그드랍신중동점,경기도,부천시,"경기도 부천시 원미구 길주로 307 (중동,,로얄프라자 108호)","경기도 부천시 원미구 중동 1062-4 ,로얄프라자 108호",37.50350352,126.776760,49.85,,경기도 부천시 식품위생과,032-625-4328,2026-01-01
미스터 폴,경기도,부천시,"경기도 부천시 원미구 부천로47번길 56 (심곡동,,1층일부)","경기도 부천시 원미구 심곡동 420-38 ,1층일부",37.48907788,126.7798781,22.95,,경기도 부천시 식품위생과,032-625-4328,2026-01-01
할리스역곡역점,경기도,부천시,"경기도 부천시 원미구 부일로726번길 5 (역곡동,1층일부,2층)",경기도 부천시 원미구 역곡동 80,37.48537853,126.8104946,177.2,,경기도 부천시 식품위생과,032-625-4328,2026-01-01
베네부천워터파크점,경기도,부천시,"경기도 부천시 원미구 조마루로 2 (상동,부천체육문화센타 스포츠센타동 AD103,104,105호)",경기도 부천시 원미구 상동 572-1,37.49997006,126.7442354,141.08,,경기도 부천시 식품위생과,032-625-4328,2026-01-01
던킨도너츠점 웅진플레이도시점,경기도,부천시,"경기도 부천시 원미구 조마루로 2, 부천체육문화센타 스포츠센터동 104호 (상동)",경기도 부천시 원미구 상동 572-1,37.49997006,126.7442354,52.35,,경기도 부천시 식품위생과,032-625-4328,2026-01-01
카페아루,경기도,부천시,"경기도 부천시 원미구 상이로21번길 7-9, 1층 (상동)",경기도 부천시 원미구 상동 610-5,37.49008525,126.7439538,112.18,,경기도 부천시 식품위생과,032-625-4328,2026-01-01
디저트땡큐 부천점,경기도,부천시,"경기도 부천시 원미구 부일로 457 (심곡동,,12     지하1층,1층일부)","경기도 부천시 원미구 심곡동 382-11 ,12     지하1층,1층일부",37.48633475,126.780984,202.11,,경기도 부천시 식품위생과,032-625-4328,2026-01-01
투썸플레이스,경기도,부천시,"경기도 부천시 원미구 길주로 105 (상동,,6,7 드림모아빌딩 103호)","경기도 부천시 원미구 상동 535-5 ,6,7 드림모아빌딩 103호",37.50639109,126.7541356,167.98,,경기도 부천시 식품위생과,032-625-4328,2026-01-01
투썸플레이스 부천중동위브점,경기도,부천시,"경기도 부천시 원미구 신흥로 178 (중동,위브더스테이트 상가3동 110,111,112호)",경기도 부천시 원미구 중동 1109,37.49995794,126.7775997,194.99,,경기도 부천시 식품위생과,032-625-4328,2026-01-01
엔카페,경기도,부천시,"경기도 부천시 원미구 중동로254번길 110 (중동,,1층일부)","경기도 부천시 원미구 중동 1137-6 ,1층일부",37.50161439,126.7751992,109.31,,경기도 부천시 식품위생과,032-625-4328,2026-01-01
빈스빈스(BEANS BINS),경기도,부천시,"경기도 부천시 원미구 신흥로 190-1 (중동,(위브더스테이트 상가2동 111호))",경기도 부천시 원미구 중동 1107 (위브더스테이트 상가2동 111호),37.50097538,126.7779989,206.75,,경기도 부천시 식품위생과,032-625-4328,2026-01-01
테라커피 상동행복점,경기도,부천시,"경기도 부천시 원미구 소향로 25, 104호 (상동,서해프라자)",경기도 부천시 원미구 상동 546-6,37.50396434,126.7506606,41.07,,경기도 부천시 식품위생과,032-625-4328,2026-01-01
카페인스튜디오,경기도,부천시,"경기도 부천시 원미구 길주로 279, 101,102호 (중동,서호빌딩)",경기도 부천시 원미구 중동 1058-4,37.50383391,126.7738236,66.22,,경기도 부천시 식품위생과,032-625-4328,2026-01-01
(주)영우 롯데백화점중동점,경기도,부천시,"경기도 부천시 원미구 길주로 300 (중동,롯데백화점 지하3층 일부)",경기도 부천시 원미구 중동 1140,37.50254165,126.7753124,23.09,,경기도 부천시 식품위생과,032-625-4328,2026-01-01
이디야(부천송내점),경기도,부천시,"경기도 부천시 원미구 상일로94번길 35 (상동,현대프라자 101, 102호)",경기도 부천시 원미구 상동 411-1,37.49006275,126.7528519,42.92,,경기도 부천시 식품위생과,032-625-4328,2026-01-01
스타벅스 부천상동점,경기도,부천시,"경기도 부천시 원미구 상동로 87 (상동,가나베스트타운III(106,107,108호))",경기도 부천시 원미구 상동 544-4,37.50522295,126.7524151,158.51,,경기도 부천시 식품위생과,032-625-4328,2026-01-01
스타벅스 송내역점,경기도,부천시,"경기도 부천시 원미구 부일로 204 (상동,루치올라빌딩 101호, 201호)",경기도 부천시 원미구 상동 464,37.48834465,126.7526029,301.12,,경기도 부천시 식품위생과,032-625-4328,2026-01-01
카페홀릭,경기도,부천시,"경기도 부천시 원미구 부흥로 471-11 (소사동,,1층 일부)","경기도 부천시 원미구 소사동 5-48 ,1층 일부",37.48589382,126.791354,27.22,,경기도 부천시 식품위생과,032-625-4328,2026-01-01
동양찻집 송내점,경기도,부천시,"경기도 부천시 원미구 상일로122번길 46 (상동, 1층일부)",경기도 부천시 원미구 상동 456-3,37.48935153,126.7554189,87.77,,경기도 부천시 식품위생과,032-625-4328,2026-01-01
뉴데이,경기도,부천시,"경기도 부천시 원미구 지봉로34번길 31 (역곡동, 1층일부)",경기도 부천시 원미구 역곡동 36-22,37.48562894,126.8065573,34.01,,경기도 부천시 식품위생과,032-625-4328,2026-01-01
커피늘보,경기도,부천시,"경기도 부천시 원미구 상이로21번길 7-7, 1층 (상동)",경기도 부천시 원미구 상동 610-4,37.49021237,126.7439474,128.43,,경기도 부천시 식품위생과,032-625-4328,2026-01-01
할리스부천역점,경기도,부천시,"경기도 부천시 원미구 부일로 448, 110호 (심곡동, 프리존빌딩)",경기도 부천시 원미구 심곡동 383-8,37.48598087,126.7801804,103.8,,경기도 부천시 식품위생과,032-625-4328,2026-01-01
할리스부천역점1,경기도,부천시,"경기도 부천시 원미구 부일로 448, 204호 (심곡동, 프리존빌딩)",경기도 부천시 원미구 심곡동 383-8,37.48598087,126.7801804,431.39,,경기도 부천시 식품위생과,032-625-4328,2026-01-01
이디야부천북부역점,경기도,부천시,"경기도 부천시 원미구 부일로 457, 1층 일부 (심곡동)",경기도 부천시 원미구 심곡동 382-11,37.48633475,126.780984,123.27,,경기도 부천시 식품위생과,032-625-4328,2026-01-01
카페봄봄,경기도,부천시,"경기도 부천시 원미구 상일로 129, 1층 (상동, 부천지원)",경기도 부천시 원미구 상동 445-1,37.49190548,126.7575893,60.06,,경기도 부천시 식품위생과,032-625-4328,2026-01-01
베르코르커피숍,경기도,부천시,"경기도 부천시 원미구 조마루로97번길 34-2, 1층 (상동)",경기도 부천시 원미구 상동 562-8,37.50167845,126.7549022,81.85,,경기도 부천시 식품위생과,032-625-4328,2026-01-01
소미담부천상동점,경기도,부천시,"경기도 부천시 원미구 길주로 111, 101호 (상동, 센타프라자)",경기도 부천시 원미구 상동 535-8,37.50632759,126.7548849,43.89,,경기도 부천시 식품위생과,032-625-4328,2026-01-01
파스쿠찌부천소풍점,경기도,부천시,"경기도 부천시 원미구 송내대로 239 (상동, 소풍 2층 2F01-2호)",경기도 부천시 원미구 상동 539-1,37.5041458,126.7567065,89.2,,경기도 부천시 식품위생과,032-625-4328,2026-01-01
Cafe Part(카페파트),경기도,부천시,"경기도 부천시 원미구 부천로 47, 105호 (심곡동, 노마즈하우스)",경기도 부천시 원미구 심곡동 349-3,37.4887136,126.7832873,42.49,,경기도 부천시 식품위생과,032-625-4328,2026-01-01
투썸플레이스부천상동행복점,경기도,부천시,"경기도 부천시 원미구 상동로 75 (상동, 한빛프라자 103호, 201호)",경기도 부천시 원미구 상동 544-10,37.50404241,126.7523085,203.04,,경기도 부천시 식품위생과,032-625-4328,2026-01-01
두집커피,경기도,부천시,"경기도 부천시 원미구 상이로21번길 8-2 (상동, 1층 일부)",경기도 부천시 원미구 상동 609-6,37.4908053,126.7438953,21.09,,경기도 부천시 식품위생과,032-625-4328,2026-01-01
씨스카페(Shes Cafe),경기도,부천시,경기도 부천시 원미구 부흥로 268 (중동),경기도 부천시 원미구 중동 1208-7,37.49485318,126.7723856,11.88,,경기도 부천시 식품위생과,032-625-4328,2026-01-01
플로리안(Fllorian),경기도,부천시,"경기도 부천시 원미구 지봉로77번길 35, 101호 (역곡동, 부천동부센트레빌1단지 상가)",경기도 부천시 원미구 역곡동 409,37.48878306,126.8062629,58.45,,경기도 부천시 식품위생과,032-625-4328,2026-01-01
후니네작은카페,경기도,부천시,"경기도 부천시 원미구 신흥로275번길 42 (약대동, 외4필지 부천위브트레지움2단지아파트상가동 107호)",경기도 부천시 원미구 약대동 209,37.50906877,126.7727565,33.6,,경기도 부천시 식품위생과,032-625-4328,2026-01-01
커피테라스(coffee terrace),경기도,부천시,"경기도 부천시 원미구 석천로110번길 9 (중동, 2층)",경기도 부천시 원미구 중동 588-1,37.49722768,126.7620458,128.39,,경기도 부천시 식품위생과,032-625-4328,2026-01-01
공차부천상동역점,경기도,부천시,"경기도 부천시 원미구 길주로 105 (상동, 드림모아 106호)",경기도 부천시 원미구 상동 535-5,37.50639109,126.7541356,52.04,,경기도 부천시 식품위생과,032-625-4328,2026-01-01
빈웍스송내점,경기도,부천시,"경기도 부천시 원미구 부일로221번길 26 (상동, 삼원타운 106호)",경기도 부천시 원미구 상동 455,37.48951127,126.7551113,35.07,,경기도 부천시 식품위생과,032-625-4328,2026-01-01
에스트레노,경기도,부천시,"경기도 부천시 원미구 부천로 324 (도당동, 2층 일부)",경기도 부천시 원미구 도당동 81-4,37.51272195,126.7853672,19.48,,경기도 부천시 식품위생과,032-625-4328,2026-01-01
카페안젤로 부천성모병원점,경기도,부천시,"경기도 부천시 원미구 소사로 327 (소사동, 부천성모병원본관1층일부)",경기도 부천시 원미구 소사동 2,37.4874966,126.7930328,34.64,,경기도 부천시 식품위생과,032-625-4328,2026-01-01
커피마마,경기도,부천시,"경기도 부천시 원미구 부일로237번길 23 (상동, 107호)",경기도 부천시 원미구 상동 459-1,37.4894646,126.7564208,42.5,,경기도 부천시 식품위생과,032-625-4328,2026-01-01
스타벅스 부천시청역점,경기도,부천시,"경기도 부천시 원미구 길주로 181 (중동, 골든벨타워 102,103,104,110,111,112호)",경기도 부천시 원미구 중동 1031-2,37.50531366,126.7626341,312.09,,경기도 부천시 식품위생과,032-625-4328,2026-01-01
에이투썸플레이스,경기도,부천시,"경기도 부천시 원미구 석천로177번길 31 (중동, 1층일부, 2층일부)",경기도 부천시 원미구 중동 1167-2,37.50331789,126.7609589,366.72,,경기도 부천시 식품위생과,032-625-4328,2026-01-01
커피홀(coffee hole)역곡점,경기도,부천시,"경기도 부천시 원미구 지봉로115번길 29 (역곡동, 명성빌라 101호)",경기도 부천시 원미구 역곡동 98-17,37.48961714,126.811115,60.71,,경기도 부천시 식품위생과,032-625-4328,2026-01-01
커피하우스,경기도,부천시,"경기도 부천시 원미구 상동로 109 (상동, 상동프라자 101호)",경기도 부천시 원미구 상동 534-3,37.50711803,126.7529742,52.92,,경기도 부천시 식품위생과,032-625-4328,2026-01-01
스타벅스 부천중동점,경기도,부천시,"경기도 부천시 원미구 신흥로 161 (중동, 1층)",경기도 부천시 원미구 중동 1131-5,37.4980018,126.7770425,258.8,,경기도 부천시 식품위생과,032-625-4328,2026-01-01
이디야커피(EDIYA COFFEE)부천리첸시아점,경기도,부천시,"경기도 부천시 원미구 옥산로 7 (중동, 리첸시아중동, 1층, 115호)",경기도 부천시 원미구 중동 1116,37.49538812,126.7792269,103.27,,경기도 부천시 식품위생과,032-625-4328,2026-01-01
아날로그,경기도,부천시,"경기도 부천시 원미구 부일로 356 (중동, 1층, 일부)",경기도 부천시 원미구 중동 797,37.48760662,126.7697598,84.23,,경기도 부천시 식품위생과,032-625-4328,2026-01-01
세븐데이즈커피,경기도,부천시,"경기도 부천시 원미구 상일로 86 (상동, 투원21C빌딩 109호)",경기도 부천시 원미구 상동 400-1,37.49130765,126.7520253,48.95,,경기도 부천시 식품위생과,032-625-4328,2026-01-01
더착한커피중동점,경기도,부천시,"경기도 부천시 원미구 소향로 139 (중동, 대우마이빌 센트럴파크 203호,204호)",경기도 부천시 원미구 중동 1160-1,37.50228126,126.7634059,74.88,,경기도 부천시 식품위생과,032-625-4328,2026-01-01
하다,경기도,부천시,"경기도 부천시 원미구 송내대로74번길 23 (상동, 양지프라자 110호)",경기도 부천시 원미구 상동 452-4,37.49010233,126.7553717,17.62,,경기도 부천시 식품위생과,032-625-4328,2026-01-01
정동커피148,경기도,부천시,"경기도 부천시 원미구 중동로262번길 50 (중동, 뉴월드프라자, 1층, 104호)",경기도 부천시 원미구 중동 1147-3,37.50254959,126.7716059,20.77,,경기도 부천시 식품위생과,032-625-4328,2026-01-01
투썸플레이스,경기도,부천시,"경기도 부천시 원미구 부일로 202 (상동, 광희빌딩 202호)",경기도 부천시 원미구 상동 465-1,37.48836286,126.7522246,239.18,,경기도 부천시 식품위생과,032-625-4328,2026-01-01
코코케이크 부천직영점,경기도,부천시,"경기도 부천시 원미구 부일로 447 (심곡동, 1층일부)",경기도 부천시 원미구 심곡동 399-12,37.48645336,126.7798875,19.64,,경기도 부천시 식품위생과,032-625-4328,2026-01-01
설빙,경기도,부천시,"경기도 부천시 원미구 석천로177번길 20 (중동, 월드컵빌 201,202호)",경기도 부천시 원미구 중동 1163-12,37.50354588,126.761820,259,,경기도 부천시 식품위생과,032-625-4328,2026-01-01
투썸플레이스 부천중동역점,경기도,부천시,"경기도 부천시 원미구 부일로 322 (중동, 2층 전체)",경기도 부천시 원미구 중동 808,37.48816655,126.7657946,250.2,,경기도 부천시 식품위생과,032-625-4328,2026-01-01
커피마마부천역곡점,경기도,부천시,"경기도 부천시 원미구 부일로779번길 29, 1층 (역곡동)",경기도 부천시 원미구 역곡동 201-27,37.48894887,126.8149301,76.36,,경기도 부천시 식품위생과,032-625-4328,2026-01-01
더카페부천뉴코아1층점,경기도,부천시,"경기도 부천시 원미구 송내대로 239 (상동, 1108,1180-1호)",경기도 부천시 원미구 상동 539-1,37.5041458,126.7567065,17.58,,경기도 부천시 식품위생과,032-625-4328,2026-01-01
아즈텍PC방,경기도,부천시,"경기도 부천시 원미구 소향로 241 (중동, 제일프라자 302호일부)",경기도 부천시 원미구 중동 1135-1,37.50079431,126.7746367,9.07,,경기도 부천시 식품위생과,032-625-4328,2026-01-01
감성커피부천소사점,경기도,부천시,"경기도 부천시 원미구 부일로571번길 45-2 (소사동, 1층일부)",경기도 부천시 원미구 소사동 9-1,37.48579062,126.7919424,12.69,,경기도 부천시 식품위생과,032-625-4328,2026-01-01
주식회사얼스베이커리,경기도,부천시,"경기도 부천시 원미구 부일로 119, 미노스프라자 1층 105호 (상동)",경기도 부천시 원미구 상동 615-6,37.48900008,126.7432063,39.52,,경기도 부천시 식품위생과,032-625-4328,2026-01-01
우리놋,경기도,부천시,"경기도 부천시 원미구 길주로 246, 부천중동리슈빌엔클래스 313호 일부 (중동)",경기도 부천시 원미구 중동 1149,37.503308,126.7696268,50.22,,경기도 부천시 식품위생과,032-625-4328,2026-01-01
빽다방 부천상동하얀마을점,경기도,부천시,"경기도 부천시 원미구 조마루로85번길 7-7, 1층 일부 (상동)",경기도 부천시 원미구 상동 556-3,37.50071364,126.7527768,30.75,,경기도 부천시 식품위생과,032-625-4328,2026-01-01
컴포즈부천심곡대성점,경기도,부천시,"경기도 부천시 원미구 부천로 80, 풍산메디칼프라자 1층 103호 (심곡동)",경기도 부천시 원미구 심곡동 120-22,37.49135216,126.7846457,43.58,,경기도 부천시 식품위생과,032-625-4328,2026-01-01
비니유케이크,경기도,부천시,"경기도 부천시 원미구 소향로 55-15, 승재밀레니엄오피스텔 1층 120호 (상동)",경기도 부천시 원미구 상동 543-1,37.50394009,126.7536595,31.82,,경기도 부천시 식품위생과,032-625-4328,2026-01-01
캠퍼스파트너스(주)다방가톨릭대 김수환관점,경기도,부천시,"경기도 부천시 원미구 지봉로 43, 가톨릭대학교 성심교정150주년기념관 및 성심국제문화연수원(15동)김수환관 지1층 일부호 (역곡동)",경기도 부천시 원미구 역곡동 산 43-1,37.48753137,126.7986015,16.45,,경기도 부천시 식품위생과,032-625-4328,2026-01-01
캠퍼스파트너스(주)다방가톨릭대 학생식당점,경기도,부천시,"경기도 부천시 원미구 지봉로 43, 가톨릭대학교 성심교정소피이바라관(1동) 2층 일부호 (역곡동)",경기도 부천시 원미구 역곡동 산 43-1,37.48753137,126.7986015,15.36,,경기도 부천시 식품위생과,032-625-4328,2026-01-01
베이루아,경기도,부천시,"경기도 부천시 원미구 길주로 87, 에이플러스 1층 104호 (상동)",경기도 부천시 원미구 상동 534-8,37.50633626,126.7519601,69,,경기도 부천시 식품위생과,032-625-4328,2026-01-01
소식,경기도,부천시,"경기도 부천시 원미구 부일로380번길 15-1, 1층 일부호 (중동)",경기도 부천시 원미구 중동 793-6,37.48677936,126.7726677,24.08,,경기도 부천시 식품위생과,032-625-4328,2026-01-01
더벤티 부천원미점,경기도,부천시,"경기도 부천시 원미구 원미로 123-5, 1층 101호 (원미동, 미성플로체)",경기도 부천시 원미구 원미동 95-12,37.49357163,126.7909305,32,,경기도 부천시 식품위생과,032-625-4328,2026-01-01
스타벅스부천상동DT,경기도,부천시,"경기도 부천시 원미구 평천로 611, 1층, 2층호 (상동)",경기도 부천시 원미구 상동 499-10,37.51569239,126.7585851,228.33,,경기도 부천시 식품위생과,032-625-4328,2026-01-01
쓰리엑스라지커피,경기도,부천시,"경기도 부천시 원미구 옥산로 234, Autosigma빌딩별관 1층 일부호 (도당동)",경기도 부천시 원미구 도당동 158-4,37.51454794,126.7806206,29.2,,경기도 부천시 식품위생과,032-625-4328,2026-01-01
배이커,경기도,부천시,"경기도 부천시 원미구 조마루로97번길 33-5, 1층 (상동)",경기도 부천시 원미구 상동 562-5,37.5017279,126.7545452,90.91,,경기도 부천시 식품위생과,032-625-4328,2026-01-01
바리커피,경기도,부천시,"경기도 부천시 원미구 도약로 144, 덕유마을 상가동 104호 (중동)",경기도 부천시 원미구 중동 1041,37.51042037,126.7654347,37.41,,경기도 부천시 식품위생과,032-625-4328,2026-01-01
메가엠지씨커피부천진달래마을점,경기도,부천시,"경기도 부천시 원미구 길주로 137, 그린힐 112호 (상동)",경기도 부천시 원미구 상동 538-4,37.506109,126.7576775,84.82,,경기도 부천시 식품위생과,032-625-4328,2026-01-01
(주)제이엔에스코리아-러쉬,경기도,부천시,"경기도 부천시 원미구 조마루로 2, 부천체육문화센타 401호 일부호 (상동)",경기도 부천시 원미구 상동 572-1,37.49997006,126.7442354,8.6,,경기도 부천시 식품위생과,032-625-4328,2026-01-01
북앤드로잉,경기도,부천시,"경기도 부천시 원미구 부천로197번길 58, 1층 일부 (춘의동)",경기도 부천시 원미구 춘의동 184-6,37.50145062,126.7836103,24.5,,경기도 부천시 식품위생과,032-625-4328,2026-01-01
컴포즈커피 부천번영사거리점,경기도,부천시,"경기도 부천시 원미구 부흥로315번길 69, 1층 일부 (중동)",경기도 부천시 원미구 중동 1127,37.49752204,126.7766754,77.88,,경기도 부천시 식품위생과,032-625-4328,2026-01-01
우지커피 부천원미사거리점,경기도,부천시,"경기도 부천시 원미구 원미로 118, 1층 전부호 (원미동)",경기도 부천시 원미구 원미동 94-11,37.49318604,126.7912563,81.7,,경기도 부천시 식품위생과,032-625-4328,2026-01-01
청개구리,경기도,부천시,"경기도 부천시 원미구 부천로3번길 27, 1층 일부 (심곡동)",경기도 부천시 원미구 심곡동 173-9,37.4847138,126.7813015,40.4,,경기도 부천시 식품위생과,032-625-4328,2026-01-01
매머드커피부천역점,경기도,부천시,"경기도 부천시 원미구 부일로 464, 태강캐슬 103호 일부 (심곡동)",경기도 부천시 원미구 심곡동 175-11,37.48571921,126.7817528,50,,경기도 부천시 식품위생과,032-625-4328,2026-01-01
수뵈르(SuBeurre),경기도,부천시,"경기도 부천시 원미구 상동로 90, 메가플러스 137호 (상동)",경기도 부천시 원미구 상동 541-1,37.50513416,126.7537319,36.48,,경기도 부천시 식품위생과,032-625-4328,2026-01-01
카페인중독부천도당점,경기도,부천시,"경기도 부천시 원미구 부천로366번길 86, 1층 105호 (도당동, 베네스트로즈)",경기도 부천시 원미구 도당동 51-3,37.51649629,126.7894747,44.3,,경기도 부천시 식품위생과,032-625-4328,2026-01-01
포엑스엘커피부천원미점,경기도,부천시,"경기도 부천시 원미구 원미로 195, 정담캐슬 1층 101호 (원미동)",경기도 부천시 원미구 원미동 4-13,37.50000028,126.7928606,42.24,,경기도 부천시 식품위생과,032-625-4328,2026-01-01
테라커피 중동로데오점,경기도,부천시,"경기도 부천시 원미구 중동로248번길 124, 중앙프라자2차 104호 (중동)",경기도 부천시 원미구 중동 1136-4,37.50101749,126.7757243,29.23,,경기도 부천시 식품위생과,032-625-4328,2026-01-01
테라커피 역곡북부역점,경기도,부천시,"경기도 부천시 원미구 역곡로 23, 1층 101호 (역곡동)",경기도 부천시 원미구 역곡동 74-142,37.48738287,126.8106903,32.94,,경기도 부천시 식품위생과,032-625-4328,2026-01-01
컴포즈커피 부천원미사거리점,경기도,부천시,"경기도 부천시 원미구 원미로 130, 1층 일부호 (원미동)",경기도 부천시 원미구 원미동 94-1,37.49415001,126.7914535,25.91,,경기도 부천시 식품위생과,032-625-4328,2026-01-01
메가엠지씨커피 부천시청역점,경기도,부천시,"경기도 부천시 원미구 길주로 199, 굿모닝프라자 109호 (중동)",경기도 부천시 원미구 중동 1033-3,37.50504166,126.7647134,48.35,,경기도 부천시 식품위생과,032-625-4328,2026-01-01
(주)더블루 아이갓에브리씽 부천우체국점,경기도,부천시,"경기도 부천시 원미구 소향로 103, 부천우체국 1층 일부 (중동)",경기도 부천시 원미구 중동 1169-2,37.50292677,126.7594061,64.42,,경기도 부천시 식품위생과,032-625-4328,2026-01-01
트리플A커피(신중동역점),경기도,부천시,"경기도 부천시 원미구 신흥로 223, 신중동역 랜드마크 푸르지오 시티 지1층 130호 (중동)",경기도 부천시 원미구 중동 1059,37.50473228,126.7752065,19.57,,경기도 부천시 식품위생과,032-625-4328,2026-01-01
리쥬빌(leejubiel),경기도,부천시,"경기도 부천시 원미구 신흥로 140, 위브더스테이트 상가9동 2층 212호 (중동)",경기도 부천시 원미구 중동 1114,37.49650495,126.7785218,44,,경기도 부천시 식품위생과,032-625-4328,2026-01-01
THE LITER(더리터),경기도,부천시,"경기도 부천시 원미구 길주로 234, 203동 1028호 (중동, 힐스테이트 중동)",경기도 부천시 원미구 중동 1301,37.50327968,126.7681417,45.2,,경기도 부천시 식품위생과,032-625-4328,2026-01-01
카페토브(CAFE TOV)부천시청점,경기도,부천시,"경기도 부천시 원미구 소향로 181, 상가동 185호 (중동, 센트럴파크 푸르지오)",경기도 부천시 원미구 중동 1300,37.50207012,126.7679276,53.29,,경기도 부천시 식품위생과,032-625-4328,2026-01-01
메가엠지씨커피 신중동역사거리점,경기도,부천시,"경기도 부천시 원미구 길주로 307, 로얄프라자 101호 (중동)",경기도 부천시 원미구 중동 1062-4,37.50350352,126.776760,50.74,,경기도 부천시 식품위생과,032-625-4328,2026-01-01
메종플레장,경기도,부천시,"경기도 부천시 원미구 길주로 180, 현대백화점 중동점 백화점동 7층 일부호 (중동)",경기도 부천시 원미구 중동 1164-1,37.50431803,126.7620841,62.02,,경기도 부천시 식품위생과,032-625-4328,2026-01-01
디저트39 부천송내역점,경기도,부천시,"경기도 부천시 원미구 부일로199번길 21, 황금프라자빌딩 103,104,105호 (상동)",경기도 부천시 원미구 상동 414-1,37.48941506,126.7518378,107.8,,경기도 부천시 식품위생과,032-625-4328,2026-01-01
플뤼(PLUIE),경기도,부천시,"경기도 부천시 원미구 송내대로265번길 23, 예성프라자 101호 일부 (상동)",경기도 부천시 원미구 상동 537-5,37.50693854,126.7573594,27.3,,경기도 부천시 식품위생과,032-625-4328,2026-01-01
텐퍼센트,경기도,부천시,"경기도 부천시 원미구 상일로 140, 상동 대우마이빌 107호 (상동)",경기도 부천시 원미구 상동 442-1,37.49085191,126.7577939,38.4,,경기도 부천시 식품위생과,032-625-4328,2026-01-01
카페풍경,경기도,부천시,"경기도 부천시 원미구 계남로295번나길 23-10, 1층 일부호 (춘의동)",경기도 부천시 원미구 춘의동 128-16,37.50521687,126.782509,19.79,,경기도 부천시 식품위생과,032-625-4328,2026-01-01
토스테리아앤커피,경기도,부천시,"경기도 부천시 원미구 상동로 13, 백송마을 상가동 104호 (상동)",경기도 부천시 원미구 상동 571-4,37.49904982,126.7495998,25.61,,경기도 부천시 식품위생과,032-625-4328,2026-01-01
My카페(마이카페),경기도,부천시,"경기도 부천시 원미구 장말로 247, 지하 1층 일부호 (중동)",경기도 부천시 원미구 중동 775-18,37.4922209,126.7695512,23.49,,경기도 부천시 식품위생과,032-625-4328,2026-01-01
하삼동커피부천상동점,경기도,부천시,"경기도 부천시 원미구 상동로 105, 현해프라자 106호 (상동)",경기도 부천시 원미구 상동 534-5,37.50669242,126.7528141,47.5,,경기도 부천시 식품위생과,032-625-4328,2026-01-01
업타운커피(uptown coffee),경기도,부천시,"경기도 부천시 원미구 조마루로85번길 7-90, 1층 (상동)",경기도 부천시 원미구 상동 554-14,37.50179644,126.7527615,128.44,,경기도 부천시 식품위생과,032-625-4328,2026-01-01
띵킹어게인(Thinking Again),경기도,부천시,"경기도 부천시 원미구 조마루로97번길 26-9, 1층 (상동)",경기도 부천시 원미구 상동 562-12,37.5014891,126.7553136,86.93,,경기도 부천시 식품위생과,032-625-4328,2026-01-01
우지커피 부천중동점,경기도,부천시,"경기도 부천시 원미구 중동로 155, 태양프라자 1층 일부호 (중동)",경기도 부천시 원미구 중동 750,37.49376021,126.7668576,34.4,,경기도 부천시 식품위생과,032-625-4328,2026-01-01
만랩커피 신중동역점,경기도,부천시,"경기도 부천시 원미구 중동로248번길 105, 조이럭타운 102호 (중동)",경기도 부천시 원미구 중동 1138-1,37.50126309,126.7746756,28.62,,경기도 부천시 식품위생과,032-625-4328,2026-01-01
투고다운타운,경기도,부천시,"경기도 부천시 원미구 부천로47번길 45, 1층 일부 (심곡동)",경기도 부천시 원미구 심곡동 410-1,37.48884073,126.7805067,22.4,,경기도 부천시 식품위생과,032-625-4328,2026-01-01
판타지아커튼블라인드/커피부천점,경기도,부천시,"경기도 부천시 원미구 신흥로 22, 111 일부호 (심곡동, 스카이파크)",경기도 부천시 원미구 심곡동 464-6,37.48580363,126.7769963,22.85,,경기도 부천시 식품위생과,032-625-4328,2026-01-01
진심카스테라부천점,경기도,부천시,"경기도 부천시 원미구 길주로 209, 솔라리움B동 102호 (중동)",경기도 부천시 원미구 중동 1034-1,37.50488096,126.7658649,26.56,,경기도 부천시 식품위생과,032-625-4328,2026-01-01
포트캔커피 춘의역점,경기도,부천시,"경기도 부천시 원미구 계남로 327, 1층 일부 (춘의동)",경기도 부천시 원미구 춘의동 178-27,37.50186233,126.7828943,45.11,,경기도 부천시 식품위생과,032-625-4328,2026-01-01
매머드 익스프레스 부천도당공단점,경기도,부천시,"경기도 부천시 원미구 평천로832번길 50, 1층 일부 (도당동)",경기도 부천시 원미구 도당동 96-8,37.51284071,126.7837065,66.7,,경기도 부천시 식품위생과,032-625-4328,2026-01-01
타베르네커피,경기도,부천시,"경기도 부천시 원미구 부일로 366, 2층 (중동)",경기도 부천시 원미구 중동 796-2,37.48746994,126.7707324,164,,경기도 부천시 식품위생과,032-625-4328,2026-01-01
드림인아크(DreamInArk),경기도,부천시,"경기도 부천시 원미구 신흥로 45, 3층 일부 (심곡동)",경기도 부천시 원미구 심곡동 348-33,37.48773976,126.7767837,55.4,,경기도 부천시 식품위생과,032-625-4328,2026-01-01
마실,경기도,부천시,"경기도 부천시 원미구 길주로 177, 중동 에스티마 오피스텔 101호 (중동)",경기도 부천시 원미구 중동 1031-1,37.50538661,126.7623064,31.96,,경기도 부천시 식품위생과,032-625-4328,2026-01-01
꾸수운,경기도,부천시,"경기도 부천시 원미구 부일로 294-11, 2층 (상동)",경기도 부천시 원미구 상동 325-18,37.48791062,126.7627882,61.54,,경기도 부천시 식품위생과,032-625-4328,2026-01-01
컵오브커피원미2동점,경기도,부천시,"경기도 부천시 원미구 원미로97번길 11, 102호,108호 (원미동)",경기도 부천시 원미구 원미동 181-2,37.49130402,126.7900393,50.13,,경기도 부천시 식품위생과,032-625-4328,2026-01-01
세움소카페,경기도,부천시,"경기도 부천시 원미구 길주로77번길 19-45, 디아뜨갤러리4 109호, 110호 (상동)",경기도 부천시 원미구 상동 530-1,37.50768255,126.749403,135.55,,경기도 부천시 식품위생과,032-625-4328,2026-01-01
디저트인(DESSERT IN),경기도,부천시,"경기도 부천시 원미구 상동로 84, 영플러스 109호 (상동)",경기도 부천시 원미구 상동 542-1,37.5045106,126.7534856,36.86,,경기도 부천시 식품위생과,032-625-4328,2026-01-01
리에또,경기도,부천시,"경기도 부천시 원미구 석천로 328-10, 1층 일부호 (약대동)",경기도 부천시 원미구 약대동 182-9,37.51631344,126.7651918,39.89,,경기도 부천시 식품위생과,032-625-4328,2026-01-01
웰빙s(웰빙스),경기도,부천시,"경기도 부천시 원미구 부천로366번길 104, 2층 일부호 (도당동)",경기도 부천시 원미구 도당동 70,37.51657944,126.7905488,55.2,,경기도 부천시 식품위생과,032-625-4328,2026-01-01
메가엠지씨커피 부천조마루사거리점,경기도,부천시,"경기도 부천시 원미구 부천로 152, 1층 102,103호 (원미동, 원미 에스포레 아파트)",경기도 부천시 원미구 원미동 72-3,37.49778628,126.7861562,62.89,,경기도 부천시 식품위생과,032-625-4328,2026-01-01
영커피 부천신중동점,경기도,부천시,"경기도 부천시 원미구 길주로 276, 무광오피스빌딩 110호 일부 (중동)",경기도 부천시 원미구 중동 1141-1,37.50295807,126.7728507,32.84,,경기도 부천시 식품위생과,032-625-4328,2026-01-01
카페(cafe)드샌,경기도,부천시,"경기도 부천시 원미구 조마루로385번길 63, 웰유듀플렉스 102호 (춘의동)",경기도 부천시 원미구 춘의동 204-4,37.50022455,126.7879398,31.35,,경기도 부천시 식품위생과,032-625-4328,2026-01-01
카페바나당,경기도,부천시,"경기도 부천시 원미구 지봉로 45, 2층 (역곡동)",경기도 부천시 원미구 역곡동 29-19,37.48619373,126.8047159,79.98,,경기도 부천시 식품위생과,032-625-4328,2026-01-01
컴포즈커피 부천춘의디아크원점,경기도,부천시,"경기도 부천시 원미구 길주로411번길 20, 춘의 디아크원 106호 (춘의동)",경기도 부천시 원미구 춘의동 73-1,37.50497116,126.7876561,44.46,,경기도 부천시 식품위생과,032-625-4328,2026-01-01
투데이마이샌드(TODAY MY SAND),경기도,부천시,"경기도 부천시 원미구 길주로 262, 이안 더 클래식 108호 (중동)",경기도 부천시 원미구 중동 1148,37.50306837,126.7714119,34.31,,경기도 부천시 식품위생과,032-625-4328,2026-01-01
공간카페(cafe space),경기도,부천시,"경기도 부천시 원미구 도약로 215, 1층 일부호 (약대동)",경기도 부천시 원미구 약대동 169-84,37.5106269,126.7735702,25.04,,경기도 부천시 식품위생과,032-625-4328,2026-01-01
모알보알,경기도,부천시,"경기도 부천시 원미구 부흥로356번길 29, 1층 일부 (심곡동)",경기도 부천시 원미구 심곡동 369-19,37.49152071,126.7813943,25.83,,경기도 부천시 식품위생과,032-625-4328,2026-01-01
우지커피 부천신중동역점,경기도,부천시,"경기도 부천시 원미구 신흥로 223, 신중동역 랜드마크 푸르지오 시티 지1층 B129호 (중동)",경기도 부천시 원미구 중동 1059,37.50473228,126.7752065,34.93,,경기도 부천시 식품위생과,032-625-4328,2026-01-01
테라커피 중동센트럴파크점,경기도,부천시,"경기도 부천시 원미구 소향로 181, 상가동 104호 (중동, 센트럴파크 푸르지오)",경기도 부천시 원미구 중동 1300,37.50207012,126.7679276,47.5,,경기도 부천시 식품위생과,032-625-4328,2026-01-01
고망고부천상동점,경기도,부천시,"경기도 부천시 원미구 상동로 109, 상동프라자 116호 (상동)",경기도 부천시 원미구 상동 534-3,37.50711803,126.7529742,46.8,,경기도 부천시 식품위생과,032-625-4328,2026-01-01
텐퍼센트커피(TENPERCENT COFFEE) 부천중동로데오점,경기도,부천시,"경기도 부천시 원미구 중동로248번길 119, 양지프라자 104호 (중동)",경기도 부천시 원미구 중동 1137-4,37.5012884,126.7752905,30,,경기도 부천시 식품위생과,032-625-4328,2026-01-01
빽다방 부천역곡역북부점,경기도,부천시,"경기도 부천시 원미구 부일로 753, 로하스타워 1층 103호 (역곡동)",경기도 부천시 원미구 역곡동 111-9,37.48666483,126.8132787,49.53,,경기도 부천시 식품위생과,032-625-4328,2026-01-01
카페이뚜(Cafe itu),경기도,부천시,"경기도 부천시 원미구 길주로 234, 힐스테이트 중동 203동 1061호 (중동, 힐스테이트 중동)",경기도 부천시 원미구 중동 1301,37.50327968,126.7681417,38.7,,경기도 부천시 식품위생과,032-625-4328,2026-01-01
메이크 샌드,경기도,부천시,"경기도 부천시 원미구 신흥로 190, 위브더스테이트 상가1동 1층 109호 (중동)",경기도 부천시 원미구 중동 1106,37.50126977,126.7772505,39.67,,경기도 부천시 식품위생과,032-625-4328,2026-01-01
띵크프룻,경기도,부천시,"경기도 부천시 원미구 신흥로 170-1, 위브더스테이트 상가6동 126호 (중동)",경기도 부천시 원미구 중동 1111,37.49874222,126.7786109,80.35,,경기도 부천시 식품위생과,032-625-4328,2026-01-01
고매당,경기도,부천시,"경기도 부천시 원미구 조마루로 396, 1층 일부호 (원미동)",경기도 부천시 원미구 원미동 67-1,37.4975744,126.7877262,21.82,,경기도 부천시 식품위생과,032-625-4328,2026-01-01
천씨씨부천대점,경기도,부천시,"경기도 부천시 원미구 부일로405번길 38, 1층일부 (심곡동)",경기도 부천시 원미구 심곡동 343,37.48859688,126.7757374,80.48,,경기도 부천시 식품위생과,032-625-4328,2026-01-01
스타벅스부천상일로점,경기도,부천시,"경기도 부천시 원미구 상일로 120, 송내리더스텔 1층 101호 일부호 (상동)",경기도 부천시 원미구 상동 447,37.49112979,126.7556122,276.64,,경기도 부천시 식품위생과,032-625-4328,2026-01-01
소풍가는날,경기도,부천시,"경기도 부천시 원미구 송내대로 239, 소풍(부천터미널) 3F53호 (상동)",경기도 부천시 원미구 상동 539-1,37.5041458,126.7567065,5,,경기도 부천시 식품위생과,032-625-4328,2026-01-01
컴포즈커피상동라일락점,경기도,부천시,"경기도 부천시 원미구 도약로 37-1, 1층 일부 (상동)",경기도 부천시 원미구 상동 524-3,37.51252714,126.7537265,99.67,,경기도 부천시 식품위생과,032-625-4328,2026-01-01
카페나인,경기도,부천시,"경기도 부천시 원미구 부천로122번길 9, 1층 일부호 (원미동)",경기도 부천시 원미구 원미동 91-6,37.49520597,126.785803,23.06,,경기도 부천시 식품위생과,032-625-4328,2026-01-01
카페카라멜,경기도,부천시,"경기도 부천시 원미구 부일로763번길 35, 역곡동 109-5 제1종근린생활시설 1층 일부호 (역곡동)",경기도 부천시 원미구 역곡동 109-5,37.48823348,126.8133342,34.98,,경기도 부천시 식품위생과,032-625-4328,2026-01-01
읍천리382 부천역곡점,경기도,부천시,"경기도 부천시 원미구 부일로 712, 조양시티프라자 1층 일부호 (역곡동)",경기도 부천시 원미구 역곡동 49-5,37.48483404,126.8089164,68.15,,경기도 부천시 식품위생과,032-625-4328,2026-01-01
컴포즈커피부천팰리스카운티점,경기도,부천시,"경기도 부천시 원미구 중동로 100, 팰리스카운티 아이파크상가 1층 108호 (중동)",경기도 부천시 원미구 중동 1289,37.49087326,126.7669763,35.02,,경기도 부천시 식품위생과,032-625-4328,2026-01-01
컴포즈커피부천대점,경기도,부천시,"경기도 부천시 원미구 부일로445번길 45, 1층일부 (심곡동)",경기도 부천시 원미구 심곡동 407-1,37.48835333,126.7794154,69.13,,경기도 부천시 식품위생과,032-625-4328,2026-01-01
메가엠지씨커피심곡성당점,경기도,부천시,"경기도 부천시 원미구 심중로68번길 37, 1층 (심곡동)",경기도 부천시 원미구 심곡동 336-32,37.48908583,126.7739235,69.03,,경기도 부천시 식품위생과,032-625-4328,2026-01-01
코너73(corner73),경기도,부천시,"경기도 부천시 원미구 부흥로351번길 24, 1층 (심곡동)",경기도 부천시 원미구 심곡동 73,37.49396636,126.7816661,50.02,,경기도 부천시 식품위생과,032-625-4328,2026-01-01
정다운카페,경기도,부천시,"경기도 부천시 원미구 부일로 773, 101호 (역곡동, 지호팰리스)",경기도 부천시 원미구 역곡동 114-29,37.48753259,126.8151152,24.15,,경기도 부천시 식품위생과,032-625-4328,2026-01-01
토리상점,경기도,부천시,"경기도 부천시 원미구 길주로 680, 부천자연생태공원 내 매점동 1층 (춘의동)",경기도 부천시 원미구 춘의동 산 80,37.50362829,126.8202088,41.7,,경기도 부천시 식품위생과,032-625-4328,2026-01-01
공차 이마트중동점,경기도,부천시,경기도 부천시 원미구 석천로 188 (주)신세계이마트중동점 1층 일부호 (중동),경기도 부천시 원미구 중동 1157 (주)신세계이마트중동점 1층일부호,37.50406471,126.7639493,9.43,,경기도 부천시 식품위생과,032-625-4328,2026-01-01
더이브릭,경기도,부천시,"경기도 부천시 원미구 석천로177번길 11, 제이클래스중동 1층 108호 (중동)",경기도 부천시 원미구 중동 1162-2,37.50304794,126.762068,30.78,,경기도 부천시 식품위생과,032-625-4328,2026-01-01
알리TOGO스타커피부천시청역점,경기도,부천시,"경기도 부천시 원미구 석천로177번길 29, 뉴월드프라자 1층 102호 일부호 (중동)",경기도 부천시 원미구 중동 1162,37.50325838,126.7613819,45.88,,경기도 부천시 식품위생과,032-625-4328,2026-01-01
메가엠지씨커피 부천보건소점,경기도,부천시,"경기도 부천시 원미구 부흥로 339, 1층 1-105호,1-106호 (중동, 부천 중동 스타팰리움)",경기도 부천시 원미구 중동 1118-1,37.49420258,126.780246,54.41,,경기도 부천시 식품위생과,032-625-4328,2026-01-01
카페게이트 부천상동점,경기도,부천시,"경기도 부천시 원미구 부일로 289, 1층 일부 (상동)",경기도 부천시 원미구 상동 318-13,37.48852721,126.7622656,65.35,,경기도 부천시 식품위생과,032-625-4328,2026-01-01
엘림디저트,경기도,부천시,"경기도 부천시 원미구 중동로161번길 40, 3층 일부호 (중동)",경기도 부천시 원미구 중동 723-6,37.49456816,126.764868,45.05,,경기도 부천시 식품위생과,032-625-4328,2026-01-01
주식회사 온더짐,경기도,부천시,"경기도 부천시 원미구 석천로 176, 이원빌딩 6층일부 (중동)",경기도 부천시 원미구 중동 1159,37.50304548,126.7631297,50.82,,경기도 부천시 식품위생과,032-625-4328,2026-01-01
매머드 익스프레스 상동역4번출구점,경기도,부천시,"경기도 부천시 원미구 길주로 86, 해피플러스 1층 106호 (상동)",경기도 부천시 원미구 상동 544-3,37.5052449,126.7519294,49.2,,경기도 부천시 식품위생과,032-625-4328,2026-01-01
빽다방 부천춘의점,경기도,부천시,"경기도 부천시 원미구 부천로198번길 27, 서림테크노파크I 110호 일부호 (춘의동)",경기도 부천시 원미구 춘의동 165-1,37.5023406,126.7880633,55.16,,경기도 부천시 식품위생과,032-625-4328,2026-01-01
(주)테라커피중동현대점,경기도,부천시,"경기도 부천시 원미구 소향로 111, 디아뜨 1 106호일부 (중동)",경기도 부천시 원미구 중동 1168,37.5027003,126.760045,29.72,,경기도 부천시 식품위생과,032-625-4328,2026-01-01
레이니르,경기도,부천시,"경기도 부천시 원미구 조마루로97번길 17-4, 1층 (상동)",경기도 부천시 원미구 상동 561-17,37.50122736,126.754444,125.83,,경기도 부천시 식품위생과,032-625-4328,2026-01-01
스윗쿠,경기도,부천시,"경기도 부천시 원미구 도약로221번길 47 (약대동, 백운빌리지)",경기도 부천시 원미구 약대동 172-1,37.51264237,126.7742394,17.2,,경기도 부천시 식품위생과,032-625-4328,2026-01-01
이탈리-QSR,경기도,부천시,"경기도 부천시 원미구 길주로 180, 현대백화점 중동점 백화점동 지하1층일부 (중동)",경기도 부천시 원미구 중동 1164-1,37.50431803,126.7620841,28.35,,경기도 부천시 식품위생과,032-625-4328,2026-01-01
달쥬과일상점 부천51호점,경기도,부천시,"경기도 부천시 원미구 신흥로53번길 42, 101호 (심곡동, 중앙리더스빌)",경기도 부천시 원미구 심곡동 339-26,37.48902239,126.7749095,26.45,,경기도 부천시 식품위생과,032-625-4328,2026-01-01
카페온넬라(onnela),경기도,부천시,"경기도 부천시 원미구 상이로51번길 19, 1층 (상동)",경기도 부천시 원미구 상동 597-5,37.49323789,126.7429286,77.6,,경기도 부천시 식품위생과,032-625-4328,2026-01-01
요거트필드앤커피,경기도,부천시,"경기도 부천시 원미구 부천로47번길 9, 중앙자유시장 1층 53호 (심곡동)",경기도 부천시 원미구 심곡동 194,37.48837232,126.7823662,16.7,,경기도 부천시 식품위생과,032-625-4328,2026-01-01
더벤티(도당점),경기도,부천시,"경기도 부천시 원미구 수도로 186, 1층 일부 (도당동)",경기도 부천시 원미구 도당동 42-3,37.51897439,126.7859241,33,,경기도 부천시 식품위생과,032-625-4328,2026-01-01
빽다방 부천역점,경기도,부천시,"경기도 부천시 원미구 부천로 4-1, 1층 (심곡동)",경기도 부천시 원미구 심곡동 172-14,37.48464958,126.7834655,77.53,,경기도 부천시 식품위생과,032-625-4328,2026-01-01
텐퍼센트커피 부천은하마을점,경기도,부천시,"경기도 부천시 원미구 길주로 205, 솔라리움A동 107호 (중동)",경기도 부천시 원미구 중동 1034,37.50494219,126.7653888,33.48,,경기도 부천시 식품위생과,032-625-4328,2026-01-01
커피마당,경기도,부천시,"경기도 부천시 원미구 상일로 140, 상동 대우마이빌 117호 (상동)",경기도 부천시 원미구 상동 442-1,37.49085191,126.7577939,37.83,,경기도 부천시 식품위생과,032-625-4328,2026-01-01
텐퍼센트커피,경기도,부천시,"경기도 부천시 원미구 소향로 35, 월드 프라자 105호 (상동)",경기도 부천시 원미구 상동 546-10,37.50383082,126.751606,42.12,,경기도 부천시 식품위생과,032-625-4328,2026-01-01
플러스82 부천상동점,경기도,부천시,"경기도 부천시 원미구 소향로 13, 태영메디칼 108호 (상동)",경기도 부천시 원미구 상동 546-1,37.50411899,126.7493988,36.67,,경기도 부천시 식품위생과,032-625-4328,2026-01-01
스페셜티 커피랩,경기도,부천시,"경기도 부천시 원미구 석천로 15, 홀트빌딩 1층일부 (상동)",경기도 부천시 원미구 상동 432-2,37.48896893,126.7596631,9.84,,경기도 부천시 식품위생과,032-625-4328,2026-01-01
카페게이트 부천시청점,경기도,부천시,"경기도 부천시 원미구 소향로 181, 상가동 1층 177호 (중동, 센트럴파크 푸르지오)",경기도 부천시 원미구 중동 1300,37.50207012,126.7679276,53.1,,경기도 부천시 식품위생과,032-625-4328,2026-01-01
히카리케이크,경기도,부천시,"경기도 부천시 원미구 부천로47번길 38, 1층 일부분 (심곡동)",경기도 부천시 원미구 심곡동 376-18,37.48892372,126.7809432,26.86,,경기도 부천시 식품위생과,032-625-4328,2026-01-01
도당킴스스크린,경기도,부천시,"경기도 부천시 원미구 부천로 255, 호형상가 1층 일부 (도당동)",경기도 부천시 원미구 도당동 264-34,37.50688449,126.7855275,15,,경기도 부천시 식품위생과,032-625-4328,2026-01-01
카페in,경기도,부천시,"경기도 부천시 원미구 부천로46번길 22, 1층 일부호 (심곡동)",경기도 부천시 원미구 심곡동 162-21,37.48809872,126.785589,41.87,,경기도 부천시 식품위생과,032-625-4328,2026-01-01
메가엠지씨커피 계남고삼거리점,경기도,부천시,"경기도 부천시 원미구 부흥로 256, 계남아카데미빌딩 107호 (중동)",경기도 부천시 원미구 중동 1208,37.49504218,126.7709239,83.1,,경기도 부천시 식품위생과,032-625-4328,2026-01-01
컴포즈커피 부천카톨릭대점,경기도,부천시,"경기도 부천시 원미구 부일로685번길 33, A동 1층 101호 (역곡동, 서암빌리지)",경기도 부천시 원미구 역곡동 35-2,37.48570458,126.8052703,58.45,,경기도 부천시 식품위생과,032-625-4328,2026-01-01
캐릭톡카페,경기도,부천시,"경기도 부천시 원미구 길주로 219, 드림빌딩 6층 605일부호 (중동)",경기도 부천시 원미구 중동 1034-4,37.50477053,126.7667926,32,,경기도 부천시 식품위생과,032-625-4328,2026-01-01
카페순수(cafe soonsoo),경기도,부천시,"경기도 부천시 원미구 장말로 135, 사랑마을상가동 비05호, 비06호 (상동)",경기도 부천시 원미구 상동 417,37.49405139,126.7570105,51.7,,경기도 부천시 식품위생과,032-625-4328,2026-01-01
텐퍼센트커피 부천상동역점,경기도,부천시,"경기도 부천시 원미구 상동로 112, 썬프라자 1층 101호 (상동)",경기도 부천시 원미구 상동 535-3,37.50701409,126.7539005,50.22,,경기도 부천시 식품위생과,032-625-4328,2026-01-01
테라커피 부천시청역점,경기도,부천시,"경기도 부천시 원미구 길주로 183, 영라이프빌딩 1층 107호 (중동)",경기도 부천시 원미구 중동 1031-3,37.50527367,126.7629529,37.2,,경기도 부천시 식품위생과,032-625-4328,2026-01-01
매머드익스프레스 약대오거리점,경기도,부천시,"경기도 부천시 원미구 수도로 86, SB타워 1층 104호 (도당동)",경기도 부천시 원미구 도당동 4-14,37.51494804,126.7757063,46,,경기도 부천시 식품위생과,032-625-4328,2026-01-01
카페게이트 상동역점,경기도,부천시,"경기도 부천시 원미구 상동로 109, 상동프라자 115호 (상동)",경기도 부천시 원미구 상동 534-3,37.50711803,126.7529742,46.8,,경기도 부천시 식품위생과,032-625-4328,2026-01-01
투윈스하이퀄리티커피(TWOWINSHIGHQUALITYCOFFEE),경기도,부천시,"경기도 부천시 원미구 부일로 482-1, 1층 일부 (심곡동)",경기도 부천시 원미구 심곡동 170-13,37.48555514,126.7836895,51.04,,경기도 부천시 식품위생과,032-625-4328,2026-01-01
메가엠지씨커피 신중동국민은행삼거리점,경기도,부천시,"경기도 부천시 원미구 소향로 241, 제일프라자 1층 101호 (중동)",경기도 부천시 원미구 중동 1135-1,37.50079431,126.7746367,39.1,,경기도 부천시 식품위생과,032-625-4328,2026-01-01
이디야커피 부천상동세이브존점,경기도,부천시,"경기도 부천시 원미구 길주로 105, 드림모아, 비101호 일부 (상동)",경기도 부천시 원미구 상동 535-5,37.50639109,126.7541356,52.89,,경기도 부천시 식품위생과,032-625-4328,2026-01-01
두유원미,경기도,부천시,"경기도 부천시 원미구 조마루로428번길 59, 1층 일부 (원미동)",경기도 부천시 원미구 원미동 78-2,37.49452722,126.7907693,24.04,,경기도 부천시 식품위생과,032-625-4328,2026-01-01
홀썸 스위츠,경기도,부천시,"경기도 부천시 원미구 옥산로 12, 연화마을 상가동 지층 비101일부(주방13)호 (중동)",경기도 부천시 원미구 중동 1099-2,37.49482144,126.7808522,14,,경기도 부천시 식품위생과,032-625-4328,2026-01-01
메가엠지씨커피 부천대점,경기도,부천시,"경기도 부천시 원미구 신흥로56번길 50, 1층 일부 (심곡동)",경기도 부천시 원미구 심곡동 408-7,37.48827452,126.7800117,106,,경기도 부천시 식품위생과,032-625-4328,2026-01-01
카페 복사골,경기도,부천시,"경기도 부천시 원미구 소사로 487, 부천 R&D 종합센터 1층 일부 (춘의동)",경기도 부천시 원미구 춘의동 39-7,37.502417,126.7971376,205.32,,경기도 부천시 식품위생과,032-625-4328,2026-01-01
더블랙,경기도,부천시,"경기도 부천시 원미구 부일로205번길 26, 대명앤스빌(1차) 101호 (상동)",경기도 부천시 원미구 상동 412-2,37.48961819,126.7532798,145.98,,경기도 부천시 식품위생과,032-625-4328,2026-01-01
향유,경기도,부천시,"경기도 부천시 원미구 조마루로97번길 26-3, 1층 일부호 (상동)",경기도 부천시 원미구 상동 562-14,37.50152811,126.755008,23.2,,경기도 부천시 식품위생과,032-625-4328,2026-01-01
알레알레(Allez Allez),경기도,부천시,"경기도 부천시 원미구 조마루로385번길 122, 삼보테크노타워 B146호 (춘의동)",경기도 부천시 원미구 춘의동 195,37.5015884,126.791535,,,경기도 부천시 식품위생과,032-625-4328,2026-01-01
미쉐(MIXUE)부천역점,경기도,부천시,"경기도 부천시 원미구 부천로 11, 해태쇼핑 102, 103호 (심곡동)",경기도 부천시 원미구 심곡동 175-6,37.48555984,126.7822777,120.15,,경기도 부천시 식품위생과,032-625-4328,2026-01-01
로그인 피시 카페(LOGIN PC CAFE),경기도,부천시,"경기도 부천시 원미구 부흥로 176, 301호 일부 (중동)",경기도 부천시 원미구 중동 682,37.49619344,126.762236,19.2,,경기도 부천시 식품위생과,032-625-4328,2026-01-01
카페 틸리아(Cafe Tealia),경기도,부천시,"경기도 부천시 원미구 길주로 180, 현대백화점 중동점 지하1층 일부 (중동)",경기도 부천시 원미구 중동 1164-1,37.50431803,126.7620841,11.25,,경기도 부천시 식품위생과,032-625-4328,2026-01-01
스윗비(Sweet B),경기도,부천시,"경기도 부천시 원미구 부천로198번길 36, 춘의테크노파크 102동 110호 (춘의동)",경기도 부천시 원미구 춘의동 200-1,37.50180967,126.7888855,136,,경기도 부천시 식품위생과,032-625-4328,2026-01-01
메가엠지씨커피 부천대우테크노파크점,경기도,부천시,"경기도 부천시 원미구 도약로 261, 부천대우테크노파크 A동 1층 110호 일부 (도당동)",경기도 부천시 원미구 도당동 187-7,37.51169373,126.7780053,35.39,,경기도 부천시 식품위생과,032-625-4328,2026-01-01
메가엠지씨커피 부천장말문예사거리점,경기도,부천시,"경기도 부천시 원미구 장말로216번길 3, 팰리스카운티 푸르지오상가 1층 117,118호 (중동)",경기도 부천시 원미구 중동 1288,37.49234222,126.7662253,46.9,,경기도 부천시 식품위생과,032-625-4328,2026-01-01
우지커피 부천도당점,경기도,부천시,"경기도 부천시 원미구 수도로 228, 가동 1층 일부 (도당동)",경기도 부천시 원미구 도당동 61,37.52072329,126.7902757,57.03,,경기도 부천시 식품위생과,032-625-4328,2026-01-01
컴포즈커피 부천중동시장점,경기도,부천시,"경기도 부천시 원미구 부흥로 205, 1층 일부 (중동)",경기도 부천시 원미구 중동 597-5,37.49617333,126.7656113,54.4,,경기도 부천시 식품위생과,032-625-4328,2026-01-01
오픈 더 오븐,경기도,부천시,"경기도 부천시 원미구 조마루로97번길 34-7, 1층 일부 (상동)",경기도 부천시 원미구 상동 564-13,37.50186852,126.755230,66.6,,경기도 부천시 식품위생과,032-625-4328,2026-01-01
국민우유집 역곡점,경기도,부천시,"경기도 부천시 원미구 지봉로 111, 1층 107호 (역곡동, 에이빌하우스)",경기도 부천시 원미구 역곡동 97-6,37.48853646,126.811447,23.83,,경기도 부천시 식품위생과,032-625-4328,2026-01-01
제이윈터(Jwinter),경기도,부천시,"경기도 부천시 원미구 호수로34번길 26, 1층 일부 (상동)",경기도 부천시 원미구 상동 520-8,37.51371555,126.7525573,40.82,,경기도 부천시 식품위생과,032-625-4328,2026-01-01
셀렉토커피 송내역점,경기도,부천시,"경기도 부천시 원미구 부일로 203, 118호 (상동, 상동스카이뷰자이)",경기도 부천시 원미구 상동 413,37.48913452,126.7524557,41.56,,경기도 부천시 식품위생과,032-625-4328,2026-01-01
카페에이치(현대백화점 중동점),경기도,부천시,"경기도 부천시 원미구 길주로 180, 현대백화점 중동점 9층 일부 (중동)",경기도 부천시 원미구 중동 1164-1,37.50431803,126.7620841,8.22,,경기도 부천시 식품위생과,032-625-4328,2026-01-01
행복아카데미,경기도,부천시,"경기도 부천시 원미구 길주로 81, 모건시티 403호 일부 (상동)",경기도 부천시 원미구 상동 534-9,37.50632461,126.7515147,11.68,,경기도 부천시 식품위생과,032-625-4328,2026-01-01
로움(LOWM),경기도,부천시,"경기도 부천시 원미구 원미로 176, 1층 일부 (원미동)",경기도 부천시 원미구 원미동 2-2,37.49823199,126.7926205,50.63,,경기도 부천시 식품위생과,032-625-4328,2026-01-01
더벤티 역곡북부역점,경기도,부천시,"경기도 부천시 원미구 부일로 748, 1층 일부호 (역곡동)",경기도 부천시 원미구 역곡동 81-1,37.48610441,126.8127689,39.13,,경기도 부천시 식품위생과,032-625-4328,2026-01-01
호호야채,경기도,부천시,"경기도 부천시 원미구 소향로 223, 굿모닝위너스텔3차 105호 일부 (중동)",경기도 부천시 원미구 중동 1144-1,37.5010938,126.7724731,6.5,,경기도 부천시 식품위생과,032-625-4328,2026-01-01
종례당,경기도,부천시,"경기도 부천시 원미구 신흥로 40, 디오스빌 104호 (심곡동)",경기도 부천시 원미구 심곡동 458-7,37.48713894,126.7774377,54.94,,경기도 부천시 식품위생과,032-625-4328,2026-01-01
카페일리터 부천중동점,경기도,부천시,"경기도 부천시 원미구 길주로 237, 중동메디칼 113호 (중동)",경기도 부천시 원미구 중동 1035-3,37.50450778,126.7689381,34.98,,경기도 부천시 식품위생과,032-625-4328,2026-01-01
메가엠지씨커피 소사역점,경기도,부천시,"경기도 부천시 원미구 소사로282번길 7, 원영빌딩 1층 (소사동)",경기도 부천시 원미구 소사동 42-31,37.48377509,126.7951534,62.6,,경기도 부천시 식품위생과,032-625-4328,2026-01-01
백억커피 신중동점,경기도,부천시,"경기도 부천시 원미구 조마루로291번길 25, 센타프라자 117호 (중동)",경기도 부천시 원미구 중동 1129-1,37.49863619,126.7756111,48.6,,경기도 부천시 식품위생과,032-625-4328,2026-01-01
뭐하냐김과장,경기도,부천시,"경기도 부천시 원미구 신흥로 223, 신중동역 랜드마크 푸르지오 시티 1층 130호 (중동)",경기도 부천시 원미구 중동 1059,37.50473228,126.7752065,22,,경기도 부천시 식품위생과,032-625-4328,2026-01-01
더벤티 부천춘의역점,경기도,부천시,"경기도 부천시 원미구 부천로 229-7, 1층 일부호 (춘의동)",경기도 부천시 원미구 춘의동 135-1,37.50443172,126.7866503,38.39,,경기도 부천시 식품위생과,032-625-4328,2026-01-01
일본수입 디저트카페 데자토 바이신키네도 부천점,경기도,부천시,"경기도 부천시 원미구 장말로 183-7, 1층 (중동)",경기도 부천시 원미구 중동 765-16,37.493303,126.7621369,48.18,,경기도 부천시 식품위생과,032-625-4328,2026-01-01
오븐여는 소리,경기도,부천시,"경기도 부천시 원미구 중동로 100, 팰리스카운티 아이파크상가 3층 310호 일부 (중동)",경기도 부천시 원미구 중동 1289,37.49087326,126.7669763,36.86,,경기도 부천시 식품위생과,032-625-4328,2026-01-01
컴포즈커피부천대사거리점,경기도,부천시,"경기도 부천시 원미구 장말로 314-3, 1층 (심곡동)",경기도 부천시 원미구 심곡동 327-8,37.49088493,126.7768982,82,,경기도 부천시 식품위생과,032-625-4328,2026-01-01
(주)푸드케어 중동점,경기도,부천시,"경기도 부천시 원미구 길주로 300, LOTTE백화점 8층 일부호 (중동)",경기도 부천시 원미구 중동 1140,37.50254165,126.7753124,85.8,,경기도 부천시 식품위생과,032-625-4328,2026-01-01
빅스윗,경기도,부천시,"경기도 부천시 원미구 길주로 199, 굿모닝프라자 110호 일부 (중동)",경기도 부천시 원미구 중동 1033-3,37.50504166,126.7647134,18.25,,경기도 부천시 식품위생과,032-625-4328,2026-01-01
바나프레소 부천송내법원점,경기도,부천시,"경기도 부천시 원미구 상일로 120, 송내리더스텔 102호 (상동)",경기도 부천시 원미구 상동 447,37.49112979,126.7556122,38.76,,경기도 부천시 식품위생과,032-625-4328,2026-01-01
킵댓현대백화점중동점,경기도,부천시,"경기도 부천시 원미구 길주로 180, 현대백화점 중동점 백화점동 5층 일부호 (중동)",경기도 부천시 원미구 중동 1164-1,37.50431803,126.7620841,120.51,,경기도 부천시 식품위생과,032-625-4328,2026-01-01
매머드커피 익스프레스 부천대우테크노파크점,경기도,부천시,"경기도 부천시 원미구 도약로 261, 부천대우테크노파크 A동 105호 일부 (도당동)",경기도 부천시 원미구 도당동 187-7,37.51169373,126.7780053,65.74,,경기도 부천시 식품위생과,032-625-4328,2026-01-01
빽다방 부천중동점,경기도,부천시,"경기도 부천시 원미구 부흥로315번길 62, 필-그린타워 103호 (중동)",경기도 부천시 원미구 중동 1126-1,37.49743776,126.777228,81.32,,경기도 부천시 식품위생과,032-625-4328,2026-01-01
메가엠지씨커피 중동중흥마을점,경기도,부천시,"경기도 부천시 원미구 중동로 296, 중흥마을 상가동 102, 103호 (중동)",경기도 부천시 원미구 중동 1055,37.5059036,126.7708711,48,,경기도 부천시 식품위생과,032-625-4328,2026-01-01
주식회사 청밀당,경기도,부천시,"경기도 부천시 원미구 신흥로 226, 빈센트타워 1층 일부 (중동)",경기도 부천시 원미구 중동 1062-3,37.50378943,126.7764385,119.55,,경기도 부천시 식품위생과,032-625-4328,2026-01-01
폴바셋 롯데백화점 중동점,경기도,부천시,"경기도 부천시 원미구 길주로 300, LOTTE백화점 1층 일부 (중동)",경기도 부천시 원미구 중동 1140,37.50254165,126.7753124,94,,경기도 부천시 식품위생과,032-625-4328,2026-01-01
카멜커피 19호점,경기도,부천시,"경기도 부천시 원미구 길주로 180, 현대백화점 중동점 쇼핑몰동 1층 일부 (중동)",경기도 부천시 원미구 중동 1164-1,37.50431803,126.7620841,122.3,,경기도 부천시 식품위생과,032-625-4328,2026-01-01
사이에 커피(SAIE COFFEE),경기도,부천시,"경기도 부천시 원미구 부일로 706, 101호, 103호 (역곡동)","경기도 부천시 원미구 역곡동 49-3 101호, 103호",37.4846197,126.8083984,106.56,,경기도 부천시 식품위생과,032-625-4328,2026-01-01
필라텔리 커피,경기도,부천시,"경기도 부천시 원미구 신흥로 42, 1층 일부 (심곡동)",경기도 부천시 원미구 심곡동 457-31,37.48736448,126.7772567,88.54,,경기도 부천시 식품위생과,032-625-4328,2026-01-01
하프커피 익스프레스 부천상동역점,경기도,부천시,"경기도 부천시 원미구 길주로 115, 시그마타워 102호 일부 (상동)",경기도 부천시 원미구 상동 535-9,37.50626767,126.7553606,51.24,,경기도 부천시 식품위생과,032-625-4328,2026-01-01
드르르(durrhr),경기도,부천시,"경기도 부천시 원미구 역곡로20번길 49, 은하빌딩 2층 (역곡동)",경기도 부천시 원미구 역곡동 109-19,37.48787977,126.8135218,95.05,,경기도 부천시 식품위생과,032-625-4328,2026-01-01
"카페, 블룸",경기도,부천시,"경기도 부천시 원미구 원미로 179, 2층 (원미동)",경기도 부천시 원미구 원미동 6-6,37.49855593,126.7923795,178.3,,경기도 부천시 식품위생과,032-625-4328,2026-01-01
에스프레소 파이(ESPRESSO PI),경기도,부천시,"경기도 부천시 원미구 원미로 72, 101호 (원미동, 대훈탑스빌 2동)",경기도 부천시 원미구 원미동 191-3,37.48908235,126.7902618,61.67,,경기도 부천시 식품위생과,032-625-4328,2026-01-01
달리는커피 부천신중동점,경기도,부천시,"경기도 부천시 원미구 부흥로315번길 62, 필-그린타워 106호 (중동)",경기도 부천시 원미구 중동 1126-1,37.49743776,126.777228,50,,경기도 부천시 식품위생과,032-625-4328,2026-01-01
메가엠지씨커피 부천심원고점,경기도,부천시,"경기도 부천시 원미구 계남로 290, 1층 (중동)",경기도 부천시 원미구 중동 1085,37.50423351,126.7804619,53.6,,경기도 부천시 식품위생과,032-625-4328,2026-01-01
피칼리 커피 스탠드(Fikale Coffee Stand),경기도,부천시,"경기도 부천시 원미구 신흥로 190-1, 위브더스테이트 상가2동 122호,123호 (중동)",경기도 부천시 원미구 중동 1107,37.50097538,126.7779989,62.5,,경기도 부천시 식품위생과,032-625-4328,2026-01-01
맛남살롱 부천역사점,경기도,부천시,"경기도 부천시 소사구 부천로 1, 지하1층 136,137호 (심곡본동, 부천역사쇼핑몰(가호))","경기도 부천시 소사구 심곡본동 316-2 ,594-3,594-4, 부천역사쇼핑몰(가호) 지하1층 136,137호",37.48442542,126.7827391,53.86,,경기도 부천시 식품위생과,032-625-4328,2026-01-01
커피벨,경기도,부천시,"경기도 부천시 소사구 호현로489번길 28, A동 1층 (소사본동, 세종병원)","경기도 부천시 소사구 소사본동 91-121 ,세종병원A동 1층",37.48052421,126.7911668,5.22,,경기도 부천시 식품위생과,032-625-4328,2026-01-01
테라커피 부천중동역점,경기도,부천시,"경기도 부천시 소사구 중동로 48, 1층 108호 (송내동, 대우프라자)","경기도 부천시 소사구 송내동 373 ,373-1, 대우프라자 108호(1층)",37.48436632,126.7642242,53.45,,경기도 부천시 식품위생과,032-625-4328,2026-01-01
행복한동행,경기도,부천시,"경기도 부천시 소사구 마니로24번길 43-17, A동 1층 (송내동, 가은병원)","경기도 부천시 소사구 송내동 676-6 ,9,10, 가은병원 A동 1층",37.47745396,126.7688687,7.14,,경기도 부천시 식품위생과,032-625-4328,2026-01-01
코레일유통(주)중동역핫브레드,경기도,부천시,"경기도 부천시 소사구 중동로 73, 2층 (송내동, 중동역사내)","경기도 부천시 소사구 송내동 632 ,중동역사내 2층 맞이방",37.48664063,126.7643531,80.3,,경기도 부천시 식품위생과,032-625-4328,2026-01-01
카페드아야,경기도,부천시,"경기도 부천시 소사구 소사동로 82, 1층 109호 (소사본동, 센트럴프라자)","경기도 부천시 소사구 소사본동 409-3 ,센트럴프라자 1층 109호",37.47321102,126.8039604,53.84,,경기도 부천시 식품위생과,032-625-4328,2026-01-01
카페베네 송내남부역점,경기도,부천시,"경기도 부천시 소사구 송내대로 23, 1층 (송내동)","경기도 부천시 소사구 송내동 708-2 ,1층",37.48572879,126.7527469,198.85,,경기도 부천시 식품위생과,032-625-4328,2026-01-01
커피콩의하루,경기도,부천시,"경기도 부천시 소사구 성주로 73, 1층 (송내동)","경기도 부천시 소사구 송내동 433-15 ,1층",37.48006901,126.7646078,24.41,,경기도 부천시 식품위생과,032-625-4328,2026-01-01
행복한동행,경기도,부천시,"경기도 부천시 소사구 심곡로10번길 63, 1층 (송내동, 휴&유병원)","경기도 부천시 소사구 송내동 576-2 ,휴&유병원 1층",37.48297807,126.7725561,8.2,,경기도 부천시 식품위생과,032-625-4328,2026-01-01
세븐일레븐부천역곡점,경기도,부천시,"경기도 부천시 소사구 경인로 536, 1층 (괴안동)","경기도 부천시 소사구 괴안동 168 ,1층",37.48532792,126.8148855,0.55,,경기도 부천시 식품위생과,032-625-4328,2026-01-01
크리스마스자몽,경기도,부천시,"경기도 부천시 소사구 호현로489번길 52, 1층 (소사본동)","경기도 부천시 소사구 소사본동 101-1 ,120-1,383 (1층)",37.47832495,126.7900035,64.8,,경기도 부천시 식품위생과,032-625-4328,2026-01-01
이디야(범박점),경기도,부천시,"경기도 부천시 소사구 양지로67번길 26, 1층 (범박동)","경기도 부천시 소사구 범박동 204-8 ,1층",37.47370258,126.8123768,114.4,,경기도 부천시 식품위생과,032-625-4328,2026-01-01
이디야커피(부천남부역점),경기도,부천시,"경기도 부천시 소사구 성주로 274-2, 1층 (심곡본동)","경기도 부천시 소사구 심곡본동 736-2 ,1층",37.48281848,126.7824487,67.23,,경기도 부천시 식품위생과,032-625-4328,2026-01-01
카페G,경기도,부천시,"경기도 부천시 소사구 소사로 244, 1층 (소사본동)","경기도 부천시 소사구 소사본동 128-13 ,1층",37.48010447,126.7957777,40.68,,경기도 부천시 식품위생과,032-625-4328,2026-01-01
"카페,BE(카페,비이)",경기도,부천시,"경기도 부천시 소사구 경인로 190, 3층 304 일부호 (심곡본동, 부천라비앙로제)",경기도 부천시 소사구 심곡본동 588-1,37.48340505,126.7765186,37.95,,경기도 부천시 식품위생과,032-625-4328,2026-01-01
설빙(역곡점),경기도,부천시,"경기도 부천시 소사구 경인로 520, 2층 (괴안동, 창성빌딩)","경기도 부천시 소사구 괴안동 127-1 ,창성빌딩 2층",37.48441234,126.8129577,383.4,,경기도 부천시 식품위생과,032-625-4328,2026-01-01
만나카페,경기도,부천시,"경기도 부천시 소사구 경인로150번길 41, 1층 (송내동)","경기도 부천시 소사구 송내동 593 ,1층",37.48217443,126.7719754,61.15,,경기도 부천시 식품위생과,032-625-4328,2026-01-01
이디야(서울신대점),경기도,부천시,"경기도 부천시 소사구 호현로489번길 39, 1층 (소사본동)","경기도 부천시 소사구 소사본동 106-7 ,1층",37.48020663,126.791386,70.2,,경기도 부천시 식품위생과,032-625-4328,2026-01-01
이디야 소새울역점,경기도,부천시,"경기도 부천시 소사구 소사로 141 (소사본동, 1층일부)","경기도 부천시 소사구 소사본동 231-4 ,1층일부",37.47073232,126.7956486,89.9,,경기도 부천시 식품위생과,032-625-4328,2026-01-01
스타벅스역곡역DT점,경기도,부천시,"경기도 부천시 소사구 경인로 485, 1~3층 (괴안동)",경기도 부천시 소사구 괴안동 112-25,37.48352325,126.8093092,391.3,,경기도 부천시 식품위생과,032-625-4328,2026-01-01
우리들카페,경기도,부천시,"경기도 부천시 소사구 성주로 117-1, 1층일부호 (송내동)","경기도 부천시 소사구 송내동 461-15 ,1층일부",37.4797521,126.7693447,30.44,,경기도 부천시 식품위생과,032-625-4328,2026-01-01
블럭팡앤카페,경기도,부천시,"경기도 부천시 소사구 범안로96번길 29, 3층 302호일부호 (범박동, 부천범박힐스테이트4단지상가동)","경기도 부천시 소사구 범박동 152-2 ,부천범박힐스테이트4단지상가동 3층 302호일부",37.47136477,126.8089704,14,,경기도 부천시 식품위생과,032-625-4328,2026-01-01
커피에반하다,경기도,부천시,"경기도 부천시 소사구 경인로 512 (괴안동, 1층일부)","경기도 부천시 소사구 괴안동 114-7 ,지상1층일부",37.48415845,126.8123966,31.4,,경기도 부천시 식품위생과,032-625-4328,2026-01-01
산새공원카페,경기도,부천시,"경기도 부천시 소사구 은성로 1, 1층일부호 (소사본동)","경기도 부천시 소사구 소사본동 172-30 ,1층일부",37.4752976,126.790786,20.55,,경기도 부천시 식품위생과,032-625-4328,2026-01-01
카페미르,경기도,부천시,"경기도 부천시 소사구 경인옛로22번길 8, 1층일부호 (소사본동)","경기도 부천시 소사구 소사본동 76-1 ,1층일부",37.48110039,126.7941373,43.26,,경기도 부천시 식품위생과,032-625-4328,2026-01-01
빽다방송내역남부점,경기도,부천시,"경기도 부천시 소사구 송내대로 33, 1층일부호 (송내동)","경기도 부천시 소사구 송내동 709-5 ,1층일부",37.4864983,126.7528151,32.7,,경기도 부천시 식품위생과,032-625-4328,2026-01-01
카페마이미,경기도,부천시,"경기도 부천시 소사구 성주로 7, 지하1층일부호 (송내동)","경기도 부천시 소사구 송내동 400-7 ,지하1층일부",37.48298138,126.7599726,57.34,,경기도 부천시 식품위생과,032-625-4328,2026-01-01
카페게이트 범박힐스테이트점,경기도,부천시,"경기도 부천시 소사구 범안로 117, 1층 136-2호 (범박동, 현대리치모아)","경기도 부천시 소사구 범박동 155-2 ,현대리치모아 1층 136-2호",37.47121719,126.8095873,33.49,,경기도 부천시 식품위생과,032-625-4328,2026-01-01
이디야커피부천센트리움점,경기도,부천시,"경기도 부천시 소사구 경인로 189, 1층 106호,107호 (심곡본동, 동도센트리움)","경기도 부천시 소사구 심곡본동 533-4 ,동도센트리움 1층 106호,107호",37.48411202,126.7766342,49.5,,경기도 부천시 식품위생과,032-625-4328,2026-01-01
카페파인,경기도,부천시,"경기도 부천시 소사구 양지로166번길 15, 1층일부호 (옥길동)","경기도 부천시 소사구 옥길동 713-5 ,1층일부",37.46898833,126.8197952,66.36,,경기도 부천시 식품위생과,032-625-4328,2026-01-01
프리웨이63(Freeway63),경기도,부천시,"경기도 부천시 소사구 자유로 63, 1층일부호 (심곡본동)","경기도 부천시 소사구 심곡본동 594-2 ,1층일부",37.48362185,126.7831997,30.95,,경기도 부천시 식품위생과,032-625-4328,2026-01-01
쥬씨차얌중동역점,경기도,부천시,"경기도 부천시 소사구 중동로 48, 1층 106호 (송내동, 대우프라자)","경기도 부천시 소사구 송내동 373 ,대우프라자 1층 106호",37.48436632,126.7642242,32,,경기도 부천시 식품위생과,032-625-4328,2026-01-01
GS부천현대점,경기도,부천시,"경기도 부천시 소사구 범안로 117 (범박동, 현대리치모아 1층 127-2호)",경기도 부천시 소사구 범박동 155-2,37.47121719,126.8095873,2.8,,경기도 부천시 식품위생과,032-625-4328,2026-01-01
로고스카페,경기도,부천시,"경기도 부천시 소사구 경인옛로 120, 1층 일부호 (괴안동)",경기도 부천시 소사구 괴안동 39-1,37.48088431,126.8049014,72.78,,경기도 부천시 식품위생과,032-625-4328,2026-01-01
핸디즌,경기도,부천시,"경기도 부천시 소사구 양지남로 51, 1층 일부층 (범박동)",경기도 부천시 소사구 범박동 227-1,37.4688352,126.8123517,63.88,,경기도 부천시 식품위생과,032-625-4328,2026-01-01
투썸플레이스 부천엠제이(MJ)컨벤션점,경기도,부천시,"경기도 부천시 소사구 경인로 386, 1층 (소사본동)",경기도 부천시 소사구 소사본동 65-7,37.48179301,126.7984841,299,,경기도 부천시 식품위생과,032-625-4328,2026-01-01
이디야커피 부천소사점,경기도,부천시,경기도 부천시 소사구 소사로 214 (소사본동),경기도 부천시 소사구 소사본동 153,37.47728588,126.7957423,69.53,,경기도 부천시 식품위생과,032-625-4328,2026-01-01
카페동네옥길점,경기도,부천시,"경기도 부천시 소사구 옥길로56번길 24-27, 1층 (옥길동)",경기도 부천시 소사구 옥길동 754-2,37.46205009,126.8186091,101.8,,경기도 부천시 식품위생과,032-625-4328,2026-01-01
커피홀릭(COFFEEHOLIC),경기도,부천시,"경기도 부천시 소사구 경인로 110-1 (송내동, 1층일부)",경기도 부천시 소사구 송내동 383-16,37.48378386,126.7677044,26.49,,경기도 부천시 식품위생과,032-625-4328,2026-01-01
카페노랑,경기도,부천시,"경기도 부천시 소사구 경인로 376, 1층 106호 (소사본동, 부성파인)",경기도 부천시 소사구 소사본동 65-6,37.48170473,126.7973876,33.2,,경기도 부천시 식품위생과,032-625-4328,2026-01-01
미호의파피루스,경기도,부천시,"경기도 부천시 소사구 송내대로30번길 71, 2층 (송내동)",경기도 부천시 소사구 송내동 336-22 2층일부,37.4858112,126.757200,82.19,,경기도 부천시 식품위생과,032-625-4328,2026-01-01
메가커피심곡본동점,경기도,부천시,"경기도 부천시 소사구 성주로 175, 1층 일부호 (심곡본동)",경기도 부천시 소사구 심곡본동 608-38,37.47889567,126.7756998,28.4,,경기도 부천시 식품위생과,032-625-4328,2026-01-01
토프레소옥길점,경기도,부천시,"경기도 부천시 소사구 양지로184번길 21, 1층 일부호 (옥길동)",경기도 부천시 소사구 옥길동 724-7,37.46756492,126.8215165,60.08,,경기도 부천시 식품위생과,032-625-4328,2026-01-01
진심담다,경기도,부천시,"경기도 부천시 소사구 호현로489번길 35, 1층 (소사본동)",경기도 부천시 소사구 소사본동 101-4,37.48032774,126.7915474,61.21,,경기도 부천시 식품위생과,032-625-4328,2026-01-01
이디야커피부천옥길헤리움점,경기도,부천시,"경기도 부천시 소사구 범안로 221, 옥길헤리움타운 1동 1층 111호 (옥길동)",경기도 부천시 소사구 옥길동 777-1,37.46265147,126.8127431,62,,경기도 부천시 식품위생과,032-625-4328,2026-01-01
소소한사치,경기도,부천시,"경기도 부천시 소사구 호현로 489, 1층 일부호 (소사본동)",경기도 부천시 소사구 소사본동 96-1,37.48116629,126.7928678,25.12,,경기도 부천시 식품위생과,032-625-4328,2026-01-01
라온트리(RAON TREE),경기도,부천시,"경기도 부천시 소사구 소사로 203, 2층 (소사본동)","경기도 부천시 소사구 소사본동 152-20 ,2층",37.47642018,126.7953204,101.51,,경기도 부천시 식품위생과,032-625-4328,2026-01-01
카페리코,경기도,부천시,"경기도 부천시 소사구 송내대로42번길 34, 1층 일부호 (송내동, 대진그린빌)",경기도 부천시 소사구 송내동 299-13,37.48709161,126.7551511,28.29,,경기도 부천시 식품위생과,032-625-4328,2026-01-01
그라찌에부천대학교점,경기도,부천시,"경기도 부천시 소사구 소사로 56, 부천대학교 제2캠퍼스 2동기숙사동 1층 (계수동)",경기도 부천시 소사구 계수동 791,37.46373803,126.8030667,164.96,,경기도 부천시 식품위생과,032-625-4328,2026-01-01
셀렉토커피 소사역점,경기도,부천시,"경기도 부천시 소사구 호현로469번길 25, 1-2층 (소사본동)",경기도 부천시 소사구 소사본동 96-8,37.48071383,126.7930391,178.04,,경기도 부천시 식품위생과,032-625-4328,2026-01-01
더벤티홈플러스부천소사점,경기도,부천시,"경기도 부천시 소사구 경인로 532, 삼성홈플러스소사점 1층 일부호 (괴안동)",경기도 부천시 소사구 괴안동 129-1,37.48486829,126.8142944,29.2,,경기도 부천시 식품위생과,032-625-4328,2026-01-01
마가렛,경기도,부천시,"경기도 부천시 소사구 은성로98번길 144, 1층 (소사본동)",경기도 부천시 소사구 소사본동 301-59,37.4698194,126.7989487,49.91,,경기도 부천시 식품위생과,032-625-4328,2026-01-01
둥지 커피숍(다방),경기도,부천시,"경기도 부천시 소사구 경인로194번길 25, 지하1층 일부호 (심곡본동)",경기도 부천시 소사구 심곡본동 592,37.48266344,126.7768053,59.22,,경기도 부천시 식품위생과,032-625-4328,2026-01-01
커피온리 부천역사점,경기도,부천시,"경기도 부천시 소사구 부천로 1, 부천역사쇼핑몰 지하1층 W3호 (심곡본동)",경기도 부천시 소사구 심곡본동 316-2,37.48442542,126.7827391,20.21,,경기도 부천시 식품위생과,032-625-4328,2026-01-01
커피에반하다부천베스티안점,경기도,부천시,"경기도 부천시 소사구 경인로150번길 17, 1층 (송내동)",경기도 부천시 소사구 송내동 576,37.48318652,126.7720655,32.6,,경기도 부천시 식품위생과,032-625-4328,2026-01-01
커피쏘냥수제초콜렛 향마담,경기도,부천시,"경기도 부천시 소사구 성주로 212, 102호 (심곡본동, 삼성더퍼스트)",경기도 부천시 소사구 심곡본동 701-10,37.47808285,126.7797466,29.24,,경기도 부천시 식품위생과,032-625-4328,2026-01-01
글한스푼,경기도,부천시,"경기도 부천시 소사구 경인로1185번길 36, 1층 (송내동)",경기도 부천시 소사구 송내동 704-10,37.48530575,126.7518395,30.8,,경기도 부천시 식품위생과,032-625-4328,2026-01-01
빽다방부천역남부점,경기도,부천시,"경기도 부천시 소사구 경인로 210, 1층 일부호 (심곡본동)",경기도 부천시 소사구 심곡본동 667-3,37.48321585,126.7785344,29.8,,경기도 부천시 식품위생과,032-625-4328,2026-01-01
카페비,경기도,부천시,"경기도 부천시 소사구 은성로98번길 114, 1층 (소사본동)",경기도 부천시 소사구 소사본동 294-64,37.47045639,126.8003136,61.42,,경기도 부천시 식품위생과,032-625-4328,2026-01-01
메가엠지씨커피(부천옥길점),경기도,부천시,"경기도 부천시 소사구 옥길로 113, 1층 106호 (옥길동)",경기도 부천시 소사구 옥길동 726-4,37.46732459,126.8220331,44.4,,경기도 부천시 식품위생과,032-625-4328,2026-01-01
매머드익스프레스송내남부역점,경기도,부천시,"경기도 부천시 소사구 송내대로 29, 105호 (송내동)",경기도 부천시 소사구 송내동 709-7,37.48614082,126.7527921,27.66,,경기도 부천시 식품위생과,032-625-4328,2026-01-01
미미호두,경기도,부천시,"경기도 부천시 소사구 부천로 1, 부천역사쇼핑몰 지하1층 147,148,149호 (심곡본동)",경기도 부천시 소사구 심곡본동 316-2,37.48442542,126.7827391,26.12,,경기도 부천시 식품위생과,032-625-4328,2026-01-01
케키당,경기도,부천시,"경기도 부천시 소사구 성주로 246, 1층 일부호 (심곡본동)",경기도 부천시 소사구 심곡본동 729-1,37.48040016,126.7818528,33.01,,경기도 부천시 식품위생과,032-625-4328,2026-01-01
메가엠지씨커피 부천소사남부역점,경기도,부천시,"경기도 부천시 소사구 경인옛로 37, 지하1층 B115호 (소사본동, 힐스테이트 소사역)",경기도 부천시 소사구 소사본동 65-2 힐스테이트 소사역 지하1층 B115호,37.4816605,126.7959846,25.05,,경기도 부천시 식품위생과,032-625-4328,2026-01-01
카페드림 서울신학대 100주년기념관점,경기도,부천시,"경기도 부천시 소사구 호현로489번길 52, 서울신학대학교 100주년기념관 3층 (소사본동)",경기도 부천시 소사구 소사본동 101-1,37.47832495,126.7900035,114.66,,경기도 부천시 식품위생과,032-625-4328,2026-01-01
더치앤빈 소사생생병원점,경기도,부천시,"경기도 부천시 소사구 경인옛로 3, 소사메디파크 1층 110호 (소사본동)",경기도 부천시 소사구 소사본동 70,37.48193915,126.7931648,35.75,,경기도 부천시 식품위생과,032-625-4328,2026-01-01
메가엠지씨커피 소새울역점,경기도,부천시,"경기도 부천시 소사구 소사로 130, 1층 (소사본동)",경기도 부천시 소사구 소사본동 229-22,37.46991597,126.7966194,40.79,,경기도 부천시 식품위생과,032-625-4328,2026-01-01
카페베네부천역사점,경기도,부천시,"경기도 부천시 소사구 부천로 1, 부천역사쇼핑몰 지하1층 B-14호 (심곡본동)",경기도 부천시 소사구 심곡본동 316-2,37.48442542,126.7827391,159.68,,경기도 부천시 식품위생과,032-625-4328,2026-01-01
공차부천역점,경기도,부천시,"경기도 부천시 소사구 부천로 1, 부천역사쇼핑몰 지하1층 43호, B-05호 (심곡본동)",경기도 부천시 소사구 심곡본동 316-2,37.48442542,126.7827391,38.26,,경기도 부천시 식품위생과,032-625-4328,2026-01-01
호두앤미(범박점),경기도,부천시,"경기도 부천시 소사구 양지로 89, 1층 일부호 (범박동)",경기도 부천시 소사구 범박동 204-14,37.47319736,126.8132161,33.02,,경기도 부천시 식품위생과,032-625-4328,2026-01-01
메가엠지씨커피부천남부역점,경기도,부천시,"경기도 부천시 소사구 경인로 222, 1층일부,2층일부호 (심곡본동)",경기도 부천시 소사구 심곡본동 668-23,37.48297246,126.7800594,48.89,,경기도 부천시 식품위생과,032-625-4328,2026-01-01
카페블루니스(Cafe Blueness),경기도,부천시,"경기도 부천시 소사구 경인로 570, 1층 일부호 (괴안동)",경기도 부천시 소사구 괴안동 187-1,37.48646633,126.8177178,92.94,,경기도 부천시 식품위생과,032-625-4328,2026-01-01
하이디저트,경기도,부천시,"경기도 부천시 소사구 소삼로 46, 드림타워 A동 105호 (소사본동)",경기도 부천시 소사구 소사본동 136,37.47814759,126.7978327,36.34,,경기도 부천시 식품위생과,032-625-4328,2026-01-01
컴포즈커피 소사본점,경기도,부천시,"경기도 부천시 소사구 은성로67번길 12, 상가동 205호 (소사본동, 소새울KCC스위첸)",경기도 부천시 소사구 소사본동 424,37.47545962,126.798787,41.14,,경기도 부천시 식품위생과,032-625-4328,2026-01-01
메가엠지씨커피 부천옥길중앙점,경기도,부천시,"경기도 부천시 소사구 범안로219번길 19, 지하2층 B215호 (옥길동, 부천옥길자이)",경기도 부천시 소사구 옥길동 776-1,37.46338155,126.8131366,49.17,,경기도 부천시 식품위생과,032-625-4328,2026-01-01
오슬로 스타필드시티부천점,경기도,부천시,"경기도 부천시 소사구 옥길로 1, 스타필드시티 부천 2층 일부호 (옥길동)",경기도 부천시 소사구 옥길동 768,37.4614757,126.8139134,35.56,,경기도 부천시 식품위생과,032-625-4328,2026-01-01
(주)커피빈코리아 부천스타필드시티점,경기도,부천시,"경기도 부천시 소사구 옥길로 1, 스타필드시티 부천 4층 일부호 (옥길동)",경기도 부천시 소사구 옥길동 768,37.4614757,126.8139134,80.17,,경기도 부천시 식품위생과,032-625-4328,2026-01-01
달보드레,경기도,부천시,"경기도 부천시 소사구 소삼로 47-1, 부천소사역 푸르지오 상가 118동 B-106호 (소사본동)",경기도 부천시 소사구 소사본동 133-12,37.47948201,126.7968999,41.6,,경기도 부천시 식품위생과,032-625-4328,2026-01-01
공차 스타필드시티부천점,경기도,부천시,"경기도 부천시 소사구 옥길로 1, 스타필드시티 부천 3층 일부호 (옥길동)",경기도 부천시 소사구 옥길동 768,37.4614757,126.8139134,113.94,,경기도 부천시 식품위생과,032-625-4328,2026-01-01
스타벅스 스타필드부천점,경기도,부천시,"경기도 부천시 소사구 옥길로 1, 스타필드시티 부천 1층 일부호 (옥길동)",경기도 부천시 소사구 옥길동 768,37.4614757,126.8139134,230.78,,경기도 부천시 식품위생과,032-625-4328,2026-01-01
메가엠지씨커피 부천소사본점,경기도,부천시,"경기도 부천시 소사구 소사동로 82, 센트럴프라자 1층 102호 (소사본동)",경기도 부천시 소사구 소사본동 409-3,37.47321102,126.8039604,44.5,,경기도 부천시 식품위생과,032-625-4328,2026-01-01
투썸플레이스 부천옥길점,경기도,부천시,"경기도 부천시 소사구 옥길로 110-11, 1층 104,105,106,107호 (옥길동)",경기도 부천시 소사구 옥길동 744-3,37.46644968,126.8231553,169.6,,경기도 부천시 식품위생과,032-625-4328,2026-01-01
메가엠지씨커피 중동남부역사거리점,경기도,부천시,"경기도 부천시 소사구 경인로 74, 성보빌딩 1층 일부호 (송내동)",경기도 부천시 소사구 송내동 393,37.48355165,126.7634674,67.93,,경기도 부천시 식품위생과,032-625-4328,2026-01-01
헵시바,경기도,부천시,"경기도 부천시 소사구 소사로160번길 23-18, 1층 일부호 (소사본동)",경기도 부천시 소사구 소사본동 201,37.47327752,126.7969709,33.74,,경기도 부천시 식품위생과,032-625-4328,2026-01-01
이디야 부천심곡본동점,경기도,부천시,"경기도 부천시 소사구 성주로176번길 28, 1,2층 (심곡본동)",경기도 부천시 소사구 심곡본동 623-1,37.47763598,126.7754172,174.3,,경기도 부천시 식품위생과,032-625-4328,2026-01-01
CAFE어울(소사점),경기도,부천시,"경기도 부천시 소사구 경인옛로 73, 소사본동 행정복지센터, 소사어울마당 본동 1층 일부호 (소사본동)",경기도 부천시 소사구 소사본동 64,37.48004682,126.7999477,14.58,,경기도 부천시 식품위생과,032-625-4328,2026-01-01
달콤한몽수제디저트공방CAFE,경기도,부천시,"경기도 부천시 소사구 소사로170번길 12, 1층 일부호 (소사본동)",경기도 부천시 소사구 소사본동 203-4,37.47327811,126.7961641,20.79,,경기도 부천시 식품위생과,032-625-4328,2026-01-01
이디야커피부천소사스위첸점,경기도,부천시,"경기도 부천시 소사구 은성로67번길 12, 소새울KCC스위첸근린생활시설2동 1층 209호 (소사본동, 소새울KCC스위첸)",경기도 부천시 소사구 소사본동 424,37.47545962,126.798787,80.28,,경기도 부천시 식품위생과,032-625-4328,2026-01-01
스타벅스 부천옥길,경기도,부천시,"경기도 부천시 소사구 옥길로 124, 문영퀸즈파크 C동 116,117,118,119호 (옥길동)",경기도 부천시 소사구 옥길동 745-5,37.46750935,126.8233928,236.69,,경기도 부천시 식품위생과,032-625-4328,2026-01-01
메가엠지씨커피 역곡남부역점,경기도,부천시,"경기도 부천시 소사구 경인로 517, 1층 일부호 (괴안동)",경기도 부천시 소사구 괴안동 128,37.48489027,126.8124649,36.86,,경기도 부천시 식품위생과,032-625-4328,2026-01-01
투썸플레이스 부천범박점,경기도,부천시,"경기도 부천시 소사구 양지로40번길 7, 양지빌딩 105,203호 (괴안동)",경기도 부천시 소사구 괴안동 254-5,37.47647187,126.8128578,262.09,,경기도 부천시 식품위생과,032-625-4328,2026-01-01
부천 설빙 옥길점,경기도,부천시,"경기도 부천시 소사구 옥길로 110-11, O&S골드타워 203호 (옥길동)",경기도 부천시 소사구 옥길동 744-3,37.46644968,126.8231553,102.6,,경기도 부천시 식품위생과,032-625-4328,2026-01-01
집밥e선생,경기도,부천시,"경기도 부천시 소사구 경인로 536, 1층 일부호 (괴안동)",경기도 부천시 소사구 괴안동 168,37.48532792,126.8148855,16.83,,경기도 부천시 식품위생과,032-625-4328,2026-01-01
쏘해피(ssohappy),경기도,부천시,"경기도 부천시 원미구 조마루로398번길 61, 1층 일부호 (원미동)",경기도 부천시 원미구 원미동 86-17,37.49493963,126.7874986,21.05,,경기도 부천시 식품위생과,032-625-4328,2026-01-01
컴포즈커피 부천원미부흥시장점,경기도,부천시,"경기도 부천시 원미구 원미로97번길 37, 1층 일부 (원미동)",경기도 부천시 원미구 원미동 173-7,37.49152214,126.7885166,46.79,,경기도 부천시 식품위생과,032-625-4328,2026-01-01
(주)행복을나누는사람들행복한동행 도당지점,경기도,부천시,"경기도 부천시 원미구 성곡로63번길 104, 1층 일부호 (도당동)",경기도 부천시 원미구 도당동 123,37.5172347,126.7926754,4.32,,경기도 부천시 식품위생과,032-625-4328,2026-01-01
텐퍼센트 신중동점,경기도,부천시,"경기도 부천시 원미구 길주로 272, 코스모폴리탄 104호, 105호 (중동)",경기도 부천시 원미구 중동 1141,37.50297018,126.7724929,56.75,,경기도 부천시 식품위생과,032-625-4328,2026-01-01
포엑스엘커피(4XLCOFFEE),경기도,부천시,"경기도 부천시 원미구 부천로366번길 86, 베네스트로즈 103호 (도당동)",경기도 부천시 원미구 도당동 51-3,37.51649629,126.7894747,42.58,,경기도 부천시 식품위생과,032-625-4328,2026-01-01
텐퍼센트 부천시청점,경기도,부천시,"경기도 부천시 원미구 소향로 181, 상가동 149호 (중동, 센트럴파크 푸르지오)",경기도 부천시 원미구 중동 1300,37.50207012,126.7679276,53.2,,경기도 부천시 식품위생과,032-625-4328,2026-01-01
뉴 칸트커피(NEW Kant coffee),경기도,부천시,"경기도 부천시 원미구 부일로445번길 40, 1층 (심곡동)",경기도 부천시 원미구 심곡동 408-16,37.48804007,126.779573,68,,경기도 부천시 식품위생과,032-625-4328,2026-01-01
빽다방 부천U1센터점,경기도,부천시,"경기도 부천시 원미구 조마루로385번길 92, 부천테크노밸리U1센터 116호 (원미동)",경기도 부천시 원미구 원미동 39-1,37.50081636,126.7901827,74.16,,경기도 부천시 식품위생과,032-625-4328,2026-01-01
더벤티 부천U1점,경기도,부천시,"경기도 부천시 원미구 조마루로385번길 92, 부천테크노밸리U1센터 124호 일부  (원미동)",경기도 부천시 원미구 원미동 39-1,37.50081636,126.7901827,79.68,,경기도 부천시 식품위생과,032-625-4328,2026-01-01
구움하우스,경기도,부천시,"경기도 부천시 원미구 부천로177번길 20, 1층 다동 101호 (춘의동, 허브빌)",경기도 부천시 원미구 춘의동 217-58,37.50036194,126.7845489,18.7,,경기도 부천시 식품위생과,032-625-4328,2026-01-01
원커피(won coffee),경기도,부천시,"경기도 부천시 원미구 조마루로385번길 92, 1층 129 일부호 (원미동)",경기도 부천시 원미구 원미동 39-1,37.50081636,126.7901827,60.48,,경기도 부천시 식품위생과,032-625-4328,2026-01-01
모쿠816부천점,경기도,부천시,"경기도 부천시 원미구 신흥로106번길 28, 1층 (심곡동)",경기도 부천시 원미구 심곡동 437-4,37.49286707,126.7796898,62.91,,경기도 부천시 식품위생과,032-625-4328,2026-01-01
류애비뉴 부천상동점,경기도,부천시,"경기도 부천시 원미구 조마루로 103, 서울프라자 102호 (상동)",경기도 부천시 원미구 상동 559-4,37.50045667,126.7552409,41.32,,경기도 부천시 식품위생과,032-625-4328,2026-01-01
이디야커피(EDIYA COFFEE) 부천성모병원점,경기도,부천시,"경기도 부천시 원미구 부흥로 472, 1층 (소사동)",경기도 부천시 원미구 소사동 6-27,37.48565105,126.7909219,96.47,,경기도 부천시 식품위생과,032-625-4328,2026-01-01
양와당,경기도,부천시,"경기도 부천시 원미구 소향로 181, 상가동 151호 (중동, 센트럴파크 푸르지오)",경기도 부천시 원미구 중동 1300,37.50207012,126.7679276,59.2,,경기도 부천시 식품위생과,032-625-4328,2026-01-01
컴포즈커피 부천중앙공원점,경기도,부천시,"경기도 부천시 원미구 소향로 131, 일신빌딩 104호 (중동)",경기도 부천시 원미구 중동 1161-3,37.50242476,126.7623589,46.84,,경기도 부천시 식품위생과,032-625-4328,2026-01-01
복호두 부천중동점,경기도,부천시,"경기도 부천시 원미구 길주로 219, 드림빌딩 102호 (중동)",경기도 부천시 원미구 중동 1034-4,37.50477053,126.7667926,47.47,,경기도 부천시 식품위생과,032-625-4328,2026-01-01
하삼동커피 부천세무서점,경기도,부천시,"경기도 부천시 원미구 신흥로 264, 1층 일부 (중동)",경기도 부천시 원미구 중동 1060-3,37.50708626,126.7755191,48.99,,경기도 부천시 식품위생과,032-625-4328,2026-01-01
카페 버터벨,경기도,부천시,"경기도 부천시 원미구 석천로16번길 71, 101호 (상동, 다빈치 하우스)",경기도 부천시 원미구 상동 316-20,37.48923343,126.7639354,36.2,,경기도 부천시 식품위생과,032-625-4328,2026-01-01
커피사피엔스 부천테크노밸리U1점,경기도,부천시,"경기도 부천시 원미구 조마루로385번길 92, 부천테크노밸리 U1 center 118호 (원미동)",경기도 부천시 원미구 원미동 39-1,37.50081636,126.7901827,56.76,,경기도 부천시 식품위생과,032-625-4328,2026-01-01
커피딜라이트(COFFEE DELIGHT),경기도,부천시,"경기도 부천시 원미구 길주로 210, 부천시청 지하1층 일부 (중동)",경기도 부천시 원미구 중동 1156,37.50358103,126.7653372,11.76,,경기도 부천시 식품위생과,032-625-4328,2026-01-01
카페마들렌느,경기도,부천시,"경기도 부천시 원미구 계남로242번길 39, 1층 (중동)",경기도 부천시 원미구 중동 1066-12,37.50485897,126.7765141,60.63,,경기도 부천시 식품위생과,032-625-4328,2026-01-01
스타벅스 중동삼성점,경기도,부천시,"경기도 부천시 원미구 길주로 254, 삼성전자 부천중동점 1층 일부 (중동)",경기도 부천시 원미구 중동 1149-3,37.5031753,126.7706082,219.69,,경기도 부천시 식품위생과,032-625-4328,2026-01-01
오늘의단백질,경기도,부천시,"경기도 부천시 원미구 길주로391번길 51, 1층 일부호 (춘의동)",경기도 부천시 원미구 춘의동 123-64,37.50575239,126.785499,12.96,,경기도 부천시 식품위생과,032-625-4328,2026-01-01
더벤티 부천조마루사거리점,경기도,부천시,"경기도 부천시 원미구 부천로 151, 1층 105, 106호 (심곡동)",경기도 부천시 원미구 심곡동 78-1,37.49777562,126.7853995,108,,경기도 부천시 식품위생과,032-625-4328,2026-01-01
빽다방부천시청역점,경기도,부천시,"경기도 부천시 원미구 길주로 221, 씨티오피스 102호 (중동)",경기도 부천시 원미구 중동 1034-5,37.50471572,126.7672363,59.38,,경기도 부천시 식품위생과,032-625-4328,2026-01-01
카페게이트부천중동그린타운점,경기도,부천시,"경기도 부천시 원미구 중동로 190, 그린타운  한신상가동 103호 (중동)",경기도 부천시 원미구 중동 1183,37.49636696,126.7688589,31.69,,경기도 부천시 식품위생과,032-625-4328,2026-01-01
하이오커피부천중동위브점,경기도,부천시,"경기도 부천시 원미구 신흥로 170, 위브더스테이트 상가5동 115호 (중동)",경기도 부천시 원미구 중동 1110,37.49895033,126.7778797,38.04,,경기도 부천시 식품위생과,032-625-4328,2026-01-01
카페뉴이,경기도,부천시,"경기도 부천시 원미구 도약로 105, 한라마을주공(3)아파트 206호 (중동)",경기도 부천시 원미구 중동 1027-3,37.51104625,126.7612709,57.58,,경기도 부천시 식품위생과,032-625-4328,2026-01-01
카페시밀레,경기도,부천시,"경기도 부천시 원미구 역곡로20번길 40, 나동 102호 (역곡동, 거성타운)",경기도 부천시 원미구 역곡동 110-3,37.48751924,126.8131547,37.35,,경기도 부천시 식품위생과,032-625-4328,2026-01-01
매머드익스프레스 부천유베이스타워점,경기도,부천시,"경기도 부천시 원미구 부흥로315번길 62, 필-그린타워 113호 (중동)",경기도 부천시 원미구 중동 1126-1,37.49743776,126.777228,77.37,,경기도 부천시 식품위생과,032-625-4328,2026-01-01
카페(cafe)슈가공방,경기도,부천시,"경기도 부천시 원미구 상이로67번길 31-8, 1층 (상동)",경기도 부천시 원미구 상동 584-3,37.49444917,126.7421294,89.93,,경기도 부천시 식품위생과,032-625-4328,2026-01-01
매머드익스프레스 춘의테크노파크점,경기도,부천시,"경기도 부천시 원미구 부천로198번길 36, 춘의테크노파크 103동 106일부호 (춘의동)",경기도 부천시 원미구 춘의동 200-1,37.50180967,126.7888855,28.8,,경기도 부천시 식품위생과,032-625-4328,2026-01-01
빽다방 부천도당산업단지점,경기도,부천시,"경기도 부천시 원미구 옥산로220번길 26, 1층 (도당동)",경기도 부천시 원미구 도당동 160-8,37.51314617,126.7825221,113.3,,경기도 부천시 식품위생과,032-625-4328,2026-01-01
할리스 부천심곡점,경기도,부천시,"경기도 부천시 원미구 장말로 376, 1층일부 (심곡동)",경기도 부천시 원미구 심곡동 355-1,37.48978626,126.7836401,164.75,,경기도 부천시 식품위생과,032-625-4328,2026-01-01
빵방(Bbang bang),경기도,부천시,"경기도 부천시 원미구 조마루로366번길 67, 1층 일부 (심곡동)",경기도 부천시 원미구 심곡동 92-12,37.49561648,126.7830439,31.46,,경기도 부천시 식품위생과,032-625-4328,2026-01-01
몽샌디,경기도,부천시,"경기도 부천시 원미구 정주로 65, 1층 일부 (약대동)",경기도 부천시 원미구 약대동 177-84,37.51034038,126.7761185,29.75,,경기도 부천시 식품위생과,032-625-4328,2026-01-01
카페희다부천신중동점,경기도,부천시,"경기도 부천시 원미구 길주로 262, 이안 더 클래식 106호, 107호 (중동)",경기도 부천시 원미구 중동 1148,37.50306837,126.7714119,60.51,,경기도 부천시 식품위생과,032-625-4328,2026-01-01
컴포즈커피 부천상동시장점,경기도,부천시,"경기도 부천시 원미구 장말로 200, 1층 일부호 (상동)",경기도 부천시 원미구 상동 236,37.4927065,126.7641456,32.87,,경기도 부천시 식품위생과,032-625-4328,2026-01-01
케이디꽃차카페,경기도,부천시,"경기도 부천시 원미구 중동로248번길 33, 신풍프라자 202호 일부호 (중동)",경기도 부천시 원미구 중동 1146-7,37.50175796,126.7708552,10.79,,경기도 부천시 식품위생과,032-625-4328,2026-01-01
(주)필리그리커피,경기도,부천시,"경기도 부천시 원미구 중동로356번길 6, 1층 일부 (약대동)",경기도 부천시 원미구 약대동 147-10,37.51146298,126.7710187,133.91,,경기도 부천시 식품위생과,032-625-4328,2026-01-01
카페치치,경기도,부천시,"경기도 부천시 원미구 송내대로 239, 소풍(부천터미널) 지하1층 BF47호 (상동)",경기도 부천시 원미구 상동 539-1,37.5041458,126.7567065,58.09,,경기도 부천시 식품위생과,032-625-4328,2026-01-01
달리는커피 부천중동상지초점,경기도,부천시,"경기도 부천시 원미구 장말로 195, 1층 일부호 (상동)",경기도 부천시 원미구 상동 235-3,37.49277974,126.7636883,25.81,,경기도 부천시 식품위생과,032-625-4328,2026-01-01
메가엠지씨커피 부천송내법원점,경기도,부천시,"경기도 부천시 원미구 상일로122번길 38, 1층 일부호 (상동)",경기도 부천시 원미구 상동 456-1,37.48967538,126.755476,57.8,,경기도 부천시 식품위생과,032-625-4328,2026-01-01
그라시아,경기도,부천시,"경기도 부천시 원미구 길주로363번길 13, 1층 일부호 (춘의동)",경기도 부천시 원미구 춘의동 144-48,37.5035357,126.7826175,40.2,,경기도 부천시 식품위생과,032-625-4328,2026-01-01
달리는커피 (부천시청점),경기도,부천시,"경기도 부천시 원미구 길주로 234, 힐스테이트중동 203동 1069호 (중동)",경기도 부천시 원미구 중동 1301,37.50327968,126.7681417,31.54,,경기도 부천시 식품위생과,032-625-4328,2026-01-01
호수식물원수피아카페,경기도,부천시,"경기도 부천시 원미구 조마루로 15, 부천호수식물원 수피아 내 일부 (상동)",경기도 부천시 원미구 상동 549,37.50612373,126.7441496,32.03,,경기도 부천시 식품위생과,032-625-4328,2026-01-01
스윗스노우(sweet snow),경기도,부천시,"경기도 부천시 원미구 길주로 234, 힐스테이트 중동 203동 2047호 (중동)",경기도 부천시 원미구 중동 1301,37.50327968,126.7681417,52.06,,경기도 부천시 식품위생과,032-625-4328,2026-01-01
메가엠지씨커피부천벚꽃동산점,경기도,부천시,"경기도 부천시 원미구 부천로 274, 유니온기업(주)주건축물제1동 1층 103호 (도당동)",경기도 부천시 원미구 도당동 184-1,37.50850155,126.7858072,78.4,,경기도 부천시 식품위생과,032-625-4328,2026-01-01
더벤티 부천보람마을점,경기도,부천시,"경기도 부천시 원미구 석천로 105, 보람마을동남아파트 상가동 101호 (중동)",경기도 부천시 원미구 중동 1173-1,37.49687044,126.7612458,22.63,,경기도 부천시 식품위생과,032-625-4328,2026-01-01
맛남살롱 상동점,경기도,부천시,"경기도 부천시 원미구 길주로 74, 101호 일부호 (상동, WITHUSVILL)",경기도 부천시 원미구 상동 548-7,37.50532384,126.7503083,127.5,,경기도 부천시 식품위생과,032-625-4328,2026-01-01
메가엠지씨커피역곡중앙점,경기도,부천시,"경기도 부천시 원미구 지봉로 130, 호진빌딩 1층 101호 일부호 (역곡동)",경기도 부천시 원미구 역곡동 201,37.48884513,126.8134201,69.3,,경기도 부천시 식품위생과,032-625-4328,2026-01-01
원미마을카페,경기도,부천시,"경기도 부천시 원미구 부천로90번길 51, 별빛공원지하공영주차장,원미별마루 104호 (원미동)",경기도 부천시 원미구 원미동 127-3,37.49226693,126.7876698,5.17,,경기도 부천시 식품위생과,032-625-4328,2026-01-01
천씨씨커피 원미점,경기도,부천시,"경기도 부천시 원미구 조종로 14-1, 1층 101호 (원미동, 골든빌리지)",경기도 부천시 원미구 원미동 129-10,37.49319614,126.7863256,41.02,,경기도 부천시 식품위생과,032-625-4328,2026-01-01
보루미(BORUMI),경기도,부천시,"경기도 부천시 원미구 상이로 47, 1층 일부호 (상동)",경기도 부천시 원미구 상동 600-4,37.49296858,126.743758,26.6,,경기도 부천시 식품위생과,032-625-4328,2026-01-01
이마트24알역곡센트레빌점,경기도,부천시,경기도 부천시 원미구 지봉로63번길 20 (역곡동),경기도 부천시 원미구 역곡동 63-10,37.48762777,126.8061957,2.72,,경기도 부천시 식품위생과,032-625-4328,2026-01-01
카페 쿠어,경기도,부천시,"경기도 부천시 원미구 길주로 311, 뉴월드타운 103호 (중동)",경기도 부천시 원미구 중동 1079,37.50337406,126.7772969,35.93,,경기도 부천시 식품위생과,032-625-4328,2026-01-01
백억커피 부천역점,경기도,부천시,"경기도 부천시 원미구 부일로459번길 20, 센텀시티 120호 (심곡동)",경기도 부천시 원미구 심곡동 179-3,37.4870055,126.7818854,37.7,,경기도 부천시 식품위생과,032-625-4328,2026-01-01
카페희다 약대오거리점,경기도,부천시,"경기도 부천시 원미구 수도로 70, 101호 (도당동, 스카이포인트아파트)",경기도 부천시 원미구 도당동 217-5,37.51442475,126.7741053,66.91,,경기도 부천시 식품위생과,032-625-4328,2026-01-01
금문카페,경기도,부천시,"경기도 부천시 원미구 심중로114번길 46, 1층 일부 (심곡동)",경기도 부천시 원미구 심곡동 285-2,37.49269332,126.7727256,57.55,,경기도 부천시 식품위생과,032-625-4328,2026-01-01
컴포즈커피부천소사북부역점,경기도,부천시,"경기도 부천시 원미구 부일로 573, 1층 1호 (소사동, 이화연립)",경기도 부천시 원미구 소사동 18-28,37.48442981,126.7938336,27.24,,경기도 부천시 식품위생과,032-625-4328,2026-01-01
이번출구,경기도,부천시,"경기도 부천시 원미구 석천로2번길 83, 1층 일부호 (상동)",경기도 부천시 원미구 상동 329-5,37.48712686,126.7642879,36,,경기도 부천시 식품위생과,032-625-4328,2026-01-01
컴포즈커피(부천상동남부점),경기도,부천시,"경기도 부천시 원미구 상동로 69, 새롬프라자(15차) 111호 (상동)",경기도 부천시 원미구 상동 544-11,37.50375523,126.7522494,53.76,,경기도 부천시 식품위생과,032-625-4328,2026-01-01
카페(cafe)216st,경기도,부천시,"경기도 부천시 원미구 평천로 679 (약대동, 부천아이파크)",경기도 부천시 원미구 약대동 216-1,37.5155779,126.765623,34.44,,경기도 부천시 식품위생과,032-625-4328,2026-01-01
투썸플레이스 부천중동시장점,경기도,부천시,"경기도 부천시 원미구 부흥로 181, 세민메가트랜스 108호, 109호 (중동)",경기도 부천시 원미구 중동 676-10,37.49662986,126.7627162,203.12,,경기도 부천시 식품위생과,032-625-4328,2026-01-01
인더보틀(IN THE BOTTLE),경기도,부천시,"경기도 부천시 원미구 중동로356번길 32, 1층 일부호 (약대동)",경기도 부천시 원미구 약대동 156-1,37.5115085,126.7724737,40.88,,경기도 부천시 식품위생과,032-625-4328,2026-01-01
우지커피 부천중동힐스테이트점,경기도,부천시,"경기도 부천시 원미구 길주로 234, 202동 1층 1110호 (중동, 힐스테이트 중동)",경기도 부천시 원미구 중동 1301,37.50327968,126.7681417,30.97,,경기도 부천시 식품위생과,032-625-4328,2026-01-01
스윗워터스(Sweet waters),경기도,부천시,"경기도 부천시 원미구 소향로 217, 1층 일부호 (중동)",경기도 부천시 원미구 중동 1144,37.50113152,126.7720825,7.48,,경기도 부천시 식품위생과,032-625-4328,2026-01-01
텐퍼센트 스페셜티커피 부천대점,경기도,부천시,"경기도 부천시 원미구 신흥로 35, 1층 일부 (심곡동)",경기도 부천시 원미구 심곡동 351-39,37.48698922,126.7765458,24.2,,경기도 부천시 식품위생과,032-625-4328,2026-01-01
심곡본마을관리사회적협동조합,경기도,부천시,"경기도 부천시 소사구 성주로249번길 19, 심곡본동 지역돌봄센터 1층 일부호 (심곡본동)",경기도 부천시 소사구 심곡본동 685-15,37.48066277,126.7801796,76.44,,경기도 부천시 식품위생과,032-625-4328,2026-01-01
커피에반하다(부천남부역점),경기도,부천시,"경기도 부천시 소사구 경인로216번길 10, 1층 일부호 (심곡본동)",경기도 부천시 소사구 심곡본동 666-3,37.48298671,126.7792978,40.33,,경기도 부천시 식품위생과,032-625-4328,2026-01-01
디셈버.세컨드(December.2),경기도,부천시,"경기도 부천시 소사구 은성로 61-1, 1층 (소사본동)",경기도 부천시 소사구 소사본동 158-25,37.47532584,126.7976344,51.12,,경기도 부천시 식품위생과,032-625-4328,2026-01-01
1847유한대점,경기도,부천시,"경기도 부천시 소사구 경인로 590, G동 유일한기념관 4층 일부호 (괴안동)",경기도 부천시 소사구 괴안동 185-34,37.48812991,126.8223663,24.2,,경기도 부천시 식품위생과,032-625-4328,2026-01-01
누솜,경기도,부천시,"경기도 부천시 소사구 소사로126번길 72, 1층 일부호 (소사본동)",경기도 부천시 소사구 소사본동 294-68,37.47027975,126.8000786,36.98,,경기도 부천시 식품위생과,032-625-4328,2026-01-01
첫눈빙수 소사점,경기도,부천시,"경기도 부천시 소사구 소안로 10, 동문밀리언상가 1층 122호 (소사본동)",경기도 부천시 소사구 소사본동 244-66,37.47570709,126.8011063,26.26,,경기도 부천시 식품위생과,032-625-4328,2026-01-01
"허브,카페랩(HUB,CAFELAB)",경기도,부천시,"경기도 부천시 소사구 성주로 238, 2층 일부호 (심곡본동)",경기도 부천시 소사구 심곡본동 723-5,37.47949976,126.7816947,49,,경기도 부천시 식품위생과,032-625-4328,2026-01-01
메가엠지씨커피 폴리텍인천캠퍼스점,경기도,부천시,"경기도 부천시 소사구 경인로10번길 25-6, 송내복사골뜨란채주공아파트 상가동 101.102호 (송내동)",경기도 부천시 소사구 송내동 304-6,37.48183152,126.7558388,61.76,,경기도 부천시 식품위생과,032-625-4328,2026-01-01
에스티(ST).1201,경기도,부천시,"경기도 부천시 소사구 성주로 56, 1,2층 (송내동)",경기도 부천시 소사구 송내동 441-13,37.47994176,126.7626109,138.42,,경기도 부천시 식품위생과,032-625-4328,2026-01-01
영커피 부천소사본점,경기도,부천시,"경기도 부천시 소사구 소안로 10, 동문밀리언상가 1층 110호 (소사본동)",경기도 부천시 소사구 소사본동 244-66,37.47570709,126.8011063,27.51,,경기도 부천시 식품위생과,032-625-4328,2026-01-01
포트캔커피(부천남부역점),경기도,부천시,"경기도 부천시 소사구 경인로 253, 데카에셋빌딩 1층 107호 (심곡본동)",경기도 부천시 소사구 심곡본동 552,37.48330942,126.7837114,26.63,,경기도 부천시 식품위생과,032-625-4328,2026-01-01
메가엠지씨커피 부천옥길브리즈힐점,경기도,부천시,"경기도 부천시 소사구 옥길로 80, 상가동동 지1층 103호 (옥길동, 옥길브리즈힐)",경기도 부천시 소사구 옥길동 751-1,37.46386463,126.8207896,28.5,,경기도 부천시 식품위생과,032-625-4328,2026-01-01
원트커피,경기도,부천시,"경기도 부천시 소사구 경인로206번길 49, 1층 101호 (심곡본동, 오성드림빌)",경기도 부천시 소사구 심곡본동 658-1,37.48128446,126.7779144,23.08,,경기도 부천시 식품위생과,032-625-4328,2026-01-01
빽다방 부천엘림캐슬점,경기도,부천시,"경기도 부천시 소사구 경인로 255, HB엘림캐슬 1층 102호 (심곡본동)",경기도 부천시 소사구 심곡본동 552-4,37.48328973,126.7839053,50.02,,경기도 부천시 식품위생과,032-625-4328,2026-01-01
심선연2,경기도,부천시,"경기도 부천시 소사구 연동로159번길 35, 심선연2동 2층 (옥길동)",경기도 부천시 소사구 옥길동 521-9,37.47423545,126.8223307,177.84,,경기도 부천시 식품위생과,032-625-4328,2026-01-01
발도스커피 소사점,경기도,부천시,"경기도 부천시 소사구 소사로159번길 6, 1층 일부호 (소사본동)",경기도 부천시 소사구 소사본동 204-15,37.47265811,126.7952682,32.49,,경기도 부천시 식품위생과,032-625-4328,2026-01-01
오늘누룽지랑,경기도,부천시,"경기도 부천시 소사구 심곡로33번길 41, 1층 일부호 (심곡본동)",경기도 부천시 소사구 심곡본동 654-1,37.48074516,126.7777911,17.21,,경기도 부천시 식품위생과,032-625-4328,2026-01-01
메가엠지씨커피 부천여우고개점,경기도,부천시,"경기도 부천시 소사구 호현로387번길 3, 1층 (소사본동)",경기도 부천시 소사구 소사본동 212-11,37.47243485,126.7924328,65.75,,경기도 부천시 식품위생과,032-625-4328,2026-01-01
메가엠지씨커피 부천극동점,경기도,부천시,"경기도 부천시 소사구 성주로 225, 심곡빌딩 1층 101호일부호 (심곡본동)",경기도 부천시 소사구 심곡본동 698-2,37.47855161,126.7810463,64.85,,경기도 부천시 식품위생과,032-625-4328,2026-01-01
컴포즈커피 부천건주병원점,경기도,부천시,"경기도 부천시 소사구 경인로536번길 42, 1층 일부호 (괴안동)",경기도 부천시 소사구 괴안동 166-1,37.48410923,126.8161056,43.18,,경기도 부천시 식품위생과,032-625-4328,2026-01-01
아키케이크샵,경기도,부천시,"경기도 부천시 소사구 성주로231번길 4, 1층 일부호 (심곡본동)",경기도 부천시 소사구 심곡본동 689-12,37.47917034,126.781200,25.92,,경기도 부천시 식품위생과,032-625-4328,2026-01-01
반한x만쥬야,경기도,부천시,"경기도 부천시 소사구 경인로 51-1, 1층 일부호 (송내동)",경기도 부천시 소사구 송내동 345-9,37.48384023,126.7611309,23.76,,경기도 부천시 식품위생과,032-625-4328,2026-01-01
메가엠지씨커피 부천고강사거리점,경기도,부천시,"경기도 부천시 오정구 역곡로 473, 1층 일부호 (고강동)",경기도 부천시 오정구 고강동 474-1,37.52688271,126.8158327,47.16,,경기도 부천시 식품위생과,032-625-4328,2026-01-01
크리미브리오슈,경기도,부천시,"경기도 부천시 소사구 옥길로 1, 스타필드시티 부천 1층 일부호 (옥길동)",경기도 부천시 소사구 옥길동 768,37.4614757,126.8139134,15.17,,경기도 부천시 식품위생과,032-625-4328,2026-01-01
매머드익스프레스 소사역점,경기도,부천시,"경기도 부천시 소사구 경인옛로 37, 1층 129호 (소사본동, 힐스테이트 소사역)",경기도 부천시 소사구 소사본동 65-6 힐스테이트 소사역 1층 129호,37.4816605,126.7959846,38.43,,경기도 부천시 식품위생과,032-625-4328,2026-01-01
메가엠지씨커피 부천심곡고가사거리점,경기도,부천시,"경기도 부천시 소사구 경인로 194, 1층 일부호 (심곡본동)",경기도 부천시 소사구 심곡본동 589,37.48342775,126.7769919,54.81,,경기도 부천시 식품위생과,032-625-4328,2026-01-01
메가엠지씨커피 부천범박힐스테이트점,경기도,부천시,"경기도 부천시 소사구 범안로 117, 현대리치모아 1층 135호 (범박동)",경기도 부천시 소사구 범박동 155-2,37.47121719,126.8095873,51.64,,경기도 부천시 식품위생과,032-625-4328,2026-01-01
폼드팡 부천역점,경기도,부천시,"경기도 부천시 소사구 부천로 1, 부천역사 쇼핑몰 3층 가호 일부호 (심곡본동)",경기도 부천시 소사구 심곡본동 316-2,37.48442542,126.7827391,102.79,,경기도 부천시 식품위생과,032-625-4328,2026-01-01
컴포즈커피 송내역1번출구점,경기도,부천시,"경기도 부천시 소사구 송내대로 37, 라라스타찌오네 1층 103호, 105호일부호 (송내동)",경기도 부천시 소사구 송내동 709-2,37.48688806,126.7528538,50.11,,경기도 부천시 식품위생과,032-625-4328,2026-01-01
우지커피 부천옥길점,경기도,부천시,"경기도 부천시 소사구 범안로 227, 서영아너시티1차 1층 110호 (옥길동)",경기도 부천시 소사구 옥길동 777-4,37.4621557,126.8127211,43.94,,경기도 부천시 식품위생과,032-625-4328,2026-01-01
바이트참(BITE CHARM),경기도,부천시,"경기도 부천시 소사구 경인로 376, 소사역 힐스센텀 1층 109호 (소사본동)",경기도 부천시 소사구 소사본동 65-6,37.48170473,126.7973876,32.24,,경기도 부천시 식품위생과,032-625-4328,2026-01-01
메가엠지씨커피 옥길광양프런티어점,경기도,부천시,"경기도 부천시 소사구 양지로 237, 광양프런티어밸리 5차 지식산업센터 1층 101호 (옥길동)",경기도 부천시 소사구 옥길동 795-1,37.46633266,126.8278058,61.71,,경기도 부천시 식품위생과,032-625-4328,2026-01-01
홍콩다방 스타필드부천점,경기도,부천시,"경기도 부천시 소사구 옥길로 1, 스타필드시티 부천 4층 일부호 (옥길동)",경기도 부천시 소사구 옥길동 768,37.4614757,126.8139134,41.22,,경기도 부천시 식품위생과,032-625-4328,2026-01-01
빽다방 부천소사본점,경기도,부천시,"경기도 부천시 소사구 소삼로 21, 1층 일부호 (소사본동)",경기도 부천시 소사구 소사본동 82-4,37.4788057,126.7953281,64.27,,경기도 부천시 식품위생과,032-625-4328,2026-01-01
한얼커피숍,경기도,부천시,"경기도 부천시 오정구 오정로 208 (오정동,지층)",경기도 부천시 오정구 오정동 593-1,37.52687949,126.7831045,101.48,,경기도 부천시 식품위생과,032-625-4328,2026-01-01
알로에커피숍,경기도,부천시,"경기도 부천시 오정구 삼작로 329 (여월동,2층)",경기도 부천시 오정구 여월동 3-40,37.52001803,126.7982691,52.15,,경기도 부천시 식품위생과,032-625-4328,2026-01-01
커피에반하다 부천오정점,경기도,부천시,경기도 부천시 오정구 성오로 144 (오정동),경기도 부천시 오정구 오정동 137-35,37.52636298,126.7988535,56.6,,경기도 부천시 식품위생과,032-625-4328,2026-01-01
푸푸커피(fufu coffee),경기도,부천시,"경기도 부천시 오정구 평천로733번길 41 (삼정동,1층일부)",경기도 부천시 오정구 삼정동 307-23,37.51691537,126.7721263,24.59,,경기도 부천시 식품위생과,032-625-4328,2026-01-01
애프터커피(after coffee),경기도,부천시,"경기도 부천시 오정구 역곡로482번길 25 (고강동, 1층일부)",경기도 부천시 오정구 고강동 370-9,37.52724714,126.8174971,70,,경기도 부천시 식품위생과,032-625-4328,2026-01-01
커피베이,경기도,부천시,"경기도 부천시 오정구 소사로 663 (여월동, 홈플러스 부천여월점, 지상1층일부)",경기도 부천시 오정구 여월동 301,37.51584421,126.8024106,12.2,,경기도 부천시 식품위생과,032-625-4328,2026-01-01
메가엠지씨커피(부천오정점),경기도,부천시,"경기도 부천시 오정구 오정로 249 (오정동, 오정프라자 115호)",경기도 부천시 오정구 오정동 725,37.52986098,126.7859651,45.76,,경기도 부천시 식품위생과,032-625-4328,2026-01-01
더카페부천원종점,경기도,부천시,"경기도 부천시 오정구 소사로 786 (원종동, 1층일부)",경기도 부천시 오정구 원종동 233-13,37.52619499,126.8051168,66.24,,경기도 부천시 식품위생과,032-625-4328,2026-01-01
카페게이트 부천오정점,경기도,부천시,"경기도 부천시 오정구 오정로 258 (오정동, 세종아파트단지내상가씨동 104호)",경기도 부천시 오정구 오정동 177-1,37.53014414,126.7872441,24.75,,경기도 부천시 식품위생과,032-625-4328,2026-01-01
딥레스트(DEEPREST),경기도,부천시,"경기도 부천시 오정구 고리울로40번길 30 (고강동, 대하그랜드빌라 3동 지102호)",경기도 부천시 오정구 고강동 385-5,37.52611761,126.8200561,40.25,,경기도 부천시 식품위생과,032-625-4328,2026-01-01
카페알(Cafe-R),경기도,부천시,"경기도 부천시 오정구 중동로 406 (삼정동, 1층일부)",경기도 부천시 오정구 삼정동 314,37.51610163,126.770424,44.8,,경기도 부천시 식품위생과,032-625-4328,2026-01-01
커피향기,경기도,부천시,"경기도 부천시 오정구 고강로40번길 55 (원종동, 1동 102호일부)",경기도 부천시 오정구 원종동 298,37.52792696,126.8089583,10.5,,경기도 부천시 식품위생과,032-625-4328,2026-01-01
이디야 부천고강점,경기도,부천시,"경기도 부천시 오정구 역곡로 491 (고강동, 가동 1층일부)",경기도 부천시 오정구 고강동 285-6,37.52857061,126.8156378,77,,경기도 부천시 식품위생과,032-625-4328,2026-01-01
일층커피집,경기도,부천시,"경기도 부천시 오정구 석천로 397 (삼정동, 부천테크노파크쌍용3차 지원시설 401동 108호일부)",경기도 부천시 오정구 삼정동 36-1,37.52288995,126.7655166,34.32,,경기도 부천시 식품위생과,032-625-4328,2026-01-01
이디야커피 오정점,경기도,부천시,"경기도 부천시 오정구 오정로 247 (오정동, 외1필지, 썬프라자 104호)",경기도 부천시 오정구 오정동 216-1,37.52956088,126.7854791,47.12,,경기도 부천시 식품위생과,032-625-4328,2026-01-01
카페고리울,경기도,부천시,"경기도 부천시 오정구 고리울로 79 (고강동, 고강본동주민센터 1층일부)",경기도 부천시 오정구 고강동 324-4,37.52706253,126.8248197,56.52,,경기도 부천시 식품위생과,032-625-4328,2026-01-01
땡큐,경기도,부천시,"경기도 부천시 오정구 오정로 40 (삼정동, 1층일부)",경기도 부천시 오정구 삼정동 29-7,37.52546468,126.7644913,36.75,,경기도 부천시 식품위생과,032-625-4328,2026-01-01
토브빈,경기도,부천시,"경기도 부천시 오정구 성오로 167 (오정동, 대한예수교장로회  예심교회 1층전체)",경기도 부천시 오정구 오정동 157-3,37.52700389,126.796243,227.04,,경기도 부천시 식품위생과,032-625-4328,2026-01-01
천산카페,경기도,부천시,"경기도 부천시 오정구 삼작로108번길 16 (내동, 천산중앙교회교육관 가동 1층일부 )",경기도 부천시 오정구 내동 19-3,37.51919396,126.7729936,33,,경기도 부천시 식품위생과,032-625-4328,2026-01-01
누구나쉼터,경기도,부천시,"경기도 부천시 오정구 고리울로52번길 50 (고강동, 1층일부)",경기도 부천시 오정구 고강동 386-8,37.52517609,126.8208438,26.6,,경기도 부천시 식품위생과,032-625-4328,2026-01-01
더벤티 부천고강시장점1,경기도,부천시,"경기도 부천시 오정구 고강로92번길 41 (고강동, 고강제일시장 9동 1층일부)",경기도 부천시 오정구 고강동 318,37.52822926,126.815086,22.68,,경기도 부천시 식품위생과,032-625-4328,2026-01-01
더벤티 부천고강시장점2,경기도,부천시,"경기도 부천시 오정구 고강로92번길 41, 1층 일부호 (고강동)",경기도 부천시 오정구 고강동 318,37.52822926,126.815086,24.15,,경기도 부천시 식품위생과,032-625-4328,2026-01-01
카페동네,경기도,부천시,경기도 부천시 오정구 성곡로 68-5 (여월동),경기도 부천시 오정구 여월동 6-42,37.51960752,126.7975224,98.42,,경기도 부천시 식품위생과,032-625-4328,2026-01-01
내동커피,경기도,부천시,"경기도 부천시 오정구 삼작로221번길 15 (내동, 선경타운, 1층101호)",경기도 부천시 오정구 내동 306-4,37.52082081,126.7859252,32.48,,경기도 부천시 식품위생과,032-625-4328,2026-01-01
부천원종중앙점 빽다방,경기도,부천시,"경기도 부천시 오정구 소사로 747 (원종동, 1층일부)",경기도 부천시 오정구 원종동 227-5,37.522956,126.8044183,60.27,,경기도 부천시 식품위생과,032-625-4328,2026-01-01
브니엘 커피하우스,경기도,부천시,"경기도 부천시 오정구 작동로58번길 53, 1층 (작동)",경기도 부천시 오정구 작동 163-7,37.51205373,126.8158148,124.04,,경기도 부천시 식품위생과,032-625-4328,2026-01-01
"Dear,Mond(디어몬드)",경기도,부천시,"경기도 부천시 오정구 삼작로 304 (여월동, 2층전체)",경기도 부천시 오정구 여월동 52,37.52003907,126.7953105,148.63,,경기도 부천시 식품위생과,032-625-4328,2026-01-01
카페26(CAFE26),경기도,부천시,"경기도 부천시 오정구 부천로476번길 46 (오정동, 한양아파트 1층 104호)",경기도 부천시 오정구 오정동 581-4,37.52639883,126.7850893,38.61,,경기도 부천시 식품위생과,032-625-4328,2026-01-01
꽃앤(N)콩,경기도,부천시,"경기도 부천시 오정구 원종로119번길 49 (고강동, 대우마이빌 1층 101호)",경기도 부천시 오정구 고강동 308-5,37.52626744,126.8133205,32.82,,경기도 부천시 식품위생과,032-625-4328,2026-01-01
플레이스38,경기도,부천시,"경기도 부천시 오정구 역곡로 499 (고강동, 신원프린스C동 1층 101호)",경기도 부천시 오정구 고강동 284-24,37.52919616,126.8158558,21.39,,경기도 부천시 식품위생과,032-625-4328,2026-01-01
느림&여유 카페,경기도,부천시,"경기도 부천시 오정구 성오로 172, 1층 일부호 (오정동, 오정동행정복지센터 )",경기도 부천시 오정구 오정동 129,37.52834862,126.7960259,10.67,,경기도 부천시 식품위생과,032-625-4328,2026-01-01
살롱 드 마망,경기도,부천시,"경기도 부천시 오정구 오정로252번길 80 (오정동, 1층 일부)",경기도 부천시 오정구 오정동 114-54,37.52870283,126.7904312,33.06,,경기도 부천시 식품위생과,032-625-4328,2026-01-01
테라커피 여월점,경기도,부천시,"경기도 부천시 오정구 성곡로 28 (여월동, 2층201호)",경기도 부천시 오정구 여월동 10,37.5170081,126.8008981,68.5,,경기도 부천시 식품위생과,032-625-4328,2026-01-01
핏어팟(Pit A Pat),경기도,부천시,"경기도 부천시 오정구 소사로700번길 39 (원종동, 1층일부)",경기도 부천시 오정구 원종동 366-5,37.51862383,126.8070656,20.3,,경기도 부천시 식품위생과,032-625-4328,2026-01-01
카페늘,경기도,부천시,"경기도 부천시 오정구 까치로6번길 7-12 (작동, 1층전체)",경기도 부천시 오정구 작동 427-3,37.50742401,126.8091767,52.76,,경기도 부천시 식품위생과,032-625-4328,2026-01-01
빽다방 부천약대점,경기도,부천시,"경기도 부천시 오정구 평천로 718 (삼정동, 1층, 일부)",경기도 부천시 오정구 삼정동 342-3,37.51494465,126.7707028,28.67,,경기도 부천시 식품위생과,032-625-4328,2026-01-01
CU부천내동점,경기도,부천시,"경기도 부천시 오정구 신흥로389번길 53 (내동, 1층)",경기도 부천시 오정구 내동 31,37.51836016,126.772327,7.93,,경기도 부천시 식품위생과,032-625-4328,2026-01-01
요거프레소(오정산업단지점),경기도,부천시,"경기도 부천시 오정구 산업로 18, 104호 (오정동)",경기도 부천시 오정구 오정동 773-4,37.52855373,126.7798887,61.74,,경기도 부천시 식품위생과,032-625-4328,2026-01-01
부천시오정노인복지관 꿈볶는카페,경기도,부천시,"경기도 부천시 오정구 성오로 172 (오정동, 오정동행정복지센터 5층 일부)",경기도 부천시 오정구 오정동 129,37.52834862,126.7960259,56.71,,경기도 부천시 식품위생과,032-625-4328,2026-01-01
카페늘봄,경기도,부천시,"경기도 부천시 오정구 원종로79번길 6, 1층 101-1호 (원종동, 청담힐스아파트)",경기도 부천시 오정구 원종동 293-27,37.52422247,126.8090559,27.36,,경기도 부천시 식품위생과,032-625-4328,2026-01-01
커피공방,경기도,부천시,"경기도 부천시 오정구 성지로111번길 39, 에이동 101호 (원종동)",경기도 부천시 오정구 원종동 299,37.52857838,126.8089575,37.16,,경기도 부천시 식품위생과,032-625-4328,2026-01-01
메가엠지씨커피 고강점,경기도,부천시,경기도 부천시 오정구 역곡로 505 (고강동),경기도 부천시 오정구 고강동 284-5,37.52971782,126.8158471,46.68,,경기도 부천시 식품위생과,032-625-4328,2026-01-01
온:따뜻한,경기도,부천시,"경기도 부천시 오정구 역곡로472번길 39, 1층 (고강동, 1층일부)",경기도 부천시 오정구 고강동 376-15,37.52634224,126.8181806,45.9,,경기도 부천시 식품위생과,032-625-4328,2026-01-01
메가엠지씨커피 부천고강제일시장점,경기도,부천시,"경기도 부천시 오정구 성지로 102, 1층 (고강동, 현대주택)",경기도 부천시 오정구 고강동 291-6,37.52833997,126.8114229,37.14,,경기도 부천시 식품위생과,032-625-4328,2026-01-01
메가엠지씨커피 부천쌍용3차점,경기도,부천시,"경기도 부천시 오정구 석천로 397, 부천테크노파크쌍용3차 203동 2층 207호 (삼정동)",경기도 부천시 오정구 삼정동 36-1,37.52288995,126.7655166,48.6,,경기도 부천시 식품위생과,032-625-4328,2026-01-01
모란가죽공방카페,경기도,부천시,"경기도 부천시 오정구 원종로119번길 66, 지하2층 B108호 (고강동, 청광플러스원)",경기도 부천시 오정구 고강동 328,37.52727021,126.8139801,66.19,,경기도 부천시 식품위생과,032-625-4328,2026-01-01
카페작은공간,경기도,부천시,"경기도 부천시 오정구 삼작로 98, 1층 (내동)",경기도 부천시 오정구 내동 9,37.52002126,126.7719179,11.01,,경기도 부천시 식품위생과,032-625-4328,2026-01-01
Friends Bean(프렌즈빈),경기도,부천시,"경기도 부천시 오정구 고리울로 14-1, 1층 (고강동)",경기도 부천시 오정구 고강동 370-14,37.52757402,126.8176142,63.62,,경기도 부천시 식품위생과,032-625-4328,2026-01-01
(주)동원홈푸드 부천로지스틱스파크 샌드프레소,경기도,부천시,"경기도 부천시 오정구 신흥로511번길 80, 켄달스퀘어 부천 로지스틱스파크 7층 일부호 (오정동)",경기도 부천시 오정구 오정동 802,37.52964984,126.775701,55.5,,경기도 부천시 식품위생과,032-625-4328,2026-01-01
현쓰커피,경기도,부천시,"경기도 부천시 오정구 오정로199번길 24, 지안 더 센트로 1층 101호 (오정동, 지안 더 센트로)",경기도 부천시 오정구 오정동 209-4,37.52785347,126.7825644,46.87,,경기도 부천시 식품위생과,032-625-4328,2026-01-01
먼마루 마실 카페,경기도,부천시,"경기도 부천시 오정구 원종로51번길 46, 1층 일부호 (원종동)",경기도 부천시 오정구 원종동 236,37.52613558,126.8058581,63,,경기도 부천시 식품위생과,032-625-4328,2026-01-01
제노,경기도,부천시,"경기도 부천시 오정구 역곡로482번길 19, 성산빌딩 (고강동)",경기도 부천시 오정구 고강동 370-11,37.52738553,126.8170274,207.45,,경기도 부천시 식품위생과,032-625-4328,2026-01-01
이든,경기도,부천시,"경기도 부천시 오정구 고리울로63번길 13, 1층 (고강동)",경기도 부천시 오정구 고강동 394-12,37.52766763,126.8229977,17.18,,경기도 부천시 식품위생과,032-625-4328,2026-01-01
Cafe UNI(카페 유앤아이),경기도,부천시,"경기도 부천시 오정구 소사로819번길 33, 301동 1층 101호 (원종동, 원종동 금호 어울림)",경기도 부천시 오정구 원종동 470,37.52938624,126.8023494,21.61,,경기도 부천시 식품위생과,032-625-4328,2026-01-01
다다커피,경기도,부천시,"경기도 부천시 오정구 중동로443번길 10, 라동 1층 일부호 (삼정동, 삼일연립)",경기도 부천시 오정구 삼정동 297-3,37.5196103,126.7697254,34.32,,경기도 부천시 식품위생과,032-625-4328,2026-01-01
카페작동(Cafe Jakdong),경기도,부천시,"경기도 부천시 오정구 삼작로 482, 1층 (작동)",경기도 부천시 오정구 작동 33-2,37.51854219,126.815053,60.08,,경기도 부천시 식품위생과,032-625-4328,2026-01-01
루나(Luna)2호점,경기도,부천시,"경기도 부천시 오정구 삼작로 22, 부천테크노파크 100동 1층 106호 (삼정동)",경기도 부천시 오정구 삼정동 364,37.51902036,126.7623313,52.38,,경기도 부천시 식품위생과,032-625-4328,2026-01-01
"우리, 둘이",경기도,부천시,"경기도 부천시 오정구 원종로29번길 25, 1층 일부호 (원종동)",경기도 부천시 오정구 원종동 218-4,37.52514971,126.8031415,41.72,,경기도 부천시 식품위생과,032-625-4328,2026-01-01
요거프레소 여월점,경기도,부천시,"경기도 부천시 오정구 성곡로 41, 1층 (여월동)",경기도 부천시 오정구 여월동 44-76,37.51784144,126.7995672,68.1,,경기도 부천시 식품위생과,032-625-4328,2026-01-01
컴포즈커피 여월점,경기도,부천시,"경기도 부천시 오정구 여월로 64, 에버그린 110,111호 (여월동)",경기도 부천시 오정구 여월동 332,37.51111499,126.8061452,58.4,,경기도 부천시 식품위생과,032-625-4328,2026-01-01
컴포즈커피(부천원종점),경기도,부천시,"경기도 부천시 오정구 원종로 40, 1층 일부호 (원종동)",경기도 부천시 오정구 원종동 227,37.52396291,126.8041695,28.35,,경기도 부천시 식품위생과,032-625-4328,2026-01-01
테라커피 부천신흥시장점,경기도,부천시,"경기도 부천시 오정구 중동로 404, 1층 일부호 (삼정동)",경기도 부천시 오정구 삼정동 314-3,37.51588148,126.7704098,101.4,,경기도 부천시 식품위생과,032-625-4328,2026-01-01
토닥토닥 오정공원점,경기도,부천시,경기도 부천시 오정구 상오정로 183 (오정동),경기도 부천시 오정구 오정동 1-3,37.52978294,126.7961418,18.5,,경기도 부천시 식품위생과,032-625-4328,2026-01-01
스페이스작,경기도,부천시,"경기도 부천시 오정구 까치로20번길 13-7, 1,2층 (작동)",경기도 부천시 오정구 작동 407,37.50857871,126.8085479,505.58,,경기도 부천시 식품위생과,032-625-4328,2026-01-01
cafe cherish(카페체리쉬),경기도,부천시,"경기도 부천시 오정구 부천로476번가길 35, 지하1층 (오정동)",경기도 부천시 오정구 오정동 575-6,37.52750271,126.7847795,63.95,,경기도 부천시 식품위생과,032-625-4328,2026-01-01
커피베이(오정점),경기도,부천시,"경기도 부천시 오정구 상오정로 20, 1층 일부호 (오정동)",경기도 부천시 오정구 오정동 611-5,37.52400846,126.7859244,41.4,,경기도 부천시 식품위생과,032-625-4328,2026-01-01
수채화케이크,경기도,부천시,"경기도 부천시 오정구 삼작로424번길 26, 1층 101호 (원종동, 동양아트빌)",경기도 부천시 오정구 원종동 360-29,37.51875895,126.8085957,40.6,,경기도 부천시 식품위생과,032-625-4328,2026-01-01
메가엠지씨커피 부천테크노파크점,경기도,부천시,"경기도 부천시 오정구 삼작로 22, 부천테크노파크 100동 102호 일부호 (삼정동)",경기도 부천시 오정구 삼정동 364,37.51902036,126.7623313,42.4,,경기도 부천시 식품위생과,032-625-4328,2026-01-01
8커피(8COFFEE),경기도,부천시,"경기도 부천시 오정구 성지로 107, 리치하임2 1층 101,102호 (원종동)",경기도 부천시 오정구 원종동 338-3,37.52868407,126.8109738,42.24,,경기도 부천시 식품위생과,032-625-4328,2026-01-01
"카페더코너476/CAFE, THE CORNER476",경기도,부천시,"경기도 부천시 오정구 부천로476번나길 86-9, 1층 일부호 (오정동)",경기도 부천시 오정구 오정동 546-3,37.52885838,126.7882819,44.98,,경기도 부천시 식품위생과,032-625-4328,2026-01-01
메가커피(원종사거리점),경기도,부천시,"경기도 부천시 오정구 원종로 33, 1층  제2호 일부호 (원종동)",경기도 부천시 오정구 원종동 221-13,37.52420133,126.8037997,50.92,,경기도 부천시 식품위생과,032-625-4328,2026-01-01
빵카페(Bread Cafe),경기도,부천시,"경기도 부천시 오정구 상오정로19번길 42, 1층 일부호 (오정동)",경기도 부천시 오정구 오정동 570,37.52599512,126.785945,48,,경기도 부천시 식품위생과,032-625-4328,2026-01-01
까페사장(Cafe Boss),경기도,부천시,"경기도 부천시 오정구 평천로733번길 17, 1층 일부호 (삼정동)",경기도 부천시 오정구 삼정동 313-12,37.51582487,126.7721612,25.85,,경기도 부천시 식품위생과,032-625-4328,2026-01-01
쉼,경기도,부천시,"경기도 부천시 오정구 삼작로496번길 50, 2층 일부호 (작동)",경기도 부천시 오정구 작동 55-4,37.5168861,126.8175134,27.14,,경기도 부천시 식품위생과,032-625-4328,2026-01-01
모모커피,경기도,부천시,"경기도 부천시 오정구 오정로 233, OBS경인TV B동 1층 일부호 (오정동)",경기도 부천시 오정구 오정동 202-6,37.52934886,126.7842819,123.08,,경기도 부천시 식품위생과,032-625-4328,2026-01-01
달리는커피 작동점,경기도,부천시,"경기도 부천시 오정구 역곡로 392, 1층 (작동)",경기도 부천시 오정구 작동 9-1,37.51968214,126.8150025,31.45,,경기도 부천시 식품위생과,032-625-4328,2026-01-01
컴포즈커피 부천고강시장점,경기도,부천시,"경기도 부천시 오정구 역곡로481번길 15, 1층 일부호 (고강동)",경기도 부천시 오정구 고강동 470,37.52779022,126.8152676,23.8,,경기도 부천시 식품위생과,032-625-4328,2026-01-01
커피온리(부천제일시장점),경기도,부천시,"경기도 부천시 오정구 원종로119번길 90, 1층 일부호 (고강동)",경기도 부천시 오정구 고강동 321,37.52808808,126.8136582,31.67,,경기도 부천시 식품위생과,032-625-4328,2026-01-01
쿠키앤테이블,경기도,부천시,"경기도 부천시 오정구 원종로35번길 50, 1층 101호 (원종동, 썬트리하우스)",경기도 부천시 오정구 원종동 229-18,37.52627857,126.8041687,49.34,,경기도 부천시 식품위생과,032-625-4328,2026-01-01
피에스,경기도,부천시,"경기도 부천시 오정구 역곡로 396, 1층 (작동)",경기도 부천시 오정구 작동 7-1,37.52005628,126.8151406,36.1,,경기도 부천시 식품위생과,032-625-4328,2026-01-01
다찌(DAZZI),경기도,부천시,"경기도 부천시 오정구 소사로819번길 33, 301동 1층 104호 (원종동, 원종동 금호 어울림)",경기도 부천시 오정구 원종동 470,37.52938624,126.8023494,24.84,,경기도 부천시 식품위생과,032-625-4328,2026-01-01
빠앙,경기도,부천시,"경기도 부천시 오정구 원종로 106, 1층 105호 (고강동, 플로리아)",경기도 부천시 오정구 고강동 295-1,37.52391298,126.8118674,40,,경기도 부천시 식품위생과,032-625-4328,2026-01-01
카페목화,경기도,부천시,"경기도 부천시 오정구 성지로 100, 한일빌딩 1층 일부호 (고강동)",경기도 부천시 오정구 고강동 292,37.52798077,126.8114945,41.92,,경기도 부천시 식품위생과,032-625-4328,2026-01-01
커피플러스,경기도,부천시,"경기도 부천시 오정구 삼작로189번길 24, 1층 (내동)",경기도 부천시 오정구 내동 253-5,37.52119004,126.7821305,33,,경기도 부천시 식품위생과,032-625-4328,2026-01-01
투썸플레이스 부천원종점,경기도,부천시,"경기도 부천시 오정구 소사로 766, 1층일부 2층호 (원종동)",경기도 부천시 오정구 원종동 277-14,37.52438783,126.8052087,332,,경기도 부천시 식품위생과,032-625-4328,2026-01-01
메가엠지씨커피 부천고리울점,경기도,부천시,"경기도 부천시 오정구 고리울로52번길 24, 테라 탑 팰리스 1층 104, 105호 (고강동)",경기도 부천시 오정구 고강동 388-13,37.52622834,126.8211637,87.94,,경기도 부천시 식품위생과,032-625-4328,2026-01-01
The more(더모어),경기도,부천시,"경기도 부천시 오정구 원종로 105, 1, 2층 (고강동)",경기도 부천시 오정구 고강동 294-7,37.52420121,126.8118649,47.51,,경기도 부천시 식품위생과,032-625-4328,2026-01-01
마이조이커피,경기도,부천시,"경기도 부천시 오정구 소사로794번길 30, 1동 1층 103호 (원종동, 한마을타운)",경기도 부천시 오정구 원종동 250-7,37.52733361,126.8062816,54.46,,경기도 부천시 식품위생과,032-625-4328,2026-01-01
매머드익스프레스 부천테크노파크점,경기도,부천시,"경기도 부천시 오정구 석천로 345, 부천테크노파크 부대동 110호 (삼정동)",경기도 부천시 오정구 삼정동 365,37.51978102,126.7648225,65.87,,경기도 부천시 식품위생과,032-625-4328,2026-01-01
모스카페(MOSScafe),경기도,부천시,"경기도 부천시 오정구 고리울로16번길 7, 가동 1층 101호 (고강동, 승민리치빌)",경기도 부천시 오정구 고강동 377-16,37.52734293,126.8177987,51.96,,경기도 부천시 식품위생과,032-625-4328,2026-01-01
컴포즈커피 부천원종초점,경기도,부천시,"경기도 부천시 오정구 소사로 706, 1층 일부호 (원종동)",경기도 부천시 오정구 원종동 372-5,37.51878095,126.8051346,86.86,,경기도 부천시 식품위생과,032-625-4328,2026-01-01
달리는커피 부천오정점,경기도,부천시,"경기도 부천시 오정구 오정로 226-1, 1층 일부호 (오정동)",경기도 부천시 오정구 오정동 576-1,37.52821085,126.7847033,37.84,,경기도 부천시 식품위생과,032-625-4328,2026-01-01
카페달눈,경기도,부천시,"경기도 부천시 오정구 역곡로 451, 101호 (고강동, 뉴월드맨션)",경기도 부천시 오정구 고강동 480-9,37.52499284,126.8155267,23.65,,경기도 부천시 식품위생과,032-625-4328,2026-01-01
핀아,경기도,부천시,"경기도 부천시 오정구 중동로 435, 1층 일부호 (삼정동)",경기도 부천시 오정구 삼정동 296-25,37.51878459,126.7698956,21.73,,경기도 부천시 식품위생과,032-625-4328,2026-01-01
달콤한오후,경기도,부천시,"경기도 부천시 오정구 성지로 73, 제2동 1층 101호 (원종동, 하이캐슬)",경기도 부천시 오정구 원종동 340-29,37.52562659,126.8108475,56.85,,경기도 부천시 식품위생과,032-625-4328,2026-01-01
컴포즈커피부천쌍용3차점,경기도,부천시,"경기도 부천시 오정구 석천로 397, 부천테크노파크쌍용3차 203동 210호 (삼정동)",경기도 부천시 오정구 삼정동 36-1,37.52288995,126.7655166,36.3,,경기도 부천시 식품위생과,032-625-4328,2026-01-01
"카페,쉼표",경기도,부천시,"경기도 부천시 오정구 신흥로441번길 17, 1층 일부 (삼정동)",경기도 부천시 오정구 삼정동 202-2,37.52293484,126.7751642,42.67,,경기도 부천시 식품위생과,032-625-4328,2026-01-01
스타벅스 부천원종DT점,경기도,부천시,"경기도 부천시 오정구 소사로 826, 1,2,3층 (원종동)",경기도 부천시 오정구 원종동 173,37.52971726,126.8053609,382.83,,경기도 부천시 식품위생과,032-625-4328,2026-01-01
청춘,경기도,부천시,"경기도 부천시 오정구 길주로 567, 서인빌딩 4층 일부호 (여월동)",경기도 부천시 오정구 여월동 244,37.50724795,126.8053611,237.6,,경기도 부천시 식품위생과,032-625-4328,2026-01-01
호랭이카페,경기도,부천시,경기도 부천시 오정구 오정로 176 (주)월드컬렉션 1층 일부호 (내동),경기도 부천시 오정구 내동 207-17 (주)월드컬렉션,37.52552294,126.7800339,33.97,,경기도 부천시 식품위생과,032-625-4328,2026-01-01
메가엠지씨커피(원종중앙점),경기도,부천시,"경기도 부천시 오정구 소사로 805, 1층 일부호 (원종동)",경기도 부천시 오정구 원종동 230-1,37.52790965,126.8045522,66.5,,경기도 부천시 식품위생과,032-625-4328,2026-01-01
나나당,경기도,부천시,"경기도 부천시 오정구 삼작로164번길 20, 1층 일부호 (내동)",경기도 부천시 오정구 내동 136-3,37.51940059,126.779377,26.92,,경기도 부천시 식품위생과,032-625-4328,2026-01-01
커피마마퀸(MaMaQueen),경기도,부천시,"경기도 부천시 오정구 고강로72번길 49, 1층 101,102호 (고강동)",경기도 부천시 오정구 고강동 310-24,37.527604,126.8122488,41.78,,경기도 부천시 식품위생과,032-625-4328,2026-01-01
경기부천소사지역자활센터 카페뜨락,경기도,부천시,"경기도 부천시 오정구 고리울로8번길 77, 수주도서관 별관 2층 (고강동)",경기도 부천시 오정구 고강동 산 90,37.52437653,126.818650,123.63,,경기도 부천시 식품위생과,032-625-4328,2026-01-01
더벤티 부천원종역점,경기도,부천시,"경기도 부천시 오정구 소사로 779, 뉴월드프라자 1층 102호 (원종동)",경기도 부천시 오정구 원종동 229-8,37.52567419,126.8045569,43.38,,경기도 부천시 식품위생과,032-625-4328,2026-01-01
요거트월드,경기도,부천시,"경기도 부천시 오정구 원종로29번길 63, 1층 일부호 (원종동)",경기도 부천시 오정구 원종동 136-2,37.52692781,126.802641,32.91,,경기도 부천시 식품위생과,032-625-4328,2026-01-01
부천오정경찰서(복지위원회),경기도,부천시,"경기도 부천시 오정구 소사로 631, 부천오정경찰서 1층 (여월동)",경기도 부천시 오정구 여월동 304,37.51449468,126.8003209,49.86,,경기도 부천시 식품위생과,032-625-4328,2026-01-01
카페미라클(cafe miracle),경기도,부천시,"경기도 부천시 오정구 석천로 345, 부천테크노파크 부대동 1층 111호 일부호 (삼정동)",경기도 부천시 오정구 삼정동 365,37.51978102,126.7648225,27.09,,경기도 부천시 식품위생과,032-625-4328,2026-01-01
메가엠지씨커피 부천신흥시장점,경기도,부천시,"경기도 부천시 오정구 평천로 723, 1층 106호 (삼정동)",경기도 부천시 오정구 삼정동 315-1,37.51531115,126.7711999,57.34,,경기도 부천시 식품위생과,032-625-4328,2026-01-01
달리는커피 삼정점,경기도,부천시,"경기도 부천시 오정구 중동로 415-3, 1층 일부호 (삼정동)",경기도 부천시 오정구 삼정동 294-3,37.5169156,126.7699191,23.28,,경기도 부천시 식품위생과,032-625-4328,2026-01-01
컴포즈커피 부천오정점,경기도,부천시,"경기도 부천시 오정구 부천로476번길 51, 오거리타운 1층 101호 (오정동)",경기도 부천시 오정구 오정동 580,37.52670559,126.7853212,41.95,,경기도 부천시 식품위생과,032-625-4328,2026-01-01
더벤티카페(theventi coffee),경기도,부천시,"경기도 부천시 오정구 소사로 701, 성산빌딩 1층 일부호 (원종동)",경기도 부천시 오정구 원종동 375-8,37.51867466,126.8046069,32.67,,경기도 부천시 식품위생과,032-625-4328,2026-01-01
컴포즈커피 부천테크노파크점,경기도,부천시,"경기도 부천시 오정구 석천로 345, 부천테크노파크 부대동 1층 108호 (삼정동)",경기도 부천시 오정구 삼정동 365,37.51978102,126.7648225,85.86,,경기도 부천시 식품위생과,032-625-4328,2026-01-01
매머드익스프레스 부천테크노파크쌍용3차점,경기도,부천시,"경기도 부천시 오정구 석천로 397, 부천테크노파크쌍용3차 203동 213호 (삼정동)",경기도 부천시 오정구 삼정동 36-1,37.52288995,126.7655166,59.68,,경기도 부천시 식품위생과,032-625-4328,2026-01-01
컴포즈커피 부천오정산업단지점,경기도,부천시,"경기도 부천시 오정구 오정로211번길 39-6, 1층 일부호 (오정동)",경기도 부천시 오정구 오정동 394-21,37.52892875,126.7817494,26.18,,경기도 부천시 식품위생과,032-625-4328,2026-01-01
디저트39 부천원종점,경기도,부천시,"경기도 부천시 오정구 소사로 758, 2층 일부호 (원종동)",경기도 부천시 오정구 원종동 280-15,37.5236672,126.8052045,170.22,,경기도 부천시 식품위생과,032-625-4328,2026-01-01
코지센트(Cozy Scent),경기도,부천시,"경기도 부천시 오정구 작동로 46, 단독주택 1층 일부호 (작동)",경기도 부천시 오정구 작동 362-16,37.5103376,126.8134115,38.7,,경기도 부천시 식품위생과,032-625-4328,2026-01-01
컴포즈커피 부천여월중앙점,경기도,부천시,"경기도 부천시 오정구 성곡로 65, 1층 104호 (여월동)",경기도 부천시 오정구 여월동 5-20,37.51921415,126.7976824,59.78,,경기도 부천시 식품위생과,032-625-4328,2026-01-01
백억커피 부천고강점,경기도,부천시,"경기도 부천시 오정구 고리울로8번길 16, 1층 일부호 (고강동)",경기도 부천시 오정구 고강동 347-1,37.5272683,126.8167356,31.2,,경기도 부천시 식품위생과,032-625-4328,2026-01-01
이디야 오정대공원점,경기도,부천시,"경기도 부천시 오정구 상오정로 174, 1-2층 (오정동)",경기도 부천시 오정구 오정동 127-14,37.52894319,126.797420,72.59,,경기도 부천시 식품위생과,032-625-4328,2026-01-01
트릿츠(Treats),경기도,부천시,"경기도 부천시 오정구 까치로6번길 17-7, 1층 전체호 (작동)",경기도 부천시 오정구 작동 427-8,37.50738984,126.8093819,59.44,,경기도 부천시 식품위생과,032-625-4328,2026-01-01
커피팩토리(COFFEE FACTORY),경기도,부천시,"경기도 부천시 오정구 신흥로362번길 34, 에이치에스팩 타워 1층 일부호 (내동)",경기도 부천시 오정구 내동 96-3,37.51628813,126.7772435,64.17,,경기도 부천시 식품위생과,032-625-4328,2026-01-01
테리베리커피(terybery coffee),경기도,부천시,"경기도 부천시 오정구 산업로 126, 제이프라자 1층 102~104호 (오정동)",경기도 부천시 오정구 오정동 744-3,37.53348815,126.7869178,163.37,,경기도 부천시 식품위생과,032-625-4328,2026-01-01
플러스82원종점,경기도,부천시,"경기도 부천시 오정구 소사로 742, 세라메디컬센터 1층 107호 (원종동)",경기도 부천시 오정구 원종동 281-6,37.52231252,126.8051357,32.33,,경기도 부천시 식품위생과,032-625-4328,2026-01-01
테라커피 내동다솜점,경기도,부천시,"경기도 부천시 오정구 신흥로378번길 9, 다솜 요양병원 1층 일부호 (내동)",경기도 부천시 오정구 내동 63,37.51751012,126.7757976,56,,경기도 부천시 식품위생과,032-625-4328,2026-01-01
투썸플레이스 부천여월점,경기도,부천시,"경기도 부천시 오정구 성곡로 23, 1층 104호, 105호, 106호 (여월동, 여월 늘해랑)",경기도 부천시 오정구 여월동 299,37.51635831,126.8012304,202.9,,경기도 부천시 식품위생과,032-625-4328,2026-01-01
더벤티 부천오정점,경기도,부천시,"경기도 부천시 오정구 오정로 242, 낙원빌딩 1층 일부호 (오정동)",경기도 부천시 오정구 오정동 555,37.52914772,126.7859465,25.45,,경기도 부천시 식품위생과,032-625-4328,2026-01-01
(주)에스피씨지에프에스 쿠팡물류부천2센터카페,경기도,부천시,"경기도 부천시 오정구 신흥로511번길 112, 부천 저온물류센터 4층 일부호 (오정동)",경기도 부천시 오정구 오정동 801,37.53103927,126.7717024,15.98,,경기도 부천시 식품위생과,032-625-4328,2026-01-01
초록콩커피,경기도,부천시,"경기도 부천시 오정구 오정로 41, 1층 일부호 (삼정동)",경기도 부천시 오정구 삼정동 19-40,37.52601617,126.7647565,43.03,,경기도 부천시 식품위생과,032-625-4328,2026-01-01
이디야커피 원종역점,경기도,부천시,"경기도 부천시 오정구 원종로 41, 1층 일부호 (원종동)",경기도 부천시 오정구 원종동 228-6,37.52414489,126.8044317,74.47,,경기도 부천시 식품위생과,032-625-4328,2026-01-01
우지커피(부천고강점),경기도,부천시,"경기도 부천시 오정구 고리울로51번길 20, 1층 일부호 (고강동)",경기도 부천시 오정구 고강동 394,37.52813744,126.8220598,34.58,,경기도 부천시 식품위생과,032-625-4328,2026-01-01
빽다방 부천테크노파크점,경기도,부천시,"경기도 부천시 오정구 삼작로 22, 부천테크노파크 100동 1층 101호 (삼정동)",경기도 부천시 오정구 삼정동 364,37.51902036,126.7623313,62.47,,경기도 부천시 식품위생과,032-625-4328,2026-01-01
안녕하루야,경기도,부천시,"경기도 부천시 오정구 부천로476번나길 67, 1층 일부호 (오정동)",경기도 부천시 오정구 오정동 554-25,37.52859535,126.7870633,12.68,,경기도 부천시 식품위생과,032-625-4328,2026-01-01
카페카렌시아,경기도,부천시,"경기도 부천시 오정구 수도로 191, 1층 101호 (내동, 명성 카렌시아(Querencia) 아파트)",경기도 부천시 오정구 내동 317,37.51971967,126.7863081,57.6,,경기도 부천시 식품위생과,032-625-4328,2026-01-01
윤수카페,경기도,부천시,"경기도 부천시 오정구 고강로161번길 14, 유호 2층 일부호 (고강동)",경기도 부천시 오정구 고강동 251-1,37.53216347,126.8224776,38.03,,경기도 부천시 식품위생과,032-625-4328,2026-01-01
스핑스커피,경기도,부천시,"경기도 부천시 오정구 성지로 57, 1층 일부호 (원종동)",경기도 부천시 오정구 원종동 341-7,37.52430685,126.8109915,71.65,,경기도 부천시 식품위생과,032-625-4328,2026-01-01
메가엠지씨커피 부천여월휴먼시아점,경기도,부천시,"경기도 부천시 오정구 여월로 66, DS타워 1층 109호 (여월동)",경기도 부천시 오정구 여월동 333,37.51152316,126.8058778,49,,경기도 부천시 식품위생과,032-625-4328,2026-01-01
바인(byin),경기도,부천시,"경기도 부천시 오정구 고리울로7번길 15, 2층 일부호 (고강동)",경기도 부천시 오정구 고강동 350-10,37.52844865,126.8167601,97.14,,경기도 부천시 식품위생과,032-625-4328,2026-01-01
에스펙트(ASPECT),경기도,부천시,"경기도 부천시 오정구 소사로807번길 19, 1층 일부호 (원종동)",경기도 부천시 오정구 원종동 132-3,37.52781986,126.803811,31.66,,경기도 부천시 식품위생과,032-625-4328,2026-01-01
짐박스피트니스 원종점,경기도,부천시,"경기도 부천시 오정구 소사로 772, 6층 602호 (원종동)",경기도 부천시 오정구 원종동 277-3,37.52486494,126.8053377,16.52,,경기도 부천시 식품위생과,032-625-4328,2026-01-01
로또&커피,경기도,부천시,"경기도 부천시 오정구 성지로101번길 21, 태산상가 1층 16호 일부호 (원종동)",경기도 부천시 오정구 원종동 296-2,37.52795985,126.8101363,24.97,,경기도 부천시 식품위생과,032-625-4328,2026-01-01
더벤티 부천작동점,경기도,부천시,"경기도 부천시 오정구 삼작로 481, 1층 일부호 (작동)",경기도 부천시 오정구 작동 32,37.51884771,126.8151093,39.79,,경기도 부천시 식품위생과,032-625-4328,2026-01-01
플라츠커피,경기도,부천시,"경기도 부천시 오정구 오정로266번길 29, 부천중앙교회 1층 일부호 (오정동)",경기도 부천시 오정구 오정동 111-22,37.53056682,126.7890133,64.39,,경기도 부천시 식품위생과,032-625-4328,2026-01-01
백연,경기도,부천시,"경기도 부천시 오정구 역곡로482번길 128, 1층 일부호 (고강동)",경기도 부천시 오정구 고강동 406-18,37.52525989,126.8225808,15.51,,경기도 부천시 식품위생과,032-625-4328,2026-01-01
메가엠지씨커피 부천성곡사거리점,경기도,부천시,"경기도 부천시 오정구 소사로 713, 스카이빌딩 1층 109호 (원종동)",경기도 부천시 오정구 원종동 375-1,37.5196595,126.8045225,73.5,,경기도 부천시 식품위생과,032-625-4328,2026-01-01
자바커피,경기도,부천시,"경기도 부천시 오정구 석천로 345, 부천테크노파크 부대동 109일부호 (삼정동)",경기도 부천시 오정구 삼정동 365,37.51978102,126.7648225,40.7,,경기도 부천시 식품위생과,032-625-4328,2026-01-01
발도스커피 고강제일시장점,경기도,부천시,"경기도 부천시 오정구 성지로101번길 38, 1층 일부호 (원종동)",경기도 부천시 오정구 원종동 299-2,37.52816288,126.8092074,28.56,,경기도 부천시 식품위생과,032-625-4328,2026-01-01
메가엠지씨커피 부천나들이사거리점,경기도,부천시,"경기도 부천시 오정구 성지로 53, 101 일부호 (원종동, 삼성다빈치)",경기도 부천시 오정구 원종동 344-1,37.52385343,126.8108556,57.85,,경기도 부천시 식품위생과,032-625-4328,2026-01-01
우지커피 부천원종역점,경기도,부천시,"경기도 부천시 오정구 소사로 758, 1층 일부호 (원종동)",경기도 부천시 오정구 원종동 280-15,37.5236672,126.8052045,33.02,,경기도 부천시 식품위생과,032-625-4328,2026-01-01
테라커피 부천원종역점,경기도,부천시,"경기도 부천시 오정구 소사로 757, 해오름 빌딩 1층 일부호 (원종동)",경기도 부천시 오정구 원종동 227-2,37.52359151,126.8045461,52.39,,경기도 부천시 식품위생과,032-625-4328,2026-01-01
아임일리터 부천테크노파크점,경기도,부천시,"경기도 부천시 오정구 석천로 345, 부천테크노파크 부대동 105호 (삼정동)",경기도 부천시 오정구 삼정동 365,37.51978102,126.7648225,54.81,,경기도 부천시 식품위생과,032-625-4328,2026-01-01
카페봄,경기도,부천시,"경기도 부천시 오정구 성오로141번길 44-3, 1층 일부호 (원종동)",경기도 부천시 오정구 원종동 148-9,37.52416933,126.798598,26.66,,경기도 부천시 식품위생과,032-625-4328,2026-01-01
이디야 고강제일시장점,경기도,부천시,"경기도 부천시 오정구 고강로72번길 67, 1층 일부호 (고강동)",경기도 부천시 오정구 고강동 309-7,37.52686415,126.8122264,60.52,,경기도 부천시 식품위생과,032-625-4328,2026-01-01
빽다방 옥길퀸즈파크점,경기도,부천시,"경기도 부천시 소사구 옥길로 118, 문영 퀸즈파크 B동 105호 (옥길동)",경기도 부천시 소사구 옥길동 745-3,37.4673188,126.8229202,41.14,,경기도 부천시 식품위생과,032-625-4328,2026-01-01
더벤티부천옥길지구점,경기도,부천시,"경기도 부천시 소사구 양지로 205, 1층 근생110호 (옥길동)",경기도 부천시 소사구 옥길동 793-2,37.46779857,126.8241747,42.22,,경기도 부천시 식품위생과,032-625-4328,2026-01-01
민커피(Mean coffee),경기도,부천시,"경기도 부천시 소사구 중동로70번길 32, 푸르지오아파트 A동 1층 101호 (송내동)",경기도 부천시 소사구 송내동 377-7,37.48571208,126.7665902,32.65,,경기도 부천시 식품위생과,032-625-4328,2026-01-01
더벤티 부천남부역점,경기도,부천시,"경기도 부천시 소사구 경인로 232, 이테크 에비뉴스타 1층 106호 (심곡본동)",경기도 부천시 소사구 심곡본동 671-1,37.48269376,126.7811208,31.57,,경기도 부천시 식품위생과,032-625-4328,2026-01-01
컴포즈커피 부천옥길점,경기도,부천시,"경기도 부천시 소사구 범안로 227, 서영아너시티1차 103호 (옥길동)",경기도 부천시 소사구 옥길동 777-4,37.4621557,126.8127211,41.99,,경기도 부천시 식품위생과,032-625-4328,2026-01-01
카페와이(CAFE Y),경기도,부천시,"경기도 부천시 소사구 양지로184번길 7-18, 1층 일부 (옥길동)",경기도 부천시 소사구 옥길동 724-4,37.46771283,126.8218507,84.34,,경기도 부천시 식품위생과,032-625-4328,2026-01-01
카페무홀,경기도,부천시,"경기도 부천시 소사구 소사로160번길 90, 1층 (소사본동)",경기도 부천시 소사구 소사본동 276-14,37.47246172,126.8005535,53.69,,경기도 부천시 식품위생과,032-625-4328,2026-01-01
메가엠지씨커피부천고점,경기도,부천시,"경기도 부천시 소사구 성주로 88, 1층 (송내동)",경기도 부천시 소사구 송내동 463-61,37.47928499,126.7660292,61.16,,경기도 부천시 식품위생과,032-625-4328,2026-01-01
(주)세라젬 웰카페 부천옥길점,경기도,부천시,"경기도 부천시 소사구 양지로 205, 부천옥길 서영아너시티2 1층 103,104,105,106 일부호 (옥길동)",경기도 부천시 소사구 옥길동 793-2,37.46779857,126.8241747,80.98,,경기도 부천시 식품위생과,032-625-4328,2026-01-01
한국생두거래소,경기도,부천시,"경기도 부천시 소사구 경인로134번길 14-1, 1,2층 (송내동)",경기도 부천시 소사구 송내동 381-5,37.48362797,126.7697192,245.74,,경기도 부천시 식품위생과,032-625-4328,2026-01-01
ossia(오시아),경기도,부천시,"경기도 부천시 소사구 소삼로 38, 휴안뷰 101동 1층 102호 (소사본동)",경기도 부천시 소사구 소사본동 137-1,37.47820621,126.7970226,37.47,,경기도 부천시 식품위생과,032-625-4328,2026-01-01
커피에반하다 소사구청점,경기도,부천시,"경기도 부천시 소사구 경인옛로55번길 8, 순영엠타워 B103호 (소사본동)",경기도 부천시 소사구 소사본동 65-13,37.480478,126.7983284,41.08,,경기도 부천시 식품위생과,032-625-4328,2026-01-01
메가엠지씨커피 부천괴안점,경기도,부천시,"경기도 부천시 소사구 범안로 55, 홈타운프라자 1층 101호 (괴안동)",경기도 부천시 소사구 괴안동 87-1,37.47691463,126.8080805,80.22,,경기도 부천시 식품위생과,032-625-4328,2026-01-01
투썸플레이스 부천남부점,경기도,부천시,"경기도 부천시 소사구 경인로 242, 1,2,3층 (심곡본동)",경기도 부천시 소사구 심곡본동 736-3,37.48291562,126.7824549,218.84,,경기도 부천시 식품위생과,032-625-4328,2026-01-01
달리는커피 부천옥길헤리움점,경기도,부천시,"경기도 부천시 소사구 범안로 221, 옥길헤리움타운 주건축물 제1동 1층 110호 (옥길동)",경기도 부천시 소사구 옥길동 777-1,37.46265147,126.8127431,44.61,,경기도 부천시 식품위생과,032-625-4328,2026-01-01
린다(LINDA),경기도,부천시,"경기도 부천시 소사구 옥길로56번길 24-47, 브리즈타워 1층 107,108호 (옥길동)",경기도 부천시 소사구 옥길동 754-7,37.46155671,126.8190254,75.51,,경기도 부천시 식품위생과,032-625-4328,2026-01-01
하삼동커피 부천옥길점,경기도,부천시,"경기도 부천시 소사구 양지로 208, 지음프라자 1층 105호 (옥길동)",경기도 부천시 소사구 옥길동 745-7,37.46725699,126.8240005,44.92,,경기도 부천시 식품위생과,032-625-4328,2026-01-01
투썸플레이스 부천괴안점,경기도,부천시,"경기도 부천시 소사구 경인로536번길 27, 메디슨167 1층 일부호 (괴안동)",경기도 부천시 소사구 괴안동 167,37.48473864,126.8155634,217.54,,경기도 부천시 식품위생과,032-625-4328,2026-01-01
메가엠지씨커피 부천소사초사거리점,경기도,부천시,"경기도 부천시 소사구 소사로 185, 골드캐슬 1층 103호 (소사본동)",경기도 부천시 소사구 소사본동 181-2,37.47489745,126.795305,47.99,,경기도 부천시 식품위생과,032-625-4328,2026-01-01
초록도마뱀,경기도,부천시,"경기도 부천시 소사구 은성로67번길 31, 1층 일부호 (소사본동)",경기도 부천시 소사구 소사본동 156-5,37.4766219,126.7981943,28.09,,경기도 부천시 식품위생과,032-625-4328,2026-01-01
체리콩커피,경기도,부천시,"경기도 부천시 소사구 호현로489번나길 3, 1층 일부호 (소사본동)",경기도 부천시 소사구 소사본동 96-47,37.48062586,126.7923485,21.45,,경기도 부천시 식품위생과,032-625-4328,2026-01-01
더벤티 중동역남부점,경기도,부천시,"경기도 부천시 소사구 경인로 72, 1층 일부호 (송내동)","경기도 부천시 소사구 송내동 393-1 , 1층일부",37.48354558,126.7631805,31,,경기도 부천시 식품위생과,032-625-4328,2026-01-01
가온도,경기도,부천시,"경기도 부천시 소사구 자유로 90, 1층 일부호 (심곡본동)",경기도 부천시 소사구 심곡본동 554-25,37.48319865,126.785969,48.2,,경기도 부천시 식품위생과,032-625-4328,2026-01-01
숲 coffee roasters,경기도,부천시,"경기도 부천시 소사구 성주로 100, 송내 e-편한세상 상가동 지1층 109호 (송내동)",경기도 부천시 소사구 송내동 463-106,37.47948006,126.7677203,1.53,,경기도 부천시 식품위생과,032-625-4328,2026-01-01
컴포즈커피 부천옥길지음프라자점,경기도,부천시,"경기도 부천시 소사구 양지로 208, 지음프라자 1층 107호 (옥길동)",경기도 부천시 소사구 옥길동 745-7,37.46725699,126.8240005,47.14,,경기도 부천시 식품위생과,032-625-4328,2026-01-01
엠엠엠디저트(MMMDESSERT),경기도,부천시,"경기도 부천시 소사구 경인옛로 25, 103동 1층 123호 (소사본동, 부천 한신더휴 메트로)",경기도 부천시 소사구 소사본동 70-16,37.48316913,126.7949785,54.84,,경기도 부천시 식품위생과,032-625-4328,2026-01-01
광야커피,경기도,부천시,"경기도 부천시 소사구 호현로 421-1, 1층 일부호 (소사본동)",경기도 부천시 소사구 소사본동 167-11,37.47551435,126.7919908,34.2,,경기도 부천시 식품위생과,032-625-4328,2026-01-01
더벤티 부천괴안점,경기도,부천시,"경기도 부천시 소사구 소안로 24, 1층 일부호 (괴안동)",경기도 부천시 소사구 괴안동 30-3,37.477005,126.8019684,30.22,,경기도 부천시 식품위생과,032-625-4328,2026-01-01
컴포즈커피부천어반비스타점,경기도,부천시,"경기도 부천시 소사구 중동로 19, 상가동 B109호 (송내동, 래미안부천어반비스타)",경기도 부천시 소사구 송내동 720,37.4809919,126.7630126,48.09,,경기도 부천시 식품위생과,032-625-4328,2026-01-01
디저트39,경기도,부천시,"경기도 부천시 소사구 범안로 117, 현대리치모아 1층 103호 (범박동)",경기도 부천시 소사구 범박동 155-2,37.47121719,126.8095873,47.22,,경기도 부천시 식품위생과,032-625-4328,2026-01-01
경기부천소사지역자활센터 카페뜨락,경기도,부천시,"경기도 부천시 소사구 경인옛로 107, 1층 101호 (괴안동, 라온107)",경기도 부천시 소사구 괴안동 6-11,37.48054493,126.803617,33.18,,경기도 부천시 식품위생과,032-625-4328,2026-01-01
산제로상점(협동조합),경기도,부천시,"경기도 부천시 소사구 성주로34번길 40, 나동 지하1층 일부호 (송내동)",경기도 부천시 소사구 송내동 441-85,37.47940597,126.7621358,9.82,,경기도 부천시 식품위생과,032-625-4328,2026-01-01
공간카페,경기도,부천시,"경기도 부천시 소사구 호현로 457, 소사공간 1층 일부호 (소사본동)",경기도 부천시 소사구 소사본동 116-24,37.4786037,126.7926948,101.01,,경기도 부천시 식품위생과,032-625-4328,2026-01-01
메가엠지씨커피 부천범박점,경기도,부천시,"경기도 부천시 소사구 양지로67번길 20, 1층 (범박동)",경기도 부천시 소사구 범박동 204-5,37.47393547,126.8120802,78.72,,경기도 부천시 식품위생과,032-625-4328,2026-01-01
블루빈스커피 부천심곡본동점,경기도,부천시,"경기도 부천시 소사구 성주로243번길 9, 1층 일부호 (심곡본동)",경기도 부천시 소사구 심곡본동 688,37.48010477,126.7810974,27.54,,경기도 부천시 식품위생과,032-625-4328,2026-01-01
던킨 부천역곡점,경기도,부천시,"경기도 부천시 소사구 경인로 482, 1층 101, 102호 (괴안동, 베르포레아파트)",경기도 부천시 소사구 괴안동 110-9,37.48297018,126.8092852,75.36,,경기도 부천시 식품위생과,032-625-4328,2026-01-01
컴포즈커피 부천소사남부역점,경기도,부천시,"경기도 부천시 소사구 소사로 250, 상우빌딩 1층 일부호 (소사본동)",경기도 부천시 소사구 소사본동 128-16,37.48067759,126.7957667,26.3,,경기도 부천시 식품위생과,032-625-4328,2026-01-01
갤러리카페,경기도,부천시,"경기도 부천시 소사구 범안로 117, 현대리치모아 지1층 B106호 일부호 (범박동)",경기도 부천시 소사구 범박동 155-2,37.47121719,126.8095873,33.84,,경기도 부천시 식품위생과,032-625-4328,2026-01-01
하삼동부천소사역점,경기도,부천시,"경기도 부천시 소사구 경인옛로 25, 103동 제지1층 B122호 (소사본동, 부천 한신더휴 메트로)",경기도 부천시 소사구 소사본동 70-16,37.48316913,126.7949785,48.16,,경기도 부천시 식품위생과,032-625-4328,2026-01-01
52카페,경기도,부천시,"경기도 부천시 소사구 안곡로194번길 14, 새소망의집 18동 지1층 (괴안동)",경기도 부천시 소사구 괴안동 185-35,37.48643718,126.819445,153.86,,경기도 부천시 식품위생과,032-625-4328,2026-01-01
빽다방 부천옥길호반점,경기도,부천시,"경기도 부천시 소사구 범안로 227, 서영아너시티1차 1층 108호 (옥길동)",경기도 부천시 소사구 옥길동 777-4,37.4621557,126.8127211,39.12,,경기도 부천시 식품위생과,032-625-4328,2026-01-01
에이프(aip),경기도,부천시,"경기도 부천시 소사구 연동로 61, 1층 (옥길동)",경기도 부천시 소사구 옥길동 458-2,37.46901746,126.8300876,214.64,,경기도 부천시 식품위생과,032-625-4328,2026-01-01
컴포즈커피 부천역남부점,경기도,부천시,"경기도 부천시 소사구 성주로 268, 1층 일부호 (심곡본동)",경기도 부천시 소사구 심곡본동 731-12,37.48221387,126.7822321,48,,경기도 부천시 식품위생과,032-625-4328,2026-01-01
스타벅스 부천옥길DT점,경기도,부천시,"경기도 부천시 소사구 양지로 119, 1,2층 (옥길동)",경기도 부천시 소사구 옥길동 784-2,37.47207911,126.8161798,394.04,,경기도 부천시 식품위생과,032-625-4328,2026-01-01
매머드익스프레스 옥길광양프런티어점,경기도,부천시,"경기도 부천시 소사구 양지로 237, 광양프런티어밸리 5차 1층 105호 (옥길동)",경기도 부천시 소사구 옥길동 795-1,37.46633266,126.8278058,58.94,,경기도 부천시 식품위생과,032-625-4328,2026-01-01
오드리커피,경기도,부천시,"경기도 부천시 오정구 송내대로 450, 국민차 매매단지 1층 일부호 (삼정동)",경기도 부천시 오정구 삼정동 366-1,37.52328115,126.7619498,32.3,,경기도 부천시 식품위생과,032-625-4328,2026-01-01
테리네간식,경기도,부천시,"경기도 부천시 소사구 소삼로 47-1, 부천소사역 푸르지오 상가 B122호 (소사본동)",경기도 부천시 소사구 소사본동 133-12,37.47948201,126.7968999,3.86,,경기도 부천시 식품위생과,032-625-4328,2026-01-01
스타벅스 소사역점,경기도,부천시,"경기도 부천시 소사구 경인옛로 25, B115~119호 (소사본동, 부천 한신더휴 메트로)",경기도 부천시 소사구 소사본동 70-16,37.48316913,126.7949785,231.73,,경기도 부천시 식품위생과,032-625-4328,2026-01-01
카페게이트 부천옥길점,경기도,부천시,"경기도 부천시 소사구 옥길로 110-11, O&S골드타워 1층 117호 (옥길동)",경기도 부천시 소사구 옥길동 744-3,37.46644968,126.8231553,39.49,,경기도 부천시 식품위생과,032-625-4328,2026-01-01
스타벅스 부천역점,경기도,부천시,"경기도 부천시 소사구 부천로 1, 부천역사 쇼핑몰 1층 일부호 (심곡본동)",경기도 부천시 소사구 심곡본동 316-2,37.48442542,126.7827391,345.79,,경기도 부천시 식품위생과,032-625-4328,2026-01-01
메가엠지씨커피 부천소사스위첸점,경기도,부천시,"경기도 부천시 소사구 은성로67번길 12, 2동 1층 210호 일부호 (소사본동, 소새울 KCC스위첸)",경기도 부천시 소사구 소사본동 424,37.47545962,126.798787,59.68,,경기도 부천시 식품위생과,032-625-4328,2026-01-01
아레테(Arete),경기도,부천시,"경기도 부천시 소사구 경인로562번길 60, 라라랜드 1층 (괴안동)",경기도 부천시 소사구 괴안동 177-13,37.48418104,126.8181441,31.92,,경기도 부천시 식품위생과,032-625-4328,2026-01-01
더벤티송내현대점,경기도,부천시,"경기도 부천시 소사구 성주로 80, 1층 일부호 (송내동)",경기도 부천시 소사구 송내동 452-6,37.47970954,126.7650767,20.8,,경기도 부천시 식품위생과,032-625-4328,2026-01-01
메가엠지씨커피 중동역푸르지오점,경기도,부천시,"경기도 부천시 소사구 경인로 120, 103, 104호 (송내동)",경기도 부천시 소사구 송내동 380,37.48380603,126.7687618,62.8,,경기도 부천시 식품위생과,032-625-4328,2026-01-01
커피향이그득한그날,경기도,부천시,"경기도 부천시 소사구 양지로 247, 광양프런티어밸리7차 지식산업센터 1층 113호 (옥길동)",경기도 부천시 소사구 옥길동 795-3,37.46591303,126.8287626,59.9,,경기도 부천시 식품위생과,032-625-4328,2026-01-01
칼디 하우스,경기도,부천시,"경기도 부천시 소사구 은성로68번길 77, 1층 (소사본동)",경기도 부천시 소사구 소사본동 220-40,37.47176271,126.7984279,72.23,,경기도 부천시 식품위생과,032-625-4328,2026-01-01
카페쇼메르(cafe shomer),경기도,부천시,"경기도 부천시 소사구 경인옛로 130, 1층 (괴안동)",경기도 부천시 소사구 괴안동 3-4,37.48135827,126.8059069,153.14,,경기도 부천시 식품위생과,032-625-4328,2026-01-01
향유카페,경기도,부천시,"경기도 부천시 소사구 성주로 168, 2층 일부호 (심곡본동)",경기도 부천시 소사구 심곡본동 585-1,37.4787834,126.7748892,17.74,,경기도 부천시 식품위생과,032-625-4328,2026-01-01
코홀트커피옥길점,경기도,부천시,"경기도 부천시 소사구 연동로 57-30, 1, 2층 (옥길동)",경기도 부천시 소사구 옥길동 452-7,37.46792739,126.8303528,216.92,,경기도 부천시 식품위생과,032-625-4328,2026-01-01
카페클라우즈(CAFE CLOUDS),경기도,부천시,"경기도 부천시 소사구 연동로131번가길 7, 우희빌딩 1층 101호 (옥길동)",경기도 부천시 소사구 옥길동 488-1,37.47288907,126.8244011,223.1,,경기도 부천시 식품위생과,032-625-4328,2026-01-01
카페인중독 부천옥길점,경기도,부천시,"경기도 부천시 소사구 옥길로 111, 드림탑프라자 1층 101호 (옥길동)",경기도 부천시 소사구 옥길동 726-5,37.46710644,126.8218422,39.55,,경기도 부천시 식품위생과,032-625-4328,2026-01-01
감성커피 부천옥길점,경기도,부천시,"경기도 부천시 소사구 양지로184번길 29, 1층 112호 (옥길동)",경기도 부천시 소사구 옥길동 725,37.46726197,126.8214343,38.39,,경기도 부천시 식품위생과,032-625-4328,2026-01-01
플러스82 역곡점,경기도,부천시,"경기도 부천시 소사구 부광로 52, 이임빌딩 1층 일부호 (괴안동)",경기도 부천시 소사구 괴안동 247,37.48036222,126.8146672,70.15,,경기도 부천시 식품위생과,032-625-4328,2026-01-01
우지커피 송내역점,경기도,부천시,"경기도 부천시 소사구 송내대로 39, 송내코아 1층 일부호 (송내동)",경기도 부천시 소사구 송내동 709-1,37.48706352,126.7528701,27.72,,경기도 부천시 식품위생과,032-625-4328,2026-01-01
몰디저트(MOLE DESSERT),경기도,부천시,"경기도 부천시 소사구 범안로 133, 보람월드프라자 1층 102호 (범박동)",경기도 부천시 소사구 범박동 44-16,37.46984996,126.8093957,55.44,,경기도 부천시 식품위생과,032-625-4328,2026-01-01
83푸드,경기도,부천시,"경기도 부천시 소사구 소사로102번길 55, 소사청구아파트(상가) 1층 105호 (소사본동)",경기도 부천시 소사구 소사본동 400-7,37.46886652,126.8005048,25.12,,경기도 부천시 식품위생과,032-625-4328,2026-01-01
슈퍼브커피로스터스옥길스타필드점,경기도,부천시,"경기도 부천시 소사구 범안로 231-15, 옥길중앙타워 1층 104호 (옥길동)",경기도 부천시 소사구 옥길동 777-2,37.46243096,126.8130669,62.39,,경기도 부천시 식품위생과,032-625-4328,2026-01-01
컴포즈커피부천송내우성점,경기도,부천시,"경기도 부천시 소사구 중동로49번길 44, 1층 일부호 (송내동)",경기도 부천시 소사구 송내동 369-1,37.4853281,126.7618676,31.05,,경기도 부천시 식품위생과,032-625-4328,2026-01-01
소담카페,경기도,부천시,"경기도 부천시 소사구 소삼로 29, 1층 (소사본동)",경기도 부천시 소사구 소사본동 133-10,37.47861929,126.7963732,148.6,,경기도 부천시 식품위생과,032-625-4328,2026-01-01
