일시,지점,폭염여부(O/X),최고체감온도(°C),최고기온(°C),평균기온(°C),최저기온(°C),평균상대습도(%),폭염특보(O/X),폭염영향예보(단계),열대야(O/X),자외선지수(단계)
2026-09-01,북강릉(104),X,27.2,24.1,22.7,21.5,98.3,X, ,X,낮음
2026-09-01,동해(106),X,30.3,27.9,23.7,22.5,94.9,X, ,X,낮음
2026-09-01,서울(108),X,27,24.5,22.8,21.9,92.4,X, ,X,낮음
2026-09-01,인천(112),X,27.2,24,23,21.7,97.9,X, ,X,낮음
2026-09-01,원주(114),X,28.7,25.9,23.2,22.1,92,X, ,X,낮음
2026-09-01,울릉도(115),X,31.6,29.3,26.6,24.6,87.6,X, ,X,낮음
2026-09-01,수원(119),X,26.8,23.7,22.6,21.1,94.4,X, ,X,낮음
2026-09-01,영월(121),X,29.9,27.9,22.9,20.9,95.8,X, ,X,낮음
2026-09-01,충주(127),X,29.8,27.5,23.7,21.9,91.6,X, ,X,낮음
2026-09-01,서산(129),X,29,26,23.8,22.8,97.8,X, ,X,낮음
2026-09-01,울진(130),X,31.2,29.3,24.8,22.3,94.6,X, ,X,낮음
2026-09-01,청주(131),X,31.2,30.7,26.5,24.1,80.4,X, ,X,낮음
2026-09-01,대전(133),O,33.4,32.5,26.4,23.3,85,X, ,X,낮음
2026-09-01,추풍령(135),X,31.4,30.4,25.1,21.3,84.8,X,관심,X,낮음
2026-09-01,안동(136),X,32.6,32.4,26.1,21.8,84,X, ,X,낮음
2026-09-01,상주(137),O,33.4,32.2,26,22.7,88.5,O,주의,X,낮음
2026-09-01,포항(138),X,32.8,32.2,27.8,24.3,75.6,O,주의,X,낮음
2026-09-01,군산(140),X,32.6,31,25.9,23.3,88.9,X, ,X,낮음
2026-09-01,대구(143),X,32.3,32.3,27.4,23.3,74.1,X, ,X,낮음
2026-09-01,전주(146),O,33.2,32.8,26.9,24.1,80.5,X,관심,X,낮음
2026-09-01,울산(152),X,32.9,32.3,27.1,23,72.9,X, ,X,낮음
2026-09-01,창원(155),X,32.4,30.7,26.9,24.9,86,O,경고,X,낮음
2026-09-01,광주(156),O,33.7,33.2,28.2,25.2,78.3,X, ,X,낮음
2026-09-01,부산(159),X,32.7,31.7,28.1,25.9,74.9,X, ,O,낮음
2026-09-01,통영(162),X,30.9,29.3,26.2,24.7,87.3,O,주의,X,낮음
2026-09-01,목포(165),X,32.2,31,28,25.4,81.1,O,주의,O,낮음
2026-09-01,여수(168),X,32,30.5,27.8,25.9,81.9,O,주의,O,낮음
2026-09-01,흑산도(169),O,33.8,32.8,28,25.4,81.4,O,경고,O,낮음
2026-09-01,완도(170),O,34.2,33.1,28.1,24.5,81.8,X, ,O,낮음
2026-09-01,고창(172),O,33,31.9,27.1,24,88.4,O,관심,X,낮음
2026-09-01,제주(184),O,33.1,32.4,29.1,26.1,69.6,X, ,O,낮음
2026-09-01,진주(192),X,31.3,30.1,25.1,21.2,86.3,O,주의,X,낮음
2026-09-01,양평(202),X,27.5,24.5,22.6,21.1,96.1,X, ,X,낮음
2026-09-01,이천(203),X,28.4,25,22.7,21.3,99.9,X, ,X,낮음
2026-09-01,인제(211),X,25.7,22.8,21.6,20.8,96.5,X, ,X,낮음
2026-09-01,홍천(212),X,27,23.9,22.4,21.5,96.6,X, ,X,낮음
2026-09-01,태백(216),X,29.2,29.2,22,19.9,88,X, ,X,낮음
2026-09-01,정선군(217),X,29.6,28.4,23.2,21.8,92.1,X, ,X,낮음
2026-09-01,제천(221),X,29.1,26.1,22.3,20.2,97.9,X, ,X,낮음
2026-09-01,보은(226),X,30.9,30,24.5,21.9,91.5,X, ,X,낮음
2026-09-01,천안(232),X,30.9,28.5,24.7,23.2,96.6,X, ,X,낮음
2026-09-01,보령(235),X,30.6,28.4,25.4,23.7,89.8,X, ,X,낮음
2026-09-01,부여(236),X,31.5,29.8,25.4,22.6,89.6,X,관심,X,낮음
2026-09-01,금산(238),X,32.7,32.4,25.7,22,87.1,X,관심,X,낮음
2026-09-01,세종(239),X,31.3,28.8,25.3,22.8,90.8,X, ,X,낮음
2026-09-01,부안(243),X,32.8,32.3,26.5,23.5,83.9,X, ,X,낮음
2026-09-01,임실(244),X,31.9,31.2,25.9,22.4,83.3,O,관심,X,낮음
2026-09-01,정읍(245),X,32.6,31.8,27.2,24,81.1,X,관심,X,낮음
2026-09-01,남원(247),O,33,32.5,25.5,22.1,88.9,O,주의,X,낮음
2026-09-01,장수(248),X,31,30.7,24.4,19.4,85.9,O,주의,X,낮음
2026-09-01,영광군(252),X,32.7,31.6,27,24,83.6,X, ,X,낮음
2026-09-01,김해시(253),O,33.5,32.5,27.4,24.1,85.3,O,주의,X,낮음
2026-09-01,순창군(254),X,32.4,32.6,26.8,22.7,79.4,X,관심,X,낮음
2026-09-01,양산시(257),O,33.6,33,27.5,23.4,84.8,O,경고,X,낮음
2026-09-01,강진군(259),O,33.8,32.6,28,24.1,82.5,O,주의,X,낮음
2026-09-01,장흥(260),X,32.9,30.9,27.2,24.4,87.6,O,주의,X,낮음
2026-09-01,해남(261),O,33.3,31.9,27.5,23.3,84.9,X, ,X,낮음
2026-09-01,고흥(262),O,33.3,32.7,27.3,23.4,83.4,X, ,X,낮음
2026-09-01,의령군(263),X,32.1,30.7,26,21.7,86.1,O,경고,X,낮음
2026-09-01,함양군(264),O,33.3,32.2,26.3,22.5,88,X, ,X,낮음
2026-09-01,진도군ASOS(268),X,32.5,31.2,27.2,23.9,84.5,O,주의,X,낮음
2026-09-01,봉화(271),X,30.5,30.1,23.8,21.5,88.6,X, ,X,낮음
2026-09-01,영주(272),X,30.9,29.7,24.3,21.8,92.4,X, ,X,낮음
2026-09-01,문경(273),X,31.7,30.3,25.3,23.1,92.5,X,관심,X,낮음
2026-09-01,청송군(276),O,33.3,32.7,25.8,21.5,89.5,O,관심,X,낮음
2026-09-01,영덕(277),X,31.8,30.5,25,22.3,90,O,주의,X,낮음
2026-09-01,의성(278),X,32.8,32.7,26.3,21.5,84.6,O,주의,X,낮음
2026-09-01,구미(279),O,33,32.6,26.5,21.9,83,O,주의,X,낮음
2026-09-01,영천(281),X,32.3,32.4,26.3,21.3,81.3,O,주의,X,낮음
2026-09-01,경주시(283),O,34.8,34.7,26.3,21.5,81,X, ,X,낮음
2026-09-01,거창(284),O,33.6,32.8,26.1,22,86.1,X, ,X,낮음
2026-09-01,합천(285),O,33.4,32.7,27.6,23.2,81,X, ,X,낮음
2026-09-01,밀양(288),O,33.5,33.2,27,22.9,81.4,O,경고,X,낮음
2026-09-01,산청(289),X,32.5,31.2,26.2,22.6,86.9,X, ,X,낮음
2026-09-01,거제(294),X,31.2,30.1,26,23.9,84.4,O,주의,X,낮음
2026-09-01,남해(295),X,31.8,30.3,26.3,23.7,86,O,주의,X,낮음
2026-09-01,부천(433),X,27.5,25,23.3,22.2,94,X, ,X,낮음
2026-09-01,안양(434),X,,24.4,22.8,22,,X, ,X,낮음
2026-09-01,광명(437),X,27.6,25.5,23.6,22.3,92,X, ,X,낮음
2026-09-01,군포(438),X,26.7,24.3,22.6,21.7,90,X, ,X,낮음
2026-09-01,김포(441),X,27.8,24.7,22.8,21.3,99,X, ,X,낮음
2026-09-01,하남(444),X,27.9,24.9,22.9,21.8,98,X, ,X,낮음
2026-09-01,의왕(445),X,27.1,23.8,22.1,21.2,100,X, ,X,낮음
2026-09-01,포천(504),X,27.3,24.8,22.6,21.6,98,X, ,X,낮음
2026-09-01,가평조종(505),X,28,25.1,22.4,21.3,99,X, ,X,낮음
2026-09-01,안성(516),X,28.2,25.1,23.3,21.3,98,X, ,X,낮음
2026-09-01,간성(517),X,27.3,24.4,22.4,21.4,97,X, ,X,낮음
2026-09-01,평창(526),X,28.4,26,22.6,20.7,93,X, ,X,낮음
2026-09-01,의정부(532),X,28,25.3,22.8,21.6,97,X, ,X,낮음
2026-09-01,횡성(536),X,27.9,24.9,22.6,21.5,96,X, ,X,낮음
2026-09-01,고양(540),X,27.3,24.3,22.2,21.1,99,X, ,X,낮음
2026-09-01,남양주(541),X,28.1,25.8,23.2,22.1,96,X, ,X,낮음
2026-09-01,안산(545),X,26.9,23.9,22.7,21.9,98,X, ,X,낮음
2026-09-01,경기광주(546),X,26.2,23.3,21.8,20.5,97,X, ,X,낮음
2026-09-01,여주(548),X,27.7,24.5,22.4,21.3,98,X, ,X,낮음
2026-09-01,용인(549),X,27.4,24.5,22.7,20.9,95,X, ,X,낮음
2026-09-01,오산(550),X,26.7,23.6,22.4,20.7,97,X, ,X,낮음
2026-09-01,평택(551),X,28,24.8,23.3,21.3,99,X, ,X,낮음
2026-09-01,화천(555),X,27.1,24.9,22.7,21.8,95,X, ,X,낮음
2026-09-01,양구(556),X,26.3,23.6,21.8,20.7,95,X, ,X,낮음
2026-09-01,시흥(565),X,26.5,23.8,22.1,21,97,X, ,X,낮음
2026-09-01,구리(569),X,27.7,24.9,22.6,21.6,95,X, ,X,낮음
2026-09-01,화성(571),X,26.7,23.6,22.6,21.7,96,X, ,X,낮음
2026-09-01,성남(572),X,27.2,23.9,22.5,21.2,100,X, ,X,낮음
2026-09-01,과천(590),X,27.8,24.8,22.5,21.5,99,X, ,X,낮음
2026-09-01,양주(598),X,28,25.1,22.7,21.5,99,X, ,X,낮음
2026-09-01,단양(601),X,30.5,28.6,22.9,21,95,X, ,X,낮음
2026-09-01,진천(602),X,28.6,25.9,23.2,21.5,95,X, ,X,낮음
2026-09-01,괴산(603),X,30.6,28.8,24,22.1,93,X, ,X,낮음
2026-09-01,옥천(604),X,32.8,31.8,25.6,22.8,88,X,관심,X,낮음
2026-09-01,홍북(608),X,,,,,,X, ,X,낮음
2026-09-01,공주(612),X,31.3,29,25.2,22.7,92,X, ,X,낮음
2026-09-01,서천(614),X,31.7,30,25.1,22.7,92,X, ,X,낮음
2026-09-01,논산(615),X,32.1,31.2,26,23,83,X,관심,X,낮음
2026-09-01,당진(616),X,27.2,24,22.7,21.1,98,X, ,X,낮음
2026-09-01,청양(618),X,30.3,28.5,24.8,22.5,93,X, ,X,낮음
2026-09-01,음성(619),X,29.2,26.6,23.5,21.9,96,X, ,X,낮음
2026-09-01,증평(623),X,29.9,28.4,24.7,23.1,90,X, ,X,낮음
2026-09-01,태안(627),X,29.3,26.6,23.8,22.7,95,X, ,X,낮음
2026-09-01,예산(628),X,29.1,26.6,23.9,22,94,X, ,X,낮음
2026-09-01,아산(634),X,28.4,25.3,23.7,21,98,X, ,X,낮음
2026-09-01,계룡(636),X,31.4,30.3,25.2,22.2,92,X, ,X,낮음
2026-09-01,연천청산(652),X,27.4,25.2,22.8,21.5,91,X, ,X,낮음
2026-09-01,양양(670),X,26.7,23.9,22.5,21.7,95,X, ,X,낮음
2026-09-01,무안(699),O,33,32,27.5,24.1,81,X, ,X,낮음
2026-09-01,무주(701),X,31.8,31.7,24.8,20.2,86,X, ,X,낮음
2026-09-01,익산(702),O,33.2,31.9,26.2,23.2,88,X,관심,X,낮음
2026-09-01,진안(703),X,32.1,30.7,24.7,20,89,X,관심,X,낮음
2026-09-01,담양(706),O,33.4,31.9,27.1,23.2,86,O,주의,X,낮음
2026-09-01,구례(709),O,33.5,32.7,25.9,23.1,84,X, ,X,낮음
2026-09-01,나주(710),X,32.6,31.8,26.9,23,84,X, ,X,낮음
2026-09-01,순천시(712),O,33.1,30.9,27,24,91,O,주의,X,낮음
2026-09-01,광양읍(713),O,34.6,33.2,27.3,23.6,87,O,경고,X,낮음
2026-09-01,장성(730),O,33.2,32.5,27.2,24.1,82,O,주의,X,낮음
2026-09-01,영암(731),O,33,31.7,27.3,23.9,84,O,경고,X,낮음
2026-09-01,보성(732),X,31.7,30.5,26.4,23.6,82,O,주의,X,낮음
2026-09-01,완주(734),O,33.1,32.3,25.7,21.8,87,X,관심,X,낮음
2026-09-01,김제(737),O,33.2,31.9,26.6,23.8,89,X,관심,X,낮음
2026-09-01,화순(741),O,33.4,32.7,27,23.2,82,O,주의,X,낮음
2026-09-01,함평(754),O,33.5,32.2,27.1,23.4,87,O,주의,X,낮음
2026-09-01,곡성(768),O,33.8,32.7,26.3,22.4,90,X, ,X,낮음
2026-09-01,압해도(789),X,32.6,31.8,27.6,24.9,80,O,주의,X,낮음
2026-09-01,영양(801),O,33,31.8,25.2,21.2,90,X, ,X,낮음
2026-09-01,성주(810),O,33.8,33.4,27.4,23.5,82,O,주의,X,낮음
2026-09-01,고령(812),O,34,32.9,27.5,22.5,86,O,주의,X,낮음
2026-09-01,청도(813),X,32.8,31.5,25.2,21.7,90,O,주의,X,낮음
2026-09-01,예천(815),X,32.9,32.9,25.6,23,86,X,관심,X,낮음
2026-09-01,김천(822),O,34.4,33.9,25.9,22,85,X, ,X,낮음
2026-09-01,군위(823),O,33.5,32.9,26.4,21.8,88,O,주의,X,낮음
2026-09-01,군위(823),O,33.5,32.9,26.4,21.8,88,O,주의,X,낮음
2026-09-01,군위(823),O,33.5,32.9,26.4,21.8,88,O,주의,X,낮음
2026-09-01,군위(823),O,33.5,32.9,26.4,21.8,88,O,주의,X,낮음
2026-09-01,군위(823),O,33.5,32.9,26.4,21.8,88,O,주의,X,낮음
2026-09-01,군위(823),O,33.5,32.9,26.4,21.8,88,O,주의,X,낮음
2026-09-01,군위(823),O,33.5,32.9,26.4,21.8,88,O,주의,X,낮음
2026-09-01,군위(823),O,33.5,32.9,26.4,21.8,88,O,주의,X,낮음
2026-09-01,군위(823),O,33.5,32.9,26.4,21.8,88,O,주의,X,낮음
2026-09-01,군위(823),O,33.5,32.9,26.4,21.8,88,O,주의,X,낮음
2026-09-01,군위(823),O,33.5,32.9,26.4,21.8,88,O,주의,X,낮음
2026-09-01,군위(823),O,33.5,32.9,26.4,21.8,88,O,주의,X,낮음
2026-09-01,군위(823),O,33.5,32.9,26.4,21.8,88,O,주의,X,낮음
2026-09-01,군위(823),O,33.5,32.9,26.4,21.8,88,O,주의,X,낮음
2026-09-01,군위(823),O,33.5,32.9,26.4,21.8,88,O,주의,X,낮음
2026-09-01,군위(823),O,33.5,32.9,26.4,21.8,88,O,주의,X,낮음
2026-09-01,군위(823),O,33.5,32.9,26.4,21.8,88,O,주의,X,낮음
2026-09-01,군위(823),O,33.5,32.9,26.4,21.8,88,O,주의,X,낮음
2026-09-01,군위(823),O,33.5,32.9,26.4,21.8,88,O,주의,X,낮음
2026-09-01,군위(823),O,33.5,32.9,26.4,21.8,88,O,주의,X,낮음
2026-09-01,군위(823),O,33.5,32.9,26.4,21.8,88,O,주의,X,낮음
2026-09-01,군위(823),O,33.5,32.9,26.4,21.8,88,O,주의,X,낮음
2026-09-01,군위(823),O,33.5,32.9,26.4,21.8,88,O,주의,X,낮음
2026-09-01,군위(823),O,33.5,32.9,26.4,21.8,88,O,주의,X,낮음
2026-09-01,군위(823),O,33.5,32.9,26.4,21.8,88,O,주의,X,낮음
2026-09-01,군위(823),O,33.5,32.9,26.4,21.8,88,O,주의,X,낮음
2026-09-01,군위(823),O,33.5,32.9,26.4,21.8,88,O,주의,X,낮음
2026-09-01,군위(823),O,33.5,32.9,26.4,21.8,88,O,주의,X,낮음
2026-09-01,군위(823),O,33.5,32.9,26.4,21.8,88,O,주의,X,낮음
2026-09-01,군위(823),O,33.5,32.9,26.4,21.8,88,O,주의,X,낮음
2026-09-01,군위(823),O,33.5,32.9,26.4,21.8,88,O,주의,X,낮음
2026-09-01,군위(823),O,33.5,32.9,26.4,21.8,88,O,주의,X,낮음
2026-09-01,칠곡(825),O,33.7,33.1,27.7,24.1,86,O,주의,X,낮음
2026-09-01,경산(827),O,33.1,33,27.2,23,78,O,주의,X,낮음
2026-09-01,삼척(876),X,29.3,27,24,23,92,X, ,X,낮음
2026-09-01,속초(90),X,26.8,24.1,23.2,22.4,93.6,X, ,X,낮음
2026-09-01,삼천포(907),X,31.8,30,26.5,24,86,O,주의,X,낮음
2026-09-01,고성(918),X,32,29.9,25.8,23.1,90,O,주의,X,낮음
2026-09-01,창녕(919),O,33.2,32.3,26.9,22.4,80,O,주의,X,낮음
2026-09-01,함안(920),X,32.8,32,26.1,21.6,86,O,주의,X,낮음
2026-09-01,북춘천(93),X,27.2,24.4,22.6,21.6,97.1,X, ,X,낮음
2026-09-01,하동(932),X,32.9,32,26.6,23.9,87,X, ,X,낮음
2026-09-01,철원(95),X,27.4,24.7,22.1,20.9,98.5,X, ,X,낮음
2026-09-01,동두천(98),X,26.7,24.5,22.3,21.6,90.5,X, ,X,낮음
2026-09-01,파주(99),X,27.4,24.8,22.4,21,97.3,X, ,X,낮음
2026-09-02,북강릉(104),X,28,25.2,23,21.3,95.4,X, ,X,낮음
2026-09-02,동해(106),X,28.8,26.2,23.8,22.1,92.3,X, ,X,낮음
2026-09-02,서울(108),X,30,29.2,24.7,22,79.6,X, ,X,낮음
2026-09-02,인천(112),X,30.2,28.3,24.6,22,89.5,X, ,X,낮음
2026-09-02,원주(114),X,29,27.7,24,21.3,86.6,X, ,X,낮음
2026-09-02,울릉도(115),X,29.3,26.6,25.1,23.6,90.4,X, ,X,낮음
2026-09-02,수원(119),X,29.1,27.6,24.1,21.8,86.8,X, ,X,낮음
2026-09-02,영월(121),X,28.3,26.4,22.9,20.5,93,X, ,X,낮음
2026-09-02,충주(127),X,27.9,26.3,23.4,21.2,89,X, ,X,낮음
2026-09-02,서산(129),X,28.9,27.2,24,21.9,91.4,X, ,X,낮음
2026-09-02,울진(130),X,30.1,27.4,24.6,22.7,94.5,X, ,X,낮음
2026-09-02,청주(131),X,28.5,27.5,25.2,23.6,79.8,X, ,X,낮음
2026-09-02,대전(133),X,29.6,27.8,24.9,23.2,88,X, ,X,낮음
2026-09-02,추풍령(135),X,29.6,28.2,24.4,21.7,85,X,관심,X,낮음
2026-09-02,안동(136),X,30.9,29.8,25.4,23,85,X, ,X,낮음
2026-09-02,상주(137),X,30.8,29.2,25.5,23.1,86.9,X,관심,X,낮음
2026-09-02,포항(138),X,31.3,30.5,26.8,24.9,81,O,주의,X,낮음
2026-09-02,군산(140),X,29.8,27.8,24.7,22.7,90.5,X, ,X,낮음
2026-09-02,대구(143),X,32.4,32.6,27.1,24.2,77.5,X, ,X,낮음
2026-09-02,전주(146),X,31,29.3,25.9,24.1,83.4,X,관심,X,낮음
2026-09-02,울산(152),X,32.7,32.2,27.2,23.2,77.9,X, ,X,낮음
2026-09-02,창원(155),O,33.7,32.8,27.9,24.6,83.8,O,주의,X,낮음
2026-09-02,광주(156),O,33.1,31.9,27.5,24.9,81.1,X, ,X,낮음
2026-09-02,부산(159),O,33.6,32.8,28.7,26,73.5,X, ,O,낮음
2026-09-02,통영(162),O,33.2,32.3,27.4,24.6,83.5,O,주의,X,낮음
2026-09-02,목포(165),X,31.9,30.5,26.9,25,84.5,O,주의,X,낮음
2026-09-02,여수(168),X,32.9,31.7,28.2,25.8,80.5,O,주의,O,낮음
2026-09-02,흑산도(169),X,32.5,30.7,26.6,24.9,86.1,O,경고,X,낮음
2026-09-02,완도(170),O,34.2,33.3,28.4,25.4,81.4,X, ,X,낮음
2026-09-02,고창(172),X,32,30.2,25.5,23.3,92.9,O,주의,X,낮음
2026-09-02,제주(184),O,33.3,33.1,28.6,25.8,72.5,X, ,O,낮음
2026-09-02,진주(192),X,31.6,30.5,25.9,23,84.9,O,주의,X,낮음
2026-09-02,양평(202),X,28.5,26.7,23.6,21.5,89.6,X, ,X,낮음
2026-09-02,이천(203),X,29.6,27.9,23.8,21.4,93,X, ,X,낮음
2026-09-02,인제(211),X,29,28.1,23.4,20.6,84.9,X, ,X,낮음
2026-09-02,홍천(212),X,28.8,27.8,23.5,21.5,88.1,X, ,X,낮음
2026-09-02,태백(216),X,26.4,25.4,21.1,18.8,87.5,X, ,X,낮음
2026-09-02,정선군(217),X,26.5,24.3,,20.6,,X, ,X,낮음
2026-09-02,제천(221),X,27.7,25.4,22.1,19.5,95.8,X, ,X,낮음
2026-09-02,보은(226),X,28.6,26.9,23.5,21.2,92.1,X, ,X,낮음
2026-09-02,천안(232),X,28.9,26.2,23.5,21.8,96.3,X, ,X,낮음
2026-09-02,보령(235),X,29.6,27.7,24.6,23.2,89.1,X, ,X,낮음
2026-09-02,부여(236),X,29.6,27.9,24.2,22.4,91.1,X,관심,X,낮음
2026-09-02,금산(238),X,30.1,28.4,24.7,22.4,90.3,X, ,X,낮음
2026-09-02,세종(239),X,28.4,26.2,23.8,22.4,91.6,X, ,X,낮음
2026-09-02,부안(243),X,30.2,29.1,25.2,23.6,86.3,X, ,X,낮음
2026-09-02,임실(244),X,31.1,30.1,25.1,22.8,86.3,O,주의,X,낮음
2026-09-02,정읍(245),X,32.1,31,25.6,23.7,86.8,X,관심,X,낮음
2026-09-02,남원(247),X,32.2,31.2,25.7,22.5,86.8,O,주의,X,낮음
2026-09-02,장수(248),X,30.4,29.6,24.2,21.4,89.4,X,주의,X,낮음
2026-09-02,영광군(252),X,31.1,29.3,25.3,23.2,88.6,X, ,X,낮음
2026-09-02,김해시(253),O,34.3,33.4,28.2,24.1,81.9,O,주의,X,낮음
2026-09-02,순창군(254),X,32,31.6,26.1,23.5,81.8,X,관심,X,낮음
2026-09-02,양산시(257),O,34.5,34.2,28.5,24,81,O,주의,O,낮음
2026-09-02,강진군(259),O,34,33.3,27.4,24.4,85.8,O,주의,X,낮음
2026-09-02,장흥(260),O,33.1,31.4,26.8,24.1,86.6,O,주의,X,낮음
2026-09-02,해남(261),O,33.5,31.8,27.5,24.5,86.5,X, ,X,낮음
2026-09-02,고흥(262),O,33.3,32.4,27.4,23.9,84.3,X, ,X,낮음
2026-09-02,의령군(263),O,33.2,32.6,27,23,84.5,O,주의,X,낮음
2026-09-02,함양군(264),O,33.2,32.6,26.5,22.5,88.3,X, ,X,낮음
2026-09-02,진도군ASOS(268),X,32.7,31.4,26.4,24.1,88.3,O,주의,X,낮음
2026-09-02,봉화(271),X,28.5,27.3,23.1,20.4,89.5,X, ,X,낮음
2026-09-02,영주(272),X,28.8,27.7,23.1,19.9,90.5,X, ,X,낮음
2026-09-02,문경(273),X,29.6,28,24.2,21,91.6,X,관심,X,낮음
2026-09-02,청송군(276),X,32.1,30.7,25.6,22.4,88.8,O,주의,X,낮음
2026-09-02,영덕(277),X,31.8,30.1,24.8,22.7,91.1,X,주의,X,낮음
2026-09-02,의성(278),X,31.6,30.6,25.8,23,86.6,O,주의,X,낮음
2026-09-02,구미(279),O,33.1,32.6,26.2,23.4,84.5,O,주의,X,낮음
2026-09-02,영천(281),X,32.3,31.9,26.3,22.7,83.9,O,주의,X,낮음
2026-09-02,경주시(283),O,34.5,34.2,26.8,22.3,82.8,X, ,X,낮음
2026-09-02,거창(284),O,33,31.9,26.1,22.4,84.6,X, ,X,낮음
2026-09-02,합천(285),O,33.1,32.6,27.1,23.7,81.3,X, ,X,낮음
2026-09-02,밀양(288),O,33.7,34.1,28.4,23.6,76.9,O,주의,X,낮음
2026-09-02,산청(289),X,32.7,31.5,26.3,22.6,87.5,X, ,X,낮음
2026-09-02,거제(294),X,32.2,31.3,26.8,24.1,81.6,O,주의,X,낮음
2026-09-02,남해(295),X,32.6,31.4,26.8,23.9,83.8,X,주의,X,낮음
2026-09-02,부천(433),X,29.6,29,24.9,21.8,80,X, ,X,낮음
2026-09-02,안양(434),X,,27.9,24.6,22.3,,X, ,X,낮음
2026-09-02,광명(437),X,29.7,29.2,25.4,22.5,78,X, ,X,낮음
2026-09-02,군포(438),X,29.5,29,24.6,21.9,79,X, ,X,낮음
2026-09-02,김포(441),X,32.2,31.1,24.7,21.3,89,X, ,X,낮음
2026-09-02,하남(444),X,30,28.5,24.2,21.9,91,X, ,X,낮음
2026-09-02,의왕(445),X,30.6,28.4,23.7,21.1,94,X, ,X,낮음
2026-09-02,포천(504),X,31.2,30.5,24.1,20.8,89,X, ,X,낮음
2026-09-02,가평조종(505),X,30.5,29.6,23.7,21.1,90,X, ,X,낮음
2026-09-02,안성(516),X,29.4,27.9,24.2,21.8,89,X, ,X,낮음
2026-09-02,간성(517),X,27.2,24.7,22.7,21.2,93,X, ,X,낮음
2026-09-02,평창(526),X,28.5,26.8,22.5,19.8,90,X, ,X,낮음
2026-09-02,의정부(532),X,30.7,29.9,24,21.6,88,X, ,X,낮음
2026-09-02,횡성(536),X,29.1,27.9,23.4,20.8,89,X, ,X,낮음
2026-09-02,고양(540),X,31.6,30.5,23.7,21,90,X, ,X,낮음
2026-09-02,남양주(541),X,31.4,30.2,24.7,22.1,85,X, ,X,낮음
2026-09-02,안산(545),X,30.1,28.5,23.8,20.2,90,X, ,X,낮음
2026-09-02,경기광주(546),X,29.1,27.3,23,20.6,91,X, ,X,낮음
2026-09-02,여주(548),X,29.7,27.9,23.7,21.5,91,X, ,X,낮음
2026-09-02,용인(549),X,29.7,28.4,24.1,21.7,87,X, ,X,낮음
2026-09-02,오산(550),X,29.7,28,23.6,20.9,89,X, ,X,낮음
2026-09-02,평택(551),X,30.1,27.9,24.2,22.1,95,X, ,X,낮음
2026-09-02,화천(555),X,30.6,29.6,24.2,21.7,88,X, ,X,낮음
2026-09-02,양구(556),X,29.5,28.2,23.2,20.6,87,X, ,X,낮음
2026-09-02,시흥(565),X,29.9,28.5,23.4,20.5,89,X, ,X,낮음
2026-09-02,구리(569),X,30.5,29.5,24.2,21.7,85,X, ,X,낮음
2026-09-02,화성(571),X,29.3,27.8,24,21.8,88,X, ,X,낮음
2026-09-02,성남(572),X,29.2,27.5,24,21.7,92,X, ,X,낮음
2026-09-02,과천(590),X,29.4,28,23.9,21,90,X, ,X,낮음
2026-09-02,양주(598),X,30.6,30,24.3,20.7,87,X, ,X,낮음
2026-09-02,단양(601),X,28.8,27.3,22.8,20,92,X, ,X,낮음
2026-09-02,진천(602),X,28.3,26.2,23.4,21.3,91,X, ,X,낮음
2026-09-02,괴산(603),X,27.8,26.1,23.5,22,91,X, ,X,낮음
2026-09-02,옥천(604),X,29.8,28.3,24.4,22.1,89,X,관심,X,낮음
2026-09-02,홍북(608),X,,,,,,X, ,X,낮음
2026-09-02,공주(612),X,28.8,26.9,24,22.3,93,X, ,X,낮음
2026-09-02,서천(614),X,29.6,27.7,24.1,22.3,93,X, ,X,낮음
2026-09-02,논산(615),X,29.7,28.2,24.4,22.2,87,X,관심,X,낮음
2026-09-02,당진(616),X,29,27.1,23.8,21.6,92,X, ,X,낮음
2026-09-02,청양(618),X,28.7,26.9,23.8,21.6,92,X, ,X,낮음
2026-09-02,음성(619),X,28.5,26.6,23.6,21.6,92,X, ,X,낮음
2026-09-02,증평(623),X,27.8,26.2,23.7,21.8,88,X, ,X,낮음
2026-09-02,태안(627),X,29,26.6,23.8,21.9,92,X, ,X,낮음
2026-09-02,예산(628),X,28.4,26.7,24,22,89,X, ,X,낮음
2026-09-02,아산(634),X,29.5,27.7,24.3,22.2,90,X, ,X,낮음
2026-09-02,계룡(636),X,28.8,27.2,23.5,20.7,94,X, ,X,낮음
2026-09-02,연천청산(652),X,30.3,29.8,23.4,20.5,83,X, ,X,낮음
2026-09-02,양양(670),X,27.1,24.6,22.5,21.2,94,X, ,X,낮음
2026-09-02,무안(699),X,32,31.1,26.3,23.7,86,X, ,X,낮음
2026-09-02,무주(701),X,30.3,28.7,24.3,21.7,87,X,관심,X,낮음
2026-09-02,익산(702),X,30.6,28.8,25.2,23.3,88,X,관심,X,낮음
2026-09-02,진안(703),X,30.4,29,24.4,21.6,90,X,관심,X,낮음
2026-09-02,담양(706),X,32.6,31.5,26.5,23.6,86,O,주의,X,낮음
2026-09-02,구례(709),X,32.4,31.4,26.5,22.9,82,X, ,X,낮음
2026-09-02,나주(710),X,32.4,31.1,26.2,23.5,86,X, ,X,낮음
2026-09-02,순천시(712),O,33.3,31.3,27.1,23.8,91,O,주의,X,낮음
2026-09-02,광양읍(713),O,34.7,33.9,27.3,23.6,85,O,경고,X,낮음
2026-09-02,장성(730),X,32.8,31.6,26.3,23.6,84,O,주의,X,낮음
2026-09-02,영암(731),O,33.6,32.5,26.2,23.8,89,O,경고,X,낮음
2026-09-02,보성(732),X,32,30.7,25.7,23.1,84,O,주의,X,낮음
2026-09-02,완주(734),X,30.9,29.2,24.6,22.2,91,X,관심,X,낮음
2026-09-02,김제(737),X,31.8,29.7,25.2,23.3,91,X,관심,X,낮음
2026-09-02,화순(741),O,33.6,33.9,26.6,23.2,83,O,주의,X,낮음
2026-09-02,함평(754),X,32.9,31.2,26.3,23.8,89,O,주의,X,낮음
2026-09-02,곡성(768),X,32.8,31,25.8,22.5,92,X, ,X,낮음
2026-09-02,압해도(789),X,32.9,32,26.6,24.2,84,O,주의,X,낮음
2026-09-02,영양(801),X,31.3,29.1,24.7,22.2,93,X, ,X,낮음
2026-09-02,성주(810),X,32.2,30.8,25.5,23,90,O,주의,X,낮음
2026-09-02,고령(812),O,34.2,33.5,26.9,23.2,87,O,주의,X,낮음
2026-09-02,청도(813),O,33,31.9,26.1,22.5,90,O,주의,X,낮음
2026-09-02,예천(815),X,30.9,29.3,25.1,22.4,87,X,관심,X,낮음
2026-09-02,김천(822),X,32.7,31.9,25.8,22.6,82,X, ,X,낮음
2026-09-02,군위(823),X,32.8,31.6,25.9,23.5,90,O,주의,X,낮음
2026-09-02,군위(823),X,32.8,31.6,25.9,23.5,90,O,주의,X,낮음
2026-09-02,군위(823),X,32.8,31.6,25.9,23.5,90,O,주의,X,낮음
2026-09-02,군위(823),X,32.8,31.6,25.9,23.5,90,O,주의,X,낮음
2026-09-02,군위(823),X,32.8,31.6,25.9,23.5,90,O,주의,X,낮음
2026-09-02,군위(823),X,32.8,31.6,25.9,23.5,90,O,주의,X,낮음
2026-09-02,군위(823),X,32.8,31.6,25.9,23.5,90,O,주의,X,낮음
2026-09-02,군위(823),X,32.8,31.6,25.9,23.5,90,O,주의,X,낮음
2026-09-02,군위(823),X,32.8,31.6,25.9,23.5,90,O,주의,X,낮음
2026-09-02,군위(823),X,32.8,31.6,25.9,23.5,90,O,주의,X,낮음
2026-09-02,군위(823),X,32.8,31.6,25.9,23.5,90,O,주의,X,낮음
2026-09-02,군위(823),X,32.8,31.6,25.9,23.5,90,O,주의,X,낮음
2026-09-02,군위(823),X,32.8,31.6,25.9,23.5,90,O,주의,X,낮음
2026-09-02,군위(823),X,32.8,31.6,25.9,23.5,90,O,주의,X,낮음
2026-09-02,군위(823),X,32.8,31.6,25.9,23.5,90,O,주의,X,낮음
2026-09-02,군위(823),X,32.8,31.6,25.9,23.5,90,O,주의,X,낮음
2026-09-02,군위(823),X,32.8,31.6,25.9,23.5,90,O,주의,X,낮음
2026-09-02,군위(823),X,32.8,31.6,25.9,23.5,90,O,주의,X,낮음
2026-09-02,군위(823),X,32.8,31.6,25.9,23.5,90,O,주의,X,낮음
2026-09-02,군위(823),X,32.8,31.6,25.9,23.5,90,O,주의,X,낮음
2026-09-02,군위(823),X,32.8,31.6,25.9,23.5,90,O,주의,X,낮음
2026-09-02,군위(823),X,32.8,31.6,25.9,23.5,90,O,주의,X,낮음
2026-09-02,군위(823),X,32.8,31.6,25.9,23.5,90,O,주의,X,낮음
2026-09-02,군위(823),X,32.8,31.6,25.9,23.5,90,O,주의,X,낮음
2026-09-02,군위(823),X,32.8,31.6,25.9,23.5,90,O,주의,X,낮음
2026-09-02,군위(823),X,32.8,31.6,25.9,23.5,90,O,주의,X,낮음
2026-09-02,군위(823),X,32.8,31.6,25.9,23.5,90,O,주의,X,낮음
2026-09-02,군위(823),X,32.8,31.6,25.9,23.5,90,O,주의,X,낮음
2026-09-02,군위(823),X,32.8,31.6,25.9,23.5,90,O,주의,X,낮음
2026-09-02,군위(823),X,32.8,31.6,25.9,23.5,90,O,주의,X,낮음
2026-09-02,군위(823),X,32.8,31.6,25.9,23.5,90,O,주의,X,낮음
2026-09-02,군위(823),X,32.8,31.6,25.9,23.5,90,O,주의,X,낮음
2026-09-02,칠곡(825),X,32.6,30.9,26.4,23.8,90,O,주의,X,낮음
2026-09-02,경산(827),O,33.7,33.4,27.4,23.7,78,O,주의,O,낮음
2026-09-02,삼척(876),X,28.6,26.2,24.1,22.5,90,X, ,X,낮음
2026-09-02,속초(90),X,27.2,24.8,23,21.6,91.1,X, ,X,낮음
2026-09-02,삼천포(907),X,32.8,31,26.8,24.3,87,X,주의,X,낮음
2026-09-02,고성(918),O,33,31.6,26.9,23.2,88,X,주의,X,낮음
2026-09-02,창녕(919),O,33.3,33.1,26.8,23.4,82,O,주의,X,낮음
2026-09-02,함안(920),O,33.1,33.3,27,22.6,83,O,주의,X,낮음
2026-09-02,북춘천(93),X,29.6,28.5,23.6,20.7,90.9,X, ,X,낮음
2026-09-02,하동(932),O,33,32.7,27,23.3,85,X, ,X,낮음
2026-09-02,철원(95),X,29.5,29,23.3,19.6,87.5,X, ,X,낮음
2026-09-02,동두천(98),X,30,29.7,24,21.1,78.6,X, ,X,낮음
2026-09-02,파주(99),X,30,29,23.1,20,89.1,X, ,X,낮음
2026-09-03,북강릉(104),X,29.1,27,22.9,20.6,91.8,X, ,X,낮음
2026-09-03,동해(106),X,29.6,27.5,24.3,21.7,83.8,X, ,X,낮음
2026-09-03,서울(108),X,30.7,31.3,26,21.2,66.3,X,관심,X,낮음
2026-09-03,인천(112),X,30.1,29.9,25.7,22.3,76.1,X, ,X,낮음
2026-09-03,원주(114),X,31,31.7,25.1,20.3,70.3,X, ,X,낮음
2026-09-03,울릉도(115),X,27.5,24.9,22.9,21.6,88,X, ,X,낮음
2026-09-03,수원(119),X,30.1,31,25.8,20.1,69,X, ,X,낮음
2026-09-03,영월(121),X,31.7,31.2,23.9,20.3,80.4,X, ,X,낮음
2026-09-03,충주(127),X,30.6,29.6,24.6,21.1,80.1,X, ,X,낮음
2026-09-03,서산(129),X,30.2,29.6,24.9,20.7,79.4,X, ,X,낮음
2026-09-03,울진(130),X,28.2,25.4,23.5,21.6,91.8,X, ,X,낮음
2026-09-03,청주(131),X,30.3,29.8,26,22.8,72.6,X, ,X,낮음
2026-09-03,대전(133),X,31.3,30.4,25.6,22.4,80.4,X, ,X,낮음
2026-09-03,추풍령(135),X,29.7,28,23.5,20.5,83.9,X,관심,X,낮음
2026-09-03,안동(136),X,28.7,27,24.6,22.6,79,X, ,X,낮음
2026-09-03,상주(137),X,30.7,28.9,24.6,22.2,83.4,X,관심,X,낮음
2026-09-03,포항(138),X,28,26.1,25,23.9,83.5,X,주의,X,낮음
2026-09-03,군산(140),X,31.3,29.8,25.6,22.6,84.6,X, ,X,낮음
2026-09-03,대구(143),X,29.6,28.8,25.7,23.9,77,X, ,X,낮음
2026-09-03,전주(146),X,32.4,31.4,26.8,22.7,78.8,X,관심,X,낮음
2026-09-03,울산(152),X,29.6,28.1,25.1,23.3,82,X, ,X,낮음
2026-09-03,창원(155),X,32.5,31.5,27,24.2,80.6,O,주의,X,낮음
2026-09-03,광주(156),O,33.7,33.3,28.1,24,77.6,X, ,X,낮음
2026-09-03,부산(159),X,32.2,31.2,27.8,25.5,74,X, ,O,낮음
2026-09-03,통영(162),X,32.9,31.8,27.2,24.8,78.1,O,주의,O,낮음
2026-09-03,목포(165),X,31.8,30.5,27.1,24.3,80.4,X,주의,X,낮음
2026-09-03,여수(168),X,32.2,30.7,27.6,25.8,78.8,O,주의,X,낮음
2026-09-03,흑산도(169),X,31.3,29.9,26.5,24.7,80.5,X,주의,O,낮음
2026-09-03,완도(170),O,33.9,32.8,27.8,24.5,81.4,X, ,O,낮음
2026-09-03,고창(172),X,32.1,31.3,26.3,22.6,86.1,X,주의,X,낮음
2026-09-03,제주(184),O,33.2,31.9,29,27,74.5,X, ,O,낮음
2026-09-03,진주(192),X,31.6,30.4,25.3,22.3,81.4,O,주의,X,낮음
2026-09-03,양평(202),X,30,31.5,25.5,20.8,70.3,X, ,X,낮음
2026-09-03,이천(203),X,31.7,31.5,25.1,21.1,80,X, ,X,낮음
2026-09-03,인제(211),X,29.7,29.3,22.6,18.8,78.4,X, ,X,낮음
2026-09-03,홍천(212),X,30.4,31.9,24.6,20.5,71.4,X, ,X,낮음
2026-09-03,태백(216),X,24.6,22.8,19.8,17.7,86.9,X, ,X,낮음
2026-09-03,정선군(217),X,28.9,28.9,23,19.2,77.8,X, ,X,낮음
2026-09-03,제천(221),X,30.1,29.4,23.5,19.7,77.5,X, ,X,낮음
2026-09-03,보은(226),X,30.1,28.7,24,20.6,83,X, ,X,낮음
2026-09-03,천안(232),X,30,29.1,24.6,21.2,84.9,X, ,X,낮음
2026-09-03,보령(235),X,31.1,30.2,25.7,22.5,77.6,X, ,X,낮음
2026-09-03,부여(236),X,30.6,30.2,25.5,22.1,81.9,X, ,X,낮음
2026-09-03,금산(238),X,30.6,29.4,25.2,21.8,82,X, ,X,낮음
2026-09-03,세종(239),X,30.6,29.1,24.8,21.9,83.1,X, ,X,낮음
2026-09-03,부안(243),X,31.2,31,25.9,22.8,79.8,X, ,X,낮음
2026-09-03,임실(244),X,31.6,31.4,25.9,22,77.6,X,주의,X,낮음
2026-09-03,정읍(245),X,31.7,31,26.2,23,81.1,X,관심,X,낮음
2026-09-03,남원(247),O,33.2,32.9,26.9,23,78.9,X,주의,X,낮음
2026-09-03,장수(248),X,30.8,30,24.6,21.3,81.6,X, ,X,낮음
2026-09-03,영광군(252),X,31.3,30.7,25.9,22.5,83.3,X, ,X,낮음
2026-09-03,김해시(253),X,32.9,31.9,27.3,24.9,80.5,O,주의,X,낮음
2026-09-03,순창군(254),X,32.9,33.5,26.7,22.6,78.1,X,관심,X,낮음
2026-09-03,양산시(257),O,33,32,27.3,25.3,79.6,O,주의,O,낮음
2026-09-03,강진군(259),O,33.4,32.1,27.7,24.2,83.3,O,주의,O,낮음
2026-09-03,장흥(260),O,33.2,31.5,27.1,24,84.6,O,주의,X,낮음
2026-09-03,해남(261),O,33.2,31.7,27,23.9,88.1,X, ,X,낮음
2026-09-03,고흥(262),X,32.7,31.7,27.6,23.7,80.9,X, ,O,낮음
2026-09-03,의령군(263),X,32.7,31.7,26,23.2,84.3,O,주의,X,낮음
2026-09-03,함양군(264),O,33.6,32.5,26.8,23.3,83,X, ,X,낮음
2026-09-03,진도군ASOS(268),X,31.8,31.1,26.4,23.5,83.6,O,주의,X,낮음
2026-09-03,봉화(271),X,28.3,27.5,22.4,19.5,81.8,X, ,X,낮음
2026-09-03,영주(272),X,28.9,27.5,23,19,87.8,X, ,X,낮음
2026-09-03,문경(273),X,30.8,29.2,23.5,19.9,87.9,X, ,X,낮음
2026-09-03,청송군(276),X,28.7,27,23.1,19.3,91.8,X,주의,X,낮음
2026-09-03,영덕(277),X,27.5,25.3,23.1,21.8,90.8,X, ,X,낮음
2026-09-03,의성(278),X,30,28.3,24.7,21.1,84.9,X,주의,X,낮음
2026-09-03,구미(279),X,31.4,30.3,25.2,22.8,80.6,X,주의,X,낮음
2026-09-03,영천(281),X,29.5,28.5,25,23.5,80.5,X,주의,X,낮음
2026-09-03,경주시(283),X,28.5,26.6,24.7,23,85.8,X, ,X,낮음
2026-09-03,거창(284),X,32.2,30.9,25.4,23,81.9,X, ,X,낮음
2026-09-03,합천(285),X,32.5,31.6,26.5,23.6,81.4,X, ,X,낮음
2026-09-03,밀양(288),O,33,32.2,27.4,24.8,77,O,주의,O,낮음
2026-09-03,산청(289),O,33,32,26.6,23.6,82.8,X, ,X,낮음
2026-09-03,거제(294),X,31.6,30.4,26.6,23.7,77.6,O,주의,X,낮음
2026-09-03,남해(295),X,32.1,31.1,27.1,24.7,79.6,X,관심,X,낮음
2026-09-03,부천(433),X,30.6,31.9,26.2,21.8,69,X, ,X,낮음
2026-09-03,안양(434),X,,31.3,26.2,21.8,,X, ,X,낮음
2026-09-03,광명(437),X,30.5,32.3,27.1,22.5,61,X, ,X,낮음
2026-09-03,군포(438),X,30,32.4,26.3,21.2,61,X, ,X,낮음
2026-09-03,김포(441),X,31.9,31.9,25.2,20.7,80,X,관심,X,낮음
2026-09-03,하남(444),X,31,31.7,25.7,20.7,73,X, ,X,낮음
2026-09-03,의왕(445),X,32,31.8,24.9,19.6,77,X, ,X,낮음
2026-09-03,포천(504),X,31.6,32.2,24.6,19.4,77,X, ,X,낮음
2026-09-03,가평조종(505),X,30.3,31,24,19.8,79,X, ,X,낮음
2026-09-03,안성(516),X,31.5,31.8,25.9,21,77,X, ,X,낮음
2026-09-03,간성(517),X,26.9,25,21.6,19,92,X, ,X,낮음
2026-09-03,평창(526),X,30.4,30.2,22.7,17.4,78,X, ,X,낮음
2026-09-03,의정부(532),X,31.1,31.5,24.9,20.5,76,X, ,X,낮음
2026-09-03,횡성(536),X,31.1,32.3,24.7,19.6,69,X, ,X,낮음
2026-09-03,고양(540),X,31.3,32.1,24.9,18.9,76,X,관심,X,낮음
2026-09-03,남양주(541),X,31.3,32.7,26.2,20.2,67,X, ,X,낮음
2026-09-03,안산(545),X,31.5,32.2,24.2,18.4,79,X, ,X,낮음
2026-09-03,경기광주(546),X,29.6,30.1,24.4,19.9,77,X, ,X,낮음
2026-09-03,여주(548),X,31.7,31.7,25.3,20.3,76,X, ,X,낮음
2026-09-03,용인(549),X,30.7,32.2,26,21.3,69,X, ,X,낮음
2026-09-03,오산(550),X,31.3,32.1,25.4,19.4,73,X, ,X,낮음
2026-09-03,평택(551),X,32.1,32.3,26.2,20.9,77,X, ,X,낮음
2026-09-03,화천(555),X,30.6,31.2,24,19,79,X, ,X,낮음
2026-09-03,양구(556),X,29.3,29.3,22.6,17.2,80,X, ,X,낮음
2026-09-03,시흥(565),X,30,31,25.1,18.5,70,X, ,X,낮음
2026-09-03,구리(569),X,31.1,31.7,25.6,20.1,69,X, ,X,낮음
2026-09-03,화성(571),X,31,32.3,26.2,21.1,70,X, ,X,낮음
2026-09-03,성남(572),X,30.2,31.3,25.4,20.3,75,X, ,X,낮음
2026-09-03,과천(590),X,30.5,31.7,25.2,19.2,73,X, ,X,낮음
2026-09-03,양주(598),X,30.5,31,24.4,20,79,X, ,X,낮음
2026-09-03,단양(601),X,30.2,28.9,22.8,18.8,88,X, ,X,낮음
2026-09-03,진천(602),X,30.1,29.5,24.6,21.1,82,X, ,X,낮음
2026-09-03,괴산(603),X,30.3,29.2,24,20,85,X, ,X,낮음
2026-09-03,옥천(604),X,31.2,30.1,24.9,21.6,82,X, ,X,낮음
2026-09-03,홍북(608),X,,,,,,X, ,X,낮음
2026-09-03,공주(612),X,30,29.3,24.8,21.4,83,X, ,X,낮음
2026-09-03,서천(614),X,30.9,30.6,25.2,21.7,80,X, ,X,낮음
2026-09-03,논산(615),X,31.3,30.4,25.4,21.7,80,X, ,X,낮음
2026-09-03,당진(616),X,30.4,29.6,24.5,20.3,84,X, ,X,낮음
2026-09-03,청양(618),X,30.5,29.3,24.3,21.5,86,X, ,X,낮음
2026-09-03,음성(619),X,30.7,29.3,24.3,21.4,85,X, ,X,낮음
2026-09-03,증평(623),X,30.2,29.7,24.7,21.2,80,X, ,X,낮음
2026-09-03,태안(627),X,30.2,28.9,24.9,20.3,83,X, ,X,낮음
2026-09-03,예산(628),X,29.9,29.9,24.8,21.7,82,X, ,X,낮음
2026-09-03,아산(634),X,30.8,30.6,25.8,21.3,75,X, ,X,낮음
2026-09-03,계룡(636),X,30.6,29.3,24.5,20.6,84,X, ,X,낮음
2026-09-03,연천청산(652),X,30.5,30.8,24.2,19.7,76,X, ,X,낮음
2026-09-03,양양(670),X,28.3,26.5,22.9,20.2,88,X, ,X,낮음
2026-09-03,무안(699),X,32.8,32.1,26.8,23.1,80,X, ,X,낮음
2026-09-03,무주(701),X,30.8,29.4,24.5,21.6,83,X, ,X,낮음
2026-09-03,익산(702),X,31.5,30.7,26.3,22.8,81,X,관심,X,낮음
2026-09-03,진안(703),X,31.8,30.3,24.9,21.1,83,X, ,X,낮음
2026-09-03,담양(706),O,33.5,33.1,27.4,22.9,79,O,주의,X,낮음
2026-09-03,구례(709),O,34,33.4,26.9,23.9,79,X, ,X,낮음
2026-09-03,나주(710),X,32.2,31.9,26.9,22.8,79,X, ,X,낮음
2026-09-03,순천시(712),O,33,31.1,27.3,23.9,87,O,주의,O,낮음
2026-09-03,광양읍(713),O,34.5,33.4,27.5,24.1,84,O,주의,O,낮음
2026-09-03,장성(730),O,33.7,33.3,27.3,22.8,77,O,주의,X,낮음
2026-09-03,영암(731),O,34,32.7,27.1,23.4,84,O,주의,X,낮음
2026-09-03,보성(732),X,31.6,30.5,26.2,23.1,80,O,주의,X,낮음
2026-09-03,완주(734),X,31.5,30.4,25.6,21.3,81,X,관심,X,낮음
2026-09-03,김제(737),X,32.1,30.5,25.6,22.4,90,X,관심,X,낮음
2026-09-03,화순(741),O,34.3,33.2,27,23.4,82,O,주의,X,낮음
2026-09-03,함평(754),O,33,32.3,26.9,22.9,84,X,주의,X,낮음
2026-09-03,곡성(768),O,33.7,33,26.9,22.7,86,X, ,X,낮음
2026-09-03,압해도(789),X,32.2,31.4,27.1,24.2,77,O,주의,X,낮음
2026-09-03,영양(801),X,27.9,25.3,22.5,19.1,93,X, ,X,낮음
2026-09-03,성주(810),X,31.5,29.8,24.8,21.8,88,X,주의,X,낮음
2026-09-03,고령(812),X,32.1,30.7,26.2,23.3,84,X,주의,X,낮음
2026-09-03,청도(813),X,32.1,30.6,26,24.2,84,X,주의,X,낮음
2026-09-03,예천(815),X,30.9,29.3,24.3,20.5,83,X, ,X,낮음
2026-09-03,김천(822),X,31.2,29.8,25.1,21.9,79,X, ,X,낮음
2026-09-03,군위(823),X,30.7,28.8,24.6,20.3,88,X,주의,X,낮음
2026-09-03,군위(823),X,30.7,28.8,24.6,20.3,88,X,주의,X,낮음
2026-09-03,군위(823),X,30.7,28.8,24.6,20.3,88,X,주의,X,낮음
2026-09-03,군위(823),X,30.7,28.8,24.6,20.3,88,X,주의,X,낮음
2026-09-03,군위(823),X,30.7,28.8,24.6,20.3,88,X,주의,X,낮음
2026-09-03,군위(823),X,30.7,28.8,24.6,20.3,88,X,주의,X,낮음
2026-09-03,군위(823),X,30.7,28.8,24.6,20.3,88,X,주의,X,낮음
2026-09-03,군위(823),X,30.7,28.8,24.6,20.3,88,X,주의,X,낮음
2026-09-03,군위(823),X,30.7,28.8,24.6,20.3,88,X,주의,X,낮음
2026-09-03,군위(823),X,30.7,28.8,24.6,20.3,88,X,주의,X,낮음
2026-09-03,군위(823),X,30.7,28.8,24.6,20.3,88,X,주의,X,낮음
2026-09-03,군위(823),X,30.7,28.8,24.6,20.3,88,X,주의,X,낮음
2026-09-03,군위(823),X,30.7,28.8,24.6,20.3,88,X,주의,X,낮음
2026-09-03,군위(823),X,30.7,28.8,24.6,20.3,88,X,주의,X,낮음
2026-09-03,군위(823),X,30.7,28.8,24.6,20.3,88,X,주의,X,낮음
2026-09-03,군위(823),X,30.7,28.8,24.6,20.3,88,X,주의,X,낮음
2026-09-03,군위(823),X,30.7,28.8,24.6,20.3,88,X,주의,X,낮음
2026-09-03,군위(823),X,30.7,28.8,24.6,20.3,88,X,주의,X,낮음
2026-09-03,군위(823),X,30.7,28.8,24.6,20.3,88,X,주의,X,낮음
2026-09-03,군위(823),X,30.7,28.8,24.6,20.3,88,X,주의,X,낮음
2026-09-03,군위(823),X,30.7,28.8,24.6,20.3,88,X,주의,X,낮음
2026-09-03,군위(823),X,30.7,28.8,24.6,20.3,88,X,주의,X,낮음
2026-09-03,군위(823),X,30.7,28.8,24.6,20.3,88,X,주의,X,낮음
2026-09-03,군위(823),X,30.7,28.8,24.6,20.3,88,X,주의,X,낮음
2026-09-03,군위(823),X,30.7,28.8,24.6,20.3,88,X,주의,X,낮음
2026-09-03,군위(823),X,30.7,28.8,24.6,20.3,88,X,주의,X,낮음
2026-09-03,군위(823),X,30.7,28.8,24.6,20.3,88,X,주의,X,낮음
2026-09-03,군위(823),X,30.7,28.8,24.6,20.3,88,X,주의,X,낮음
2026-09-03,군위(823),X,30.7,28.8,24.6,20.3,88,X,주의,X,낮음
2026-09-03,군위(823),X,30.7,28.8,24.6,20.3,88,X,주의,X,낮음
2026-09-03,군위(823),X,30.7,28.8,24.6,20.3,88,X,주의,X,낮음
2026-09-03,군위(823),X,30.7,28.8,24.6,20.3,88,X,주의,X,낮음
2026-09-03,칠곡(825),X,31.9,30,25.2,22.9,92,X,주의,X,낮음
2026-09-03,경산(827),X,30,29,25.8,23.8,79,X,주의,X,낮음
2026-09-03,삼척(876),X,29.3,27.5,24.3,21.7,82,X, ,X,낮음
2026-09-03,속초(90),X,28.1,26.5,22.3,20,88.9,X, ,X,낮음
2026-09-03,삼천포(907),X,32.9,31.6,27,23.7,79,X,관심,X,낮음
2026-09-03,고성(918),X,32.6,31.5,26.4,22.9,85,X,관심,X,낮음
2026-09-03,창녕(919),X,31.9,31,26.5,24,79,O,주의,X,낮음
2026-09-03,함안(920),O,33,31.7,26,23,84,O,주의,X,낮음
2026-09-03,북춘천(93),X,30.7,31.4,24.5,20,75.4,X, ,X,낮음
2026-09-03,하동(932),O,33.2,33,27.3,23.9,82,X, ,X,낮음
2026-09-03,철원(95),X,29.7,29.7,23.4,18.1,79.5,X, ,X,낮음
2026-09-03,동두천(98),X,29.8,30.3,24.5,20,69.6,X, ,X,낮음
2026-09-03,파주(99),X,30.2,29.9,23.7,19.7,82.8,X, ,X,낮음
2026-09-04,북강릉(104),X,27.9,26.7,22.4,19,84.1,X, ,X,낮음
2026-09-04,동해(106),X,27.9,26.9,23.1,19,77.1,X, ,X,낮음
2026-09-04,서울(108),X,28.6,29.8,25.1,21.3,53.6,X, ,X,낮음
2026-09-04,인천(112),X,28.6,29.8,25.8,21.5,54.8,X, ,X,낮음
2026-09-04,원주(114),X,29,30.1,23.7,18.5,60,X, ,X,낮음
2026-09-04,울릉도(115),X,26.1,24.6,22.4,20.8,77.6,X, ,X,낮음
2026-09-04,수원(119),X,28.6,29.7,25,20.8,55.1,X, ,X,낮음
2026-09-04,영월(121),X,28.6,29.6,21.7,16.7,71.6,X, ,X,낮음
2026-09-04,충주(127),X,28.8,29.3,23,17,65,X, ,X,낮음
2026-09-04,서산(129),X,28.2,29.3,24.8,21,60.4,X, ,X,낮음
2026-09-04,울진(130),X,27.1,26.1,23.4,20.1,75,X, ,X,낮음
2026-09-04,청주(131),X,28.8,30.7,25.8,21.8,50.6,X, ,X,낮음
2026-09-04,대전(133),X,29.1,29.5,25.2,22,56.1,X, ,X,낮음
2026-09-04,추풍령(135),X,26.4,26.6,22.6,19,65.8,X, ,X,낮음
2026-09-04,안동(136),X,27.2,28.3,23.5,19.3,61.6,X, ,X,낮음
2026-09-04,상주(137),X,28.5,28.9,23.4,19,69.9,X, ,X,낮음
2026-09-04,포항(138),X,27.1,26.7,25.5,24.1,62.8,X, ,X,낮음
2026-09-04,군산(140),X,29,29,25.4,22.4,64.9,X, ,X,낮음
2026-09-04,대구(143),X,27,28,24.6,21.3,60.5,X, ,X,낮음
2026-09-04,전주(146),X,29.7,30.8,26.5,22.4,57.5,X,관심,X,낮음
2026-09-04,울산(152),X,26.5,26.8,24.4,23.4,60.9,X, ,X,낮음
2026-09-04,창원(155),X,29.2,29.8,26.1,23.2,58.4,X,주의,X,낮음
2026-09-04,광주(156),X,31.4,31.3,26.4,22,65,X, ,X,낮음
2026-09-04,부산(159),X,28.7,29.2,26,24.5,59.9,X, ,X,낮음
2026-09-04,통영(162),X,28.3,28.7,25.9,23.8,58.8,X,주의,X,낮음
2026-09-04,목포(165),X,31.7,31.8,27.4,24.6,64.4,X,관심,X,낮음
2026-09-04,여수(168),X,28.3,28.6,25.9,23.9,60.8,X,주의,X,낮음
2026-09-04,흑산도(169),X,31.1,30.1,26.8,24,77.4,X,관심,X,낮음
2026-09-04,완도(170),X,29.8,29.1,26.4,24.1,67.5,X, ,X,낮음
2026-09-04,고창(172),X,32,31.9,26,21.1,71.8,X,관심,X,낮음
2026-09-04,제주(184),X,29.8,27.8,26.7,25.5,65.3,X, ,X,낮음
2026-09-04,진주(192),X,28.5,28.7,24,18.6,64.9,X,주의,X,낮음
2026-09-04,양평(202),X,28.1,29.5,23.9,18.9,60.9,X, ,X,낮음
2026-09-04,이천(203),X,29.3,29.8,23.1,17.7,69.6,X, ,X,낮음
2026-09-04,인제(211),X,26.6,26.8,20.6,16.4,74.3,X, ,X,낮음
2026-09-04,홍천(212),X,27.6,29,22.2,16.9,67.6,X, ,X,낮음
2026-09-04,태백(216),X,23,22.6,18.4,15.8,78.9,X, ,X,낮음
2026-09-04,정선군(217),X,26,26.3,20.7,16.4,73.1,X, ,X,낮음
2026-09-04,제천(221),X,26.3,26.5,21.1,15.9,72.4,X, ,X,낮음
2026-09-04,보은(226),X,27.4,27.6,22.5,17.7,67.4,X, ,X,낮음
2026-09-04,천안(232),X,28.4,29.1,23.8,19.6,66.6,X, ,X,낮음
2026-09-04,보령(235),X,29.5,30.7,26.2,22.7,52.5,X, ,X,낮음
2026-09-04,부여(236),X,28.7,29.6,25,20.3,59.6,X, ,X,낮음
2026-09-04,금산(238),X,27.9,28.7,23.9,19.5,65.3,X, ,X,낮음
2026-09-04,세종(239),X,28.6,29.1,24.4,20.3,61.9,X, ,X,낮음
2026-09-04,부안(243),X,30.5,31.4,25.6,20.7,64.4,X, ,X,낮음
2026-09-04,임실(244),X,29,29.2,24,18.1,67.4,X,관심,X,낮음
2026-09-04,정읍(245),X,31.1,31.6,26.1,21.7,62.9,X,관심,X,낮음
2026-09-04,남원(247),X,29,29.2,25.4,22.2,62.9,X,관심,X,낮음
2026-09-04,장수(248),X,27.1,27.1,21.9,16.3,72.5,X, ,X,낮음
2026-09-04,영광군(252),X,31.9,32,26.2,21.5,67.8,X, ,X,낮음
2026-09-04,김해시(253),X,29.8,30,25.4,23.1,64.3,X,주의,X,낮음
2026-09-04,순창군(254),X,29.7,30.3,25.7,22.5,58.6,X,관심,X,낮음
2026-09-04,양산시(257),X,28.9,28.9,26.1,23.7,62.4,X,주의,X,낮음
2026-09-04,강진군(259),X,31.1,30.9,27.1,23.9,61.6,X,주의,X,낮음
2026-09-04,장흥(260),X,30.6,29.6,25.9,22.9,66.8,X,주의,X,낮음
2026-09-04,해남(261),X,32.2,31.5,26.3,22.7,72.3,X, ,X,낮음
2026-09-04,고흥(262),X,30.5,31,26.3,23.3,62.4,X, ,X,낮음
2026-09-04,의령군(263),X,28.2,27.5,24,20.4,69.5,X,주의,X,낮음
2026-09-04,함양군(264),X,29.1,29.1,23.8,17.6,73,X, ,X,낮음
2026-09-04,진도군ASOS(268),X,30.9,31,26.5,22.4,68.8,X,주의,X,낮음
2026-09-04,봉화(271),X,25.9,25.7,21.1,16.3,67,X, ,X,낮음
2026-09-04,영주(272),X,27,27.4,20.9,16.1,77.4,X, ,X,낮음
2026-09-04,문경(273),X,28.1,28.1,21.8,16.4,75.9,X, ,X,낮음
2026-09-04,청송군(276),X,26.8,26.7,22.6,18.9,71.8,X, ,X,낮음
2026-09-04,영덕(277),X,27,26.1,22.9,20.2,76.1,X, ,X,낮음
2026-09-04,의성(278),X,27.6,28.4,23.5,18.4,70.1,X, ,X,낮음
2026-09-04,구미(279),X,28.6,29.7,24.9,21.4,61,X, ,X,낮음
2026-09-04,영천(281),X,26.8,27.2,23.8,20.3,65.3,X, ,X,낮음
2026-09-04,경주시(283),X,27.4,27.4,24,19.8,69,X, ,X,낮음
2026-09-04,거창(284),X,28.5,28.1,23,17.3,73.4,X, ,X,낮음
2026-09-04,합천(285),X,28.7,29.2,24.6,19.7,67.4,X, ,X,낮음
2026-09-04,밀양(288),X,29.3,30,25.9,23.7,60,X,주의,X,낮음
2026-09-04,산청(289),X,28.5,28.7,23.8,18.2,70.6,X, ,X,낮음
2026-09-04,거제(294),X,28.6,28.6,25.7,23.6,60.1,X,주의,X,낮음
2026-09-04,남해(295),X,29.3,29.4,25.5,22.5,65.4,X,관심,X,낮음
2026-09-04,부천(433),X,29.6,31.6,26,21.5,51,X, ,X,낮음
2026-09-04,안양(434),X,,29.9,25.3,22.3,,X, ,X,낮음
2026-09-04,광명(437),X,29.2,31.3,26.5,23.3,48,X, ,X,낮음
2026-09-04,군포(438),X,28.9,30.8,25.4,22.1,49,X, ,X,낮음
2026-09-04,김포(441),X,29.4,30.5,24.4,18.6,64,X, ,X,낮음
2026-09-04,하남(444),X,29.5,30.3,25.5,21.8,57,X, ,X,낮음
2026-09-04,의왕(445),X,30.3,30.8,23.5,18.9,68,X, ,X,낮음
2026-09-04,포천(504),X,29.5,30.8,23.3,17.5,67,X, ,X,낮음
2026-09-04,가평조종(505),X,27.8,28.3,22.7,17,68,X, ,X,낮음
2026-09-04,안성(516),X,29.8,30.9,25,20.6,61,X, ,X,낮음
2026-09-04,간성(517),X,26.6,25.4,21.4,17.7,84,X, ,X,낮음
2026-09-04,평창(526),X,25.9,26.7,20.1,15.3,71,X, ,X,낮음
2026-09-04,의정부(532),X,29.1,30.1,23.8,18.1,61,X, ,X,낮음
2026-09-04,횡성(536),X,27.4,28.9,22.6,16.7,62,X, ,X,낮음
2026-09-04,고양(540),X,29.3,30.5,23.4,17.4,64,X, ,X,낮음
2026-09-04,남양주(541),X,29.5,30.7,24.7,18.8,58,X, ,X,낮음
2026-09-04,안산(545),X,29.9,31,23.9,17.5,66,X, ,X,낮음
2026-09-04,경기광주(546),X,28.3,29.3,23.1,18.3,64,X, ,X,낮음
2026-09-04,여주(548),X,29.2,30.1,23.5,18.4,66,X, ,X,낮음
2026-09-04,용인(549),X,30.2,32.6,24.6,19.5,58,X, ,X,낮음
2026-09-04,오산(550),X,28.6,29.9,24.7,19.9,57,X, ,X,낮음
2026-09-04,평택(551),X,31,31.1,25.3,20.9,65,X, ,X,낮음
2026-09-04,화천(555),X,28.3,28.6,21.3,16.9,75,X, ,X,낮음
2026-09-04,양구(556),X,27.1,27.7,20.6,15.5,74,X, ,X,낮음
2026-09-04,시흥(565),X,28.7,29.7,24.1,18.5,61,X, ,X,낮음
2026-09-04,구리(569),X,29.5,30.2,24.3,19.8,57,X, ,X,낮음
2026-09-04,화성(571),X,29.7,31.3,25.4,20.7,55,X, ,X,낮음
2026-09-04,성남(572),X,29.1,30,23.7,19.1,65,X, ,X,낮음
2026-09-04,과천(590),X,29.5,30.5,23.8,17.9,65,X, ,X,낮음
2026-09-04,양주(598),X,30.2,30.8,23.3,17.2,66,X, ,X,낮음
2026-09-04,단양(601),X,26.7,27.6,21.2,16,73,X, ,X,낮음
2026-09-04,진천(602),X,28.9,28.9,22.9,17,72,X, ,X,낮음
2026-09-04,괴산(603),X,28.6,29.7,22.1,16.1,73,X, ,X,낮음
2026-09-04,옥천(604),X,28.5,28.8,24.1,19.8,61,X, ,X,낮음
2026-09-04,홍북(608),X,,,,,,X, ,X,낮음
2026-09-04,공주(612),X,28.5,29.3,24.2,19.7,64,X, ,X,낮음
2026-09-04,서천(614),X,28.7,29.2,25,21.6,61,X, ,X,낮음
2026-09-04,논산(615),X,28.8,29.1,25.1,21.9,59,X, ,X,낮음
2026-09-04,당진(616),X,29.2,30.2,25,20.6,61,X, ,X,낮음
2026-09-04,청양(618),X,28.8,29.8,24.6,20.1,60,X, ,X,낮음
2026-09-04,음성(619),X,28.1,28.5,22,16.5,75,X, ,X,낮음
2026-09-04,증평(623),X,28.6,29.4,23.3,18.7,66,X, ,X,낮음
2026-09-04,태안(627),X,28.8,29.5,25.2,21.9,65,X, ,X,낮음
2026-09-04,예산(628),X,28.4,29.2,24.5,20.6,63,X, ,X,낮음
2026-09-04,아산(634),X,29.6,31.3,25.8,21.2,55,X, ,X,낮음
2026-09-04,계룡(636),X,27.6,27.9,24.1,21.2,58,X, ,X,낮음
2026-09-04,연천청산(652),X,29,30.1,22.7,16.4,67,X, ,X,낮음
2026-09-04,양양(670),X,27.1,25.7,21.9,18.5,84,X, ,X,낮음
2026-09-04,무안(699),X,31.2,31.8,26.8,23.8,65,X, ,X,낮음
2026-09-04,무주(701),X,26.7,27.3,23.1,19.8,65,X, ,X,낮음
2026-09-04,익산(702),X,30.1,29.7,25.5,21.2,67,X,관심,X,낮음
2026-09-04,진안(703),X,29.1,28.6,23.5,19.9,71,X, ,X,낮음
2026-09-04,담양(706),X,30.8,31.1,26.6,22.6,62,X,주의,X,낮음
2026-09-04,구례(709),X,30.4,30,25,18.5,68,X, ,X,낮음
2026-09-04,나주(710),X,31.2,31.2,25.7,20.8,73,X, ,X,낮음
2026-09-04,순천시(712),X,29.2,28.7,26,23.5,68,X,주의,X,낮음
2026-09-04,광양읍(713),X,31.4,31.5,26.9,23.7,62,X,주의,X,낮음
2026-09-04,장성(730),X,31.3,32,26.3,20.6,66,X,주의,X,낮음
2026-09-04,영암(731),X,32.8,32.5,26.3,21.3,70,X,주의,X,낮음
2026-09-04,보성(732),X,28.8,28.6,25.2,22.1,60,X,주의,X,낮음
2026-09-04,완주(734),X,29.8,30,25.3,20.9,61,X, ,X,낮음
2026-09-04,김제(737),X,30.8,30.1,25.4,21.1,73,X,관심,X,낮음
2026-09-04,화순(741),X,32.8,32.3,26,19.8,70,X,주의,X,낮음
2026-09-04,함평(754),X,31.7,31.5,26.3,22.1,71,X,관심,X,낮음
2026-09-04,곡성(768),X,31.4,31,24.7,17.7,74,X, ,X,낮음
2026-09-04,압해도(789),X,32.5,32.7,27.5,24.1,61,X,주의,X,낮음
2026-09-04,영양(801),X,27.2,26.7,21.4,17.1,80,X, ,X,낮음
2026-09-04,성주(810),X,28.3,28.2,23.2,18.8,75,X, ,X,낮음
2026-09-04,고령(812),X,29,29.4,24.2,19.3,73,X, ,X,낮음
2026-09-04,청도(813),X,27.7,27.4,23.9,19.1,69,X, ,X,낮음
2026-09-04,예천(815),X,28.9,29.5,22.7,17.7,70,X, ,X,낮음
2026-09-04,김천(822),X,29,29.2,23.7,18.6,67,X, ,X,낮음
2026-09-04,군위(823),X,28.3,28.7,23.1,18.2,73,X, ,X,낮음
2026-09-04,군위(823),X,28.3,28.7,23.1,18.2,73,X, ,X,낮음
2026-09-04,군위(823),X,28.3,28.7,23.1,18.2,73,X, ,X,낮음
2026-09-04,군위(823),X,28.3,28.7,23.1,18.2,73,X, ,X,낮음
2026-09-04,군위(823),X,28.3,28.7,23.1,18.2,73,X, ,X,낮음
2026-09-04,군위(823),X,28.3,28.7,23.1,18.2,73,X, ,X,낮음
2026-09-04,군위(823),X,28.3,28.7,23.1,18.2,73,X, ,X,낮음
2026-09-04,군위(823),X,28.3,28.7,23.1,18.2,73,X, ,X,낮음
2026-09-04,군위(823),X,28.3,28.7,23.1,18.2,73,X, ,X,낮음
2026-09-04,군위(823),X,28.3,28.7,23.1,18.2,73,X, ,X,낮음
2026-09-04,군위(823),X,28.3,28.7,23.1,18.2,73,X, ,X,낮음
2026-09-04,군위(823),X,28.3,28.7,23.1,18.2,73,X, ,X,낮음
2026-09-04,군위(823),X,28.3,28.7,23.1,18.2,73,X, ,X,낮음
2026-09-04,군위(823),X,28.3,28.7,23.1,18.2,73,X, ,X,낮음
2026-09-04,군위(823),X,28.3,28.7,23.1,18.2,73,X, ,X,낮음
2026-09-04,군위(823),X,28.3,28.7,23.1,18.2,73,X, ,X,낮음
2026-09-04,군위(823),X,28.3,28.7,23.1,18.2,73,X, ,X,낮음
2026-09-04,군위(823),X,28.3,28.7,23.1,18.2,73,X, ,X,낮음
2026-09-04,군위(823),X,28.3,28.7,23.1,18.2,73,X, ,X,낮음
2026-09-04,군위(823),X,28.3,28.7,23.1,18.2,73,X, ,X,낮음
2026-09-04,군위(823),X,28.3,28.7,23.1,18.2,73,X, ,X,낮음
2026-09-04,군위(823),X,28.3,28.7,23.1,18.2,73,X, ,X,낮음
2026-09-04,군위(823),X,28.3,28.7,23.1,18.2,73,X, ,X,낮음
2026-09-04,군위(823),X,28.3,28.7,23.1,18.2,73,X, ,X,낮음
2026-09-04,군위(823),X,28.3,28.7,23.1,18.2,73,X, ,X,낮음
2026-09-04,군위(823),X,28.3,28.7,23.1,18.2,73,X, ,X,낮음
2026-09-04,군위(823),X,28.3,28.7,23.1,18.2,73,X, ,X,낮음
2026-09-04,군위(823),X,28.3,28.7,23.1,18.2,73,X, ,X,낮음
2026-09-04,군위(823),X,28.3,28.7,23.1,18.2,73,X, ,X,낮음
2026-09-04,군위(823),X,28.3,28.7,23.1,18.2,73,X, ,X,낮음
2026-09-04,군위(823),X,28.3,28.7,23.1,18.2,73,X, ,X,낮음
2026-09-04,군위(823),X,28.3,28.7,23.1,18.2,73,X, ,X,낮음
2026-09-04,칠곡(825),X,29,29.6,24.5,21,69,X, ,X,낮음
2026-09-04,경산(827),X,28.3,28.6,24.4,20.4,66,X, ,X,낮음
2026-09-04,삼척(876),X,28.2,27.8,22.9,19,77,X, ,X,낮음
2026-09-04,속초(90),X,27.2,26.4,23.2,19.1,74.8,X, ,X,낮음
2026-09-04,삼천포(907),X,29.2,29.6,25.5,22.1,58,X,관심,X,낮음
2026-09-04,고성(918),X,28.8,28.9,24.6,19.7,69,X,관심,X,낮음
2026-09-04,창녕(919),X,29.1,29.5,24.6,19.4,67,X,주의,X,낮음
2026-09-04,함안(920),X,30,29.5,24.1,17.8,74,X,주의,X,낮음
2026-09-04,북춘천(93),X,27.8,28.6,22.1,16.4,70.1,X, ,X,낮음
2026-09-04,하동(932),X,29.8,30.6,26.3,23,58,X, ,X,낮음
2026-09-04,철원(95),X,28.2,28.9,22.2,16.9,70,X, ,X,낮음
2026-09-04,동두천(98),X,28.1,29.5,23.4,18.4,59.9,X, ,X,낮음
2026-09-04,파주(99),X,28.9,29,22.6,17.6,69,X, ,X,낮음
2026-09-05,북강릉(104),X,27.4,26.3,21.9,18,81.8,X, ,X,낮음
2026-09-05,동해(106),X,27.3,26.2,23.5,21.2,68.3,X, ,X,낮음
2026-09-05,서울(108),X,28.3,29.4,24,19.1,54.8,X, ,X,낮음
2026-09-05,인천(112),X,28.6,29.3,24.8,21.1,52.6,X, ,X,낮음
2026-09-05,원주(114),X,27.9,29,22.2,16.2,64.4,X, ,X,낮음
2026-09-05,울릉도(115),X,25.8,24.4,22.7,20.8,76.5,X, ,X,낮음
2026-09-05,수원(119),X,27.7,28.7,24.1,19.8,54.3,X, ,X,낮음
2026-09-05,영월(121),X,28.2,29,20.6,14.5,73.8,X, ,X,낮음
2026-09-05,충주(127),X,27.6,28.8,21.9,14.8,65,X, ,X,낮음
2026-09-05,서산(129),X,27.7,28.7,23.5,18.4,57.6,X, ,X,낮음
2026-09-05,울진(130),X,27.9,26.8,23.9,21.8,72.4,X, ,X,낮음
2026-09-05,청주(131),X,28,29.5,24.3,18.7,53.6,X, ,X,낮음
2026-09-05,대전(133),X,28.7,29.1,23.8,18.6,59.3,X, ,X,낮음
2026-09-05,추풍령(135),X,26.6,26.2,21.3,17.2,69,X, ,X,낮음
2026-09-05,안동(136),X,27.1,28.4,23,16.2,61.6,X, ,X,낮음
2026-09-05,상주(137),X,28.4,28.6,22.4,16.2,70,X, ,X,낮음
2026-09-05,포항(138),X,26.8,26.1,25.1,24.2,64.9,X, ,X,낮음
2026-09-05,군산(140),X,29.1,28.8,24.7,20.5,63.1,X, ,X,낮음
2026-09-05,대구(143),X,27.3,27.6,24,20.8,61.1,X, ,X,낮음
2026-09-05,전주(146),X,29.3,30.5,24.9,19.6,56.8,X, ,X,낮음
2026-09-05,울산(152),X,27.1,26.5,23.9,22.5,65.4,X, ,X,낮음
2026-09-05,창원(155),X,28.9,29.3,25.2,21.4,61.3,X, ,X,낮음
2026-09-05,광주(156),X,30.5,30.9,24.9,19.8,64.1,X, ,X,낮음
2026-09-05,부산(159),X,29.4,29.6,25.9,23.3,59.4,X, ,X,낮음
2026-09-05,통영(162),X,29.2,29.7,25.4,22.6,58.6,X, ,X,낮음
2026-09-05,목포(165),X,30,29.7,25.7,21.2,60.8,X, ,X,낮음
2026-09-05,여수(168),X,28.5,28.9,25.3,22.8,59.1,X, ,X,낮음
2026-09-05,흑산도(169),X,29.1,28.7,25.9,22.9,65.1,X, ,X,낮음
2026-09-05,완도(170),X,30.5,30.7,26.4,22.8,61.3,X, ,X,낮음
2026-09-05,고창(172),X,30,30.3,24.2,17.6,68,X, ,X,낮음
2026-09-05,제주(184),X,29,28.7,26,24.4,63.8,X, ,X,낮음
2026-09-05,진주(192),X,28.1,28.1,22.9,18,66,X, ,X,낮음
2026-09-05,양평(202),X,27.6,29,22.7,16.6,63.5,X, ,X,낮음
2026-09-05,이천(203),X,29,29.5,22,15.5,70.6,X, ,X,낮음
2026-09-05,인제(211),X,24.8,25.1,20,14.7,75.5,X, ,X,낮음
2026-09-05,홍천(212),X,26.7,28.2,21.1,15.7,68.4,X, ,X,낮음
2026-09-05,태백(216),X,22.9,22.2,18.1,16.1,80,X, ,X,낮음
2026-09-05,정선군(217),X,25.7,26.2,21,17.7,67.8,X, ,X,낮음
2026-09-05,제천(221),X,26,26.5,20.1,13.2,73.8,X, ,X,낮음
2026-09-05,보은(226),X,26.9,26.9,21.1,14.8,70.3,X, ,X,낮음
2026-09-05,천안(232),X,27.6,28.3,22.9,17.4,62.8,X, ,X,낮음
2026-09-05,보령(235),X,29.6,30.4,24.9,20.6,55.3,X, ,X,낮음
2026-09-05,부여(236),X,28.6,29.2,23.9,18.8,61,X, ,X,낮음
2026-09-05,금산(238),X,28.2,28.5,22.8,17.2,67.1,X, ,X,낮음
2026-09-05,세종(239),X,28.5,28.9,23,17.1,63,X, ,X,낮음
2026-09-05,부안(243),X,29.8,30.7,24.6,18.6,61.4,X, ,X,낮음
2026-09-05,임실(244),X,27.9,28.8,22.4,15.7,68.4,X, ,X,낮음
2026-09-05,정읍(245),X,30,31,24.6,18.4,61,X, ,X,낮음
2026-09-05,남원(247),X,28.9,29.1,24.5,21.2,64,X, ,X,낮음
2026-09-05,장수(248),X,27,26.9,20.3,14.2,76.6,X, ,X,낮음
2026-09-05,영광군(252),X,29.7,30.5,24.2,17.7,66,X, ,X,낮음
2026-09-05,김해시(253),X,30.2,30,25.7,22.2,62.3,X, ,X,낮음
2026-09-05,순창군(254),X,28.8,30,24.9,19,56.9,X, ,X,낮음
2026-09-05,양산시(257),X,29.8,29.8,25.9,22.7,62.5,X, ,X,낮음
2026-09-05,강진군(259),X,30.5,30.9,25.8,20.8,60.6,X, ,X,낮음
2026-09-05,장흥(260),X,29.8,30,25.3,21.2,62.4,X, ,X,낮음
2026-09-05,해남(261),X,31.3,31.1,25.7,21.2,67,X, ,X,낮음
2026-09-05,고흥(262),X,30.2,30.9,25.8,22.2,58.8,X, ,X,낮음
2026-09-05,의령군(263),X,28.4,27.4,23,19.4,71,X, ,X,낮음
2026-09-05,함양군(264),X,28.8,28.7,22.3,16.9,78.9,X, ,X,낮음
2026-09-05,진도군ASOS(268),X,29.8,30.4,25.8,20,58.5,X, ,X,낮음
2026-09-05,봉화(271),X,25.3,25.8,20.9,15.9,64.4,X, ,X,낮음
2026-09-05,영주(272),X,26.7,27.4,20.2,13.9,72.6,X, ,X,낮음
2026-09-05,문경(273),X,27.4,28,21.2,14.8,74,X, ,X,낮음
2026-09-05,청송군(276),X,26.3,26.1,21.6,18.5,78.3,X, ,X,낮음
2026-09-05,영덕(277),X,26.9,26.2,22.7,19.9,75.3,X, ,X,낮음
2026-09-05,의성(278),X,27.7,28,22.7,17.3,70.3,X, ,X,낮음
2026-09-05,구미(279),X,28.7,29.4,22.9,18.6,68,X, ,X,낮음
2026-09-05,영천(281),X,27.1,27,23.3,19.4,65.9,X, ,X,낮음
2026-09-05,경주시(283),X,27.6,26.9,23.2,20.1,74.3,X, ,X,낮음
2026-09-05,거창(284),X,28.3,27.5,21.2,16.6,80,X, ,X,낮음
2026-09-05,합천(285),X,28.6,28.4,22.9,18.6,73.9,X, ,X,낮음
2026-09-05,밀양(288),X,29,29.2,25.4,21.8,61.5,X, ,X,낮음
2026-09-05,산청(289),X,28.6,28,22.3,17.7,75.4,X, ,X,낮음
2026-09-05,거제(294),X,28.8,28.7,25.3,22.8,59.9,X, ,X,낮음
2026-09-05,남해(295),X,29.1,29.1,24.6,21.4,66.4,X, ,X,낮음
2026-09-05,부천(433),X,28.8,30.5,24.8,19.6,51,X, ,X,낮음
2026-09-05,안양(434),X,,29.4,24.3,21,,X, ,X,낮음
2026-09-05,광명(437),X,28.4,30.3,25.4,21.9,48,X, ,X,낮음
2026-09-05,군포(438),X,27.6,29.1,24.4,20.6,50,X, ,X,낮음
2026-09-05,김포(441),X,29.1,30,24,17.5,61,X, ,X,낮음
2026-09-05,하남(444),X,28.6,29.1,24.2,18.6,59,X, ,X,낮음
2026-09-05,의왕(445),X,29.1,29.4,22.8,17.1,67,X, ,X,낮음
2026-09-05,포천(504),X,28.9,30.3,22.1,14.6,67,X, ,X,낮음
2026-09-05,가평조종(505),X,27.6,27.9,21.7,14.6,69,X, ,X,낮음
2026-09-05,안성(516),X,29.2,30.3,24.2,18.1,59,X, ,X,낮음
2026-09-05,간성(517),X,26.5,25.6,21.3,17.1,81,X, ,X,낮음
2026-09-05,평창(526),X,25.4,26.2,19.5,13.1,74,X, ,X,낮음
2026-09-05,의정부(532),X,28.3,29.4,22.7,16.3,63,X, ,X,낮음
2026-09-05,횡성(536),X,26.8,28.4,21.3,14.8,67,X, ,X,낮음
2026-09-05,고양(540),X,28.8,29.7,22.9,16.7,61,X, ,X,낮음
2026-09-05,남양주(541),X,28.7,30.2,23.3,16.7,61,X, ,X,낮음
2026-09-05,안산(545),X,29.3,30.3,22.8,15.4,66,X, ,X,낮음
2026-09-05,경기광주(546),X,27.2,28.2,21.8,15.9,65,X, ,X,낮음
2026-09-05,여주(548),X,28.8,29.7,22.4,16.1,66,X, ,X,낮음
2026-09-05,용인(549),X,28.3,29.7,23.4,17.1,59,X, ,X,낮음
2026-09-05,오산(550),X,28,29.2,23.5,16.7,58,X, ,X,낮음
2026-09-05,평택(551),X,29.6,29.6,24.4,18,63,X, ,X,낮음
2026-09-05,화천(555),X,27.3,27.8,20.7,14.8,77,X, ,X,낮음
2026-09-05,양구(556),X,26.3,26.6,19.6,13.9,76,X, ,X,낮음
2026-09-05,시흥(565),X,28.2,28.9,23.1,17,60,X, ,X,낮음
2026-09-05,구리(569),X,28.6,29.2,23,16.9,59,X, ,X,낮음
2026-09-05,화성(571),X,29.1,30,24.3,19.7,54,X, ,X,낮음
2026-09-05,성남(572),X,28.1,28.8,22.9,17.7,66,X, ,X,낮음
2026-09-05,과천(590),X,28.8,29.7,22.4,15.9,67,X, ,X,낮음
2026-09-05,양주(598),X,29.3,30.8,22.1,14.8,68,X, ,X,낮음
2026-09-05,단양(601),X,26.6,27.7,19.9,14,74,X, ,X,낮음
2026-09-05,진천(602),X,28.3,28.8,21.8,14.7,71,X, ,X,낮음
2026-09-05,괴산(603),X,27.9,29,20.9,13.6,72,X, ,X,낮음
2026-09-05,옥천(604),X,28.3,28.6,22.6,17.9,66,X, ,X,낮음
2026-09-05,홍북(608),X,,,,,,X, ,X,낮음
2026-09-05,공주(612),X,28.1,28.8,22.7,16.8,67,X, ,X,낮음
2026-09-05,서천(614),X,28.4,28.6,23.6,19,64,X, ,X,낮음
2026-09-05,논산(615),X,28.8,28.7,24,20.1,63,X, ,X,낮음
2026-09-05,당진(616),X,28.5,29.3,23.9,17.6,59,X, ,X,낮음
2026-09-05,청양(618),X,28.4,28.9,21.9,15.4,70,X, ,X,낮음
2026-09-05,음성(619),X,27.9,28.2,21.4,15,71,X, ,X,낮음
2026-09-05,증평(623),X,27.8,29.1,22.6,15.9,62,X, ,X,낮음
2026-09-05,태안(627),X,28.1,28.6,24.1,19.5,60,X, ,X,낮음
2026-09-05,예산(628),X,28,28.6,23.1,18.1,63,X, ,X,낮음
2026-09-05,아산(634),X,28.8,30.4,24.6,19.5,53,X, ,X,낮음
2026-09-05,계룡(636),X,27.7,27.8,22.6,17.8,66,X, ,X,낮음
2026-09-05,연천청산(652),X,28.4,29.8,21.5,14.5,68,X, ,X,낮음
2026-09-05,양양(670),X,26.5,25.3,21.6,17.9,80,X, ,X,낮음
2026-09-05,무안(699),X,30.3,30.7,25.5,19.2,59,X, ,X,낮음
2026-09-05,무주(701),X,26.6,26.7,21.5,16.3,70,X, ,X,낮음
2026-09-05,익산(702),X,29.8,29.1,24.1,19.7,69,X, ,X,낮음
2026-09-05,진안(703),X,28.7,28.6,22,16.9,74,X, ,X,낮음
2026-09-05,담양(706),X,29.8,30.6,24.4,16.7,66,X, ,X,낮음
2026-09-05,구례(709),X,29.7,29.8,22.5,16.2,71,X, ,X,낮음
2026-09-05,나주(710),X,30.1,30.6,23.9,17.5,70,X, ,X,낮음
2026-09-05,순천시(712),X,29.2,28.8,24.8,21.4,68,X, ,X,낮음
2026-09-05,광양읍(713),X,31.2,31.8,26.1,22.7,59,X, ,X,낮음
2026-09-05,장성(730),X,30.1,31.3,24.8,17.2,62,X, ,X,낮음
2026-09-05,영암(731),X,31.3,31.7,24.5,17.2,,X, ,X,낮음
2026-09-05,보성(732),X,28.2,29,23.4,17.7,62,X, ,X,낮음
2026-09-05,완주(734),X,29,29.2,24.1,18.9,62,X, ,X,낮음
2026-09-05,김제(737),X,30,29.4,24,18.7,71,X, ,X,낮음
2026-09-05,화순(741),X,30.2,30.4,23.7,16.5,65,X, ,X,낮음
2026-09-05,함평(754),X,30.7,30.9,24.7,19.7,66,X, ,X,낮음
2026-09-05,곡성(768),X,30.1,30.7,22.8,15.7,74,X, ,X,낮음
2026-09-05,압해도(789),X,30.2,30.5,25.3,19.6,61,X, ,X,낮음
2026-09-05,영양(801),X,26.5,26,20.6,16.2,82,X, ,X,낮음
2026-09-05,성주(810),X,28.2,27.8,22.2,17.9,76,X, ,X,낮음
2026-09-05,고령(812),X,28.7,27.7,23,18.4,76,X, ,X,낮음
2026-09-05,청도(813),X,27.5,26.8,22.4,17.8,77,X, ,X,낮음
2026-09-05,예천(815),X,28.5,29.4,22.5,16,66,X, ,X,낮음
2026-09-05,김천(822),X,28.3,28.8,21.5,15.7,71,X, ,X,낮음
2026-09-05,군위(823),X,28.1,27.9,22.1,17.5,78,X, ,X,낮음
2026-09-05,군위(823),X,28.1,27.9,22.1,17.5,78,X, ,X,낮음
2026-09-05,군위(823),X,28.1,27.9,22.1,17.5,78,X, ,X,낮음
2026-09-05,군위(823),X,28.1,27.9,22.1,17.5,78,X, ,X,낮음
2026-09-05,군위(823),X,28.1,27.9,22.1,17.5,78,X, ,X,낮음
2026-09-05,군위(823),X,28.1,27.9,22.1,17.5,78,X, ,X,낮음
2026-09-05,군위(823),X,28.1,27.9,22.1,17.5,78,X, ,X,낮음
2026-09-05,군위(823),X,28.1,27.9,22.1,17.5,78,X, ,X,낮음
2026-09-05,군위(823),X,28.1,27.9,22.1,17.5,78,X, ,X,낮음
2026-09-05,군위(823),X,28.1,27.9,22.1,17.5,78,X, ,X,낮음
2026-09-05,군위(823),X,28.1,27.9,22.1,17.5,78,X, ,X,낮음
2026-09-05,군위(823),X,28.1,27.9,22.1,17.5,78,X, ,X,낮음
2026-09-05,군위(823),X,28.1,27.9,22.1,17.5,78,X, ,X,낮음
2026-09-05,군위(823),X,28.1,27.9,22.1,17.5,78,X, ,X,낮음
2026-09-05,군위(823),X,28.1,27.9,22.1,17.5,78,X, ,X,낮음
2026-09-05,군위(823),X,28.1,27.9,22.1,17.5,78,X, ,X,낮음
2026-09-05,군위(823),X,28.1,27.9,22.1,17.5,78,X, ,X,낮음
2026-09-05,군위(823),X,28.1,27.9,22.1,17.5,78,X, ,X,낮음
2026-09-05,군위(823),X,28.1,27.9,22.1,17.5,78,X, ,X,낮음
2026-09-05,군위(823),X,28.1,27.9,22.1,17.5,78,X, ,X,낮음
2026-09-05,군위(823),X,28.1,27.9,22.1,17.5,78,X, ,X,낮음
2026-09-05,군위(823),X,28.1,27.9,22.1,17.5,78,X, ,X,낮음
2026-09-05,군위(823),X,28.1,27.9,22.1,17.5,78,X, ,X,낮음
2026-09-05,군위(823),X,28.1,27.9,22.1,17.5,78,X, ,X,낮음
2026-09-05,군위(823),X,28.1,27.9,22.1,17.5,78,X, ,X,낮음
2026-09-05,군위(823),X,28.1,27.9,22.1,17.5,78,X, ,X,낮음
2026-09-05,군위(823),X,28.1,27.9,22.1,17.5,78,X, ,X,낮음
2026-09-05,군위(823),X,28.1,27.9,22.1,17.5,78,X, ,X,낮음
2026-09-05,군위(823),X,28.1,27.9,22.1,17.5,78,X, ,X,낮음
2026-09-05,군위(823),X,28.1,27.9,22.1,17.5,78,X, ,X,낮음
2026-09-05,군위(823),X,28.1,27.9,22.1,17.5,78,X, ,X,낮음
2026-09-05,군위(823),X,28.1,27.9,22.1,17.5,78,X, ,X,낮음
2026-09-05,칠곡(825),X,28.5,28.8,22.8,18.8,76,X, ,X,낮음
2026-09-05,경산(827),X,27.5,27.5,23.4,20.4,68,X, ,X,낮음
2026-09-05,삼척(876),X,28.1,27.8,22.8,18.8,74,X, ,X,낮음
2026-09-05,속초(90),X,27.6,26.9,22.8,19,72.1,X, ,X,낮음
2026-09-05,삼천포(907),X,29.3,29.5,24.9,21,58,X, ,X,낮음
2026-09-05,고성(918),X,29.5,29.6,23.9,18.5,69,X, ,X,낮음
2026-09-05,창녕(919),X,29.1,28.9,23.6,18.5,68,X, ,X,낮음
2026-09-05,함안(920),X,29.3,29.1,22.3,16.2,78,X, ,X,낮음
2026-09-05,북춘천(93),X,27,27.9,20.7,14.3,75,X, ,X,낮음
2026-09-05,하동(932),X,29.6,30.2,25.7,22.5,57,X, ,X,낮음
2026-09-05,철원(95),X,27.2,27.8,20.6,14.3,73.5,X, ,X,낮음
2026-09-05,동두천(98),X,27,28.2,22.2,15.8,61.4,X, ,X,낮음
2026-09-05,파주(99),X,27.8,28,21.5,15.9,71.5,X, ,X,낮음
2026-09-06,북강릉(104),X,27.6,26.1,22,18.1,86.9,X, ,X,낮음
2026-09-06,동해(106),X,27.6,26.3,23.3,20.7,72.5,X, ,X,낮음
2026-09-06,서울(108),X,28.5,29.5,23.9,19.7,56.3,X, ,X,낮음
2026-09-06,인천(112),X,28.6,29.5,24.5,20.4,57.1,X, ,X,낮음
2026-09-06,원주(114),X,27.5,28.1,21.9,16.3,66.8,X, ,X,낮음
2026-09-06,울릉도(115),X,25.9,24.4,22.8,21.6,76.3,X, ,X,낮음
2026-09-06,수원(119),X,27.7,28.5,24,19.6,56.6,X, ,X,낮음
2026-09-06,영월(121),X,27.7,27.8,20.8,15.5,75.1,X, ,X,낮음
2026-09-06,충주(127),X,27.6,28.1,22.2,16.4,66.9,X, ,X,낮음
2026-09-06,서산(129),X,28.1,29.2,23.4,18.6,60.8,X, ,X,낮음
2026-09-06,울진(130),X,27.5,26.6,23.7,19.8,72,X, ,X,낮음
2026-09-06,청주(131),X,28.1,29.6,24.3,19.7,56.4,X, ,X,낮음
2026-09-06,대전(133),X,28.6,29,23.4,18.1,62,X, ,X,낮음
2026-09-06,추풍령(135),X,26.7,26.7,20.8,16.5,70.9,X, ,X,낮음
2026-09-06,안동(136),X,27.5,28.5,22.3,17.5,65.6,X, ,X,낮음
2026-09-06,상주(137),X,28.6,29.1,22.3,17.3,69.4,X, ,X,낮음
2026-09-06,포항(138),X,27.6,26.8,25.3,24.4,64.3,X, ,X,낮음
2026-09-06,군산(140),X,28.9,28.8,24.1,19.2,64.5,X, ,X,낮음
2026-09-06,대구(143),X,27.3,28.2,24.5,20.9,56.4,X, ,X,낮음
2026-09-06,전주(146),X,28.5,29.9,24.2,19.1,57,X, ,X,낮음
2026-09-06,울산(152),X,26.9,26.8,24.3,22.6,63,X, ,X,낮음
2026-09-06,창원(155),X,28.7,29.5,25,21.5,61.5,X, ,X,낮음
2026-09-06,광주(156),X,29.6,30.3,24.8,19.5,62,X, ,X,낮음
2026-09-06,부산(159),X,29.2,29.5,25.8,23.9,60.4,X, ,X,낮음
2026-09-06,통영(162),X,28.9,29.4,25.2,22.6,59.4,X, ,X,낮음
2026-09-06,목포(165),X,28.9,29,25.2,20.7,59.9,X, ,X,낮음
2026-09-06,여수(168),X,28.2,28.8,25.2,22.9,55.9,X, ,X,낮음
2026-09-06,흑산도(169),X,29.2,28.5,25.6,22.4,65.9,X, ,X,낮음
2026-09-06,완도(170),X,30.3,31,25.9,20.3,60.8,X, ,X,낮음
2026-09-06,고창(172),X,29.6,29.8,23.1,18.2,74.6,X, ,X,낮음
2026-09-06,제주(184),X,29.1,29,26.1,24.9,65.9,X, ,X,낮음
2026-09-06,진주(192),X,28,28.7,23.8,19.3,58.8,X, ,X,낮음
2026-09-06,양평(202),X,27.3,27.8,22.8,16.9,64.6,X, ,X,낮음
2026-09-06,이천(203),X,28.9,28.8,22.3,16.4,72.3,X, ,X,낮음
2026-09-06,인제(211),X,24.7,24.3,21.2,16.9,71.8,X, ,X,낮음
2026-09-06,홍천(212),X,26.7,27,20.6,15.4,72,X, ,X,낮음
2026-09-06,태백(216),X,22.6,21.6,17.6,16.4,85.9,X, ,X,낮음
2026-09-06,정선군(217),X,25.1,24.7,20.4,17.8,74.4,X, ,X,낮음
2026-09-06,제천(221),X,25.9,25.8,20,14.9,79,X, ,X,낮음
2026-09-06,보은(226),X,26.8,27.1,21.1,15.1,73.4,X, ,X,낮음
2026-09-06,천안(232),X,27.7,28.2,22.9,17.5,65.9,X, ,X,낮음
2026-09-06,보령(235),X,29,29.8,24.3,19.5,61.1,X, ,X,낮음
2026-09-06,부여(236),X,28.7,29.1,23.5,18.7,65.4,X, ,X,낮음
2026-09-06,금산(238),X,27.8,28.6,22.4,16.9,67.8,X, ,X,낮음
2026-09-06,세종(239),X,28.5,28.7,22.9,17.9,67.4,X, ,X,낮음
2026-09-06,부안(243),X,29.3,30.6,24.2,18.6,59.9,X, ,X,낮음
2026-09-06,임실(244),X,27.3,28.2,21.3,15.2,72.3,X, ,X,낮음
2026-09-06,정읍(245),X,28.7,29.6,23.8,17.2,62.8,X, ,X,낮음
2026-09-06,남원(247),X,28.3,28.7,24.3,20.8,62.1,X, ,X,낮음
2026-09-06,장수(248),X,26.2,26.2,19.3,13.9,77.1,X, ,X,낮음
2026-09-06,영광군(252),X,29.1,30.1,23.1,17.5,69.8,X, ,X,낮음
2026-09-06,김해시(253),X,29.9,29.7,25.2,22.7,65.1,X, ,X,낮음
2026-09-06,순창군(254),X,28.6,29.9,23.7,18.3,60.4,X, ,X,낮음
2026-09-06,양산시(257),X,29.4,29.4,25.6,23.4,64.8,X, ,X,낮음
2026-09-06,강진군(259),X,30.4,31.1,25.5,18.9,63.5,X, ,X,낮음
2026-09-06,장흥(260),X,29.8,30,24.1,18.8,70.5,X, ,X,낮음
2026-09-06,해남(261),X,30.5,30.6,24.7,18.1,71.8,X, ,X,낮음
2026-09-06,고흥(262),X,30,30.7,25.7,20.9,58.1,X, ,X,낮음
2026-09-06,의령군(263),X,28.5,28.2,23.4,20.1,67.1,X, ,X,낮음
2026-09-06,함양군(264),X,28.2,28.2,22.2,17.1,74.6,X, ,X,낮음
2026-09-06,진도군ASOS(268),X,28.8,28.8,24.9,19.3,65.6,X, ,X,낮음
2026-09-06,봉화(271),X,25.2,25.4,20.9,17.3,66.9,X, ,X,낮음
2026-09-06,영주(272),X,26.6,27.1,20.9,15.2,76.5,X, ,X,낮음
2026-09-06,문경(273),X,27.7,27.9,21.6,15.5,73.1,X, ,X,낮음
2026-09-06,청송군(276),X,26.9,26.9,22.6,18,72,X, ,X,낮음
2026-09-06,영덕(277),X,26.9,26.1,23.2,19.8,73.1,X, ,X,낮음
2026-09-06,의성(278),X,27.7,28.7,22.7,17.2,69.8,X, ,X,낮음
2026-09-06,구미(279),X,28.3,30,23.7,18.1,62.5,X, ,X,낮음
2026-09-06,영천(281),X,27.4,27.3,23.8,20.9,64.4,X, ,X,낮음
2026-09-06,경주시(283),X,28.1,27.6,24.1,20.6,67.4,X, ,X,낮음
2026-09-06,거창(284),X,28.2,27.9,21.9,16.5,73.5,X, ,X,낮음
2026-09-06,합천(285),X,28.6,29.1,23.7,18.8,68.1,X, ,X,낮음
2026-09-06,밀양(288),X,28.3,29.3,25.5,23,59.5,X, ,X,낮음
2026-09-06,산청(289),X,28.1,28.4,22.5,17.8,73.1,X, ,X,낮음
2026-09-06,거제(294),X,28.3,28.6,25.1,22.8,62.5,X, ,X,낮음
2026-09-06,남해(295),X,28.9,29.2,24.8,21.9,62.3,X, ,X,낮음
2026-09-06,부천(433),X,29,30.6,24.9,20.5,53,X, ,X,낮음
2026-09-06,안양(434),X,,28.5,24.1,21.1,,X, ,X,낮음
2026-09-06,광명(437),X,28.5,30.1,25.4,22.2,50,X, ,X,낮음
2026-09-06,군포(438),X,27.9,29.2,24.2,20.8,52,X, ,X,낮음
2026-09-06,김포(441),X,29.2,29.8,23.3,18.7,67,X, ,X,낮음
2026-09-06,하남(444),X,28.1,28.5,23.2,17.5,66,X, ,X,낮음
2026-09-06,의왕(445),X,29.5,29.6,22.7,18.1,70,X, ,X,낮음
2026-09-06,포천(504),X,28.8,29.7,21.7,15.2,71,X, ,X,낮음
2026-09-06,가평조종(505),X,27.2,27.4,20.2,14.5,79,X, ,X,낮음
2026-09-06,안성(516),X,29.3,29.4,23.5,18.5,66,X, ,X,낮음
2026-09-06,간성(517),X,26.4,25,21,18.5,83,X, ,X,낮음
2026-09-06,평창(526),X,26,25.6,19.2,14,78,X, ,X,낮음
2026-09-06,의정부(532),X,29.2,29.6,22.5,16.9,66,X, ,X,낮음
2026-09-06,횡성(536),X,26.9,27.3,21.3,15.4,70,X, ,X,낮음
2026-09-06,고양(540),X,29,29.8,22.7,17,65,X, ,X,낮음
2026-09-06,남양주(541),X,28.6,29.6,22.8,16.9,67,X, ,X,낮음
2026-09-06,안산(545),X,29.7,30.6,22.6,15.6,69,X, ,X,낮음
2026-09-06,경기광주(546),X,27,27,21.8,16.7,69,X, ,X,낮음
2026-09-06,여주(548),X,28.4,29,22.6,16.9,66,X, ,X,낮음
2026-09-06,용인(549),X,28.5,29.4,23.6,18.6,59,X, ,X,낮음
2026-09-06,오산(550),X,27.8,28.6,24,18.3,59,X, ,X,낮음
2026-09-06,평택(551),X,30.1,29.8,24,19.4,66,X, ,X,낮음
2026-09-06,화천(555),X,27.2,27.5,21,15.8,75,X, ,X,낮음
2026-09-06,양구(556),X,25.5,25.4,20.4,15.2,75,X, ,X,낮음
2026-09-06,시흥(565),X,28.1,28.8,23.2,17.5,61,X, ,X,낮음
2026-09-06,구리(569),X,28.4,29,22.5,17.2,64,X, ,X,낮음
2026-09-06,화성(571),X,28.9,29.8,24.5,19.8,56,X, ,X,낮음
2026-09-06,성남(572),X,28.3,28.4,22.8,16.7,67,X, ,X,낮음
2026-09-06,과천(590),X,28.5,29,22,16,71,X, ,X,낮음
2026-09-06,양주(598),X,28.7,29.3,21.4,15.2,74,X, ,X,낮음
2026-09-06,단양(601),X,26.8,27.2,20.5,14.6,76,X, ,X,낮음
2026-09-06,진천(602),X,28.4,28.4,21.3,15.6,76,X, ,X,낮음
2026-09-06,괴산(603),X,27.6,28.3,21.1,14.8,75,X, ,X,낮음
2026-09-06,옥천(604),X,28.1,28.3,22.3,16,68,X, ,X,낮음
2026-09-06,홍북(608),X,,,,,,X, ,X,낮음
2026-09-06,공주(612),X,28.7,29.4,22.3,16.4,72,X, ,X,낮음
2026-09-06,서천(614),X,28.9,29.5,22.9,18.5,67,X, ,X,낮음
2026-09-06,논산(615),X,28.9,28.9,23.6,17.2,63,X, ,X,낮음
2026-09-06,당진(616),X,28.8,29.5,23.3,17.4,65,X, ,X,낮음
2026-09-06,청양(618),X,28.6,29.4,21.5,14.5,75,X, ,X,낮음
2026-09-06,음성(619),X,27.5,27.5,21.5,14.9,73,X, ,X,낮음
2026-09-06,증평(623),X,27.8,28.5,22.7,17.4,65,X, ,X,낮음
2026-09-06,태안(627),X,28.3,28.9,24,19.6,64,X, ,X,낮음
2026-09-06,예산(628),X,28.1,28.7,22.9,17.8,67,X, ,X,낮음
2026-09-06,아산(634),X,29.2,30.1,24.4,20,56,X, ,X,낮음
2026-09-06,계룡(636),X,27.6,27.8,22.3,18.1,67,X, ,X,낮음
2026-09-06,연천청산(652),X,28.5,29.5,21.2,15,72,X, ,X,낮음
2026-09-06,양양(670),X,26.2,24.6,22.2,18.5,79,X, ,X,낮음
2026-09-06,무안(699),X,29.5,30.2,24.5,18.9,62,X, ,X,낮음
2026-09-06,무주(701),X,26.8,27.5,20.7,15.6,71,X, ,X,낮음
2026-09-06,익산(702),X,29.6,29.1,23.8,19.4,67,X, ,X,낮음
2026-09-06,진안(703),X,27.1,26.6,20.5,15.6,75,X, ,X,낮음
2026-09-06,담양(706),X,29.7,30.5,24,17.1,67,X, ,X,낮음
2026-09-06,구례(709),X,29.7,29.8,22.1,16.3,74,X, ,X,낮음
2026-09-06,나주(710),X,29,29.5,23.9,18.3,65,X, ,X,낮음
2026-09-06,순천시(712),X,29.3,29,24.2,19.3,71,X, ,X,낮음
2026-09-06,광양읍(713),X,31.7,32.6,26,22.2,59,X, ,X,낮음
2026-09-06,장성(730),X,29.6,30.8,23.6,17.2,68,X, ,X,낮음
2026-09-06,영암(731),X,30.4,30.8,23.7,16.7,76,X, ,X,낮음
2026-09-06,보성(732),X,28.4,29.5,21.9,15.3,70,X, ,X,낮음
2026-09-06,완주(734),X,28.9,29.2,22.9,16.3,66,X, ,X,낮음
2026-09-06,김제(737),X,29.2,29.1,23.6,18.1,70,X, ,X,낮음
2026-09-06,화순(741),X,30,30.5,23.1,16.3,68,X, ,X,낮음
2026-09-06,함평(754),X,29.8,30.3,24.4,18.5,66,X, ,X,낮음
2026-09-06,곡성(768),X,29.7,30.2,23,16,71,X, ,X,낮음
2026-09-06,압해도(789),X,30.1,30.3,25.1,20.4,61,X, ,X,낮음
2026-09-06,영양(801),X,26.8,26.3,21.6,17.1,79,X, ,X,낮음
2026-09-06,성주(810),X,28.2,28.5,23.4,18.8,68,X, ,X,낮음
2026-09-06,고령(812),X,29.4,29.2,23.6,18,71,X, ,X,낮음
2026-09-06,청도(813),X,27.6,27.5,23.3,19.2,70,X, ,X,낮음
2026-09-06,예천(815),X,28.3,28.7,22.4,17.5,70,X, ,X,낮음
2026-09-06,김천(822),X,28.3,29.5,22.6,16.5,65,X, ,X,낮음
2026-09-06,군위(823),X,28.1,28.6,22.6,16.9,72,X, ,X,낮음
2026-09-06,군위(823),X,28.1,28.6,22.6,16.9,72,X, ,X,낮음
2026-09-06,군위(823),X,28.1,28.6,22.6,16.9,72,X, ,X,낮음
2026-09-06,군위(823),X,28.1,28.6,22.6,16.9,72,X, ,X,낮음
2026-09-06,군위(823),X,28.1,28.6,22.6,16.9,72,X, ,X,낮음
2026-09-06,군위(823),X,28.1,28.6,22.6,16.9,72,X, ,X,낮음
2026-09-06,군위(823),X,28.1,28.6,22.6,16.9,72,X, ,X,낮음
2026-09-06,군위(823),X,28.1,28.6,22.6,16.9,72,X, ,X,낮음
2026-09-06,군위(823),X,28.1,28.6,22.6,16.9,72,X, ,X,낮음
2026-09-06,군위(823),X,28.1,28.6,22.6,16.9,72,X, ,X,낮음
2026-09-06,군위(823),X,28.1,28.6,22.6,16.9,72,X, ,X,낮음
2026-09-06,군위(823),X,28.1,28.6,22.6,16.9,72,X, ,X,낮음
2026-09-06,군위(823),X,28.1,28.6,22.6,16.9,72,X, ,X,낮음
2026-09-06,군위(823),X,28.1,28.6,22.6,16.9,72,X, ,X,낮음
2026-09-06,군위(823),X,28.1,28.6,22.6,16.9,72,X, ,X,낮음
2026-09-06,군위(823),X,28.1,28.6,22.6,16.9,72,X, ,X,낮음
2026-09-06,군위(823),X,28.1,28.6,22.6,16.9,72,X, ,X,낮음
2026-09-06,군위(823),X,28.1,28.6,22.6,16.9,72,X, ,X,낮음
2026-09-06,군위(823),X,28.1,28.6,22.6,16.9,72,X, ,X,낮음
2026-09-06,군위(823),X,28.1,28.6,22.6,16.9,72,X, ,X,낮음
2026-09-06,군위(823),X,28.1,28.6,22.6,16.9,72,X, ,X,낮음
2026-09-06,군위(823),X,28.1,28.6,22.6,16.9,72,X, ,X,낮음
2026-09-06,군위(823),X,28.1,28.6,22.6,16.9,72,X, ,X,낮음
2026-09-06,군위(823),X,28.1,28.6,22.6,16.9,72,X, ,X,낮음
2026-09-06,군위(823),X,28.1,28.6,22.6,16.9,72,X, ,X,낮음
2026-09-06,군위(823),X,28.1,28.6,22.6,16.9,72,X, ,X,낮음
2026-09-06,군위(823),X,28.1,28.6,22.6,16.9,72,X, ,X,낮음
2026-09-06,군위(823),X,28.1,28.6,22.6,16.9,72,X, ,X,낮음
2026-09-06,군위(823),X,28.1,28.6,22.6,16.9,72,X, ,X,낮음
2026-09-06,군위(823),X,28.1,28.6,22.6,16.9,72,X, ,X,낮음
2026-09-06,군위(823),X,28.1,28.6,22.6,16.9,72,X, ,X,낮음
2026-09-06,군위(823),X,28.1,28.6,22.6,16.9,72,X, ,X,낮음
2026-09-06,칠곡(825),X,28.8,29.6,24.1,19.8,67,X, ,X,낮음
2026-09-06,경산(827),X,28.3,28.6,24.4,19.7,63,X, ,X,낮음
2026-09-06,삼척(876),X,28.4,28.2,23.3,20.1,72,X, ,X,낮음
2026-09-06,속초(90),X,26.3,25.2,23.3,20.5,71.4,X, ,X,낮음
2026-09-06,삼천포(907),X,28.4,29,24.5,21.4,57,X, ,X,낮음
2026-09-06,고성(918),X,28.9,29,24.2,20.4,66,X, ,X,낮음
2026-09-06,창녕(919),X,29.2,29.5,24,19.5,64,X, ,X,낮음
2026-09-06,함안(920),X,29.4,29.4,23.1,17.8,74,X, ,X,낮음
2026-09-06,북춘천(93),X,26.7,27.2,21,15.3,74.8,X, ,X,낮음
2026-09-06,하동(932),X,28.8,30.1,25.5,22,55,X, ,X,낮음
2026-09-06,철원(95),X,27.5,28.2,20.9,14.9,74.8,X, ,X,낮음
2026-09-06,동두천(98),X,27.9,29.4,21.8,16.6,63.9,X, ,X,낮음
2026-09-06,파주(99),X,28.7,29.1,21.7,16.5,72.1,X, ,X,낮음
2026-09-07,북강릉(104),X,27.2,25.7,21.2,17.6,82.9,X, ,X,낮음
2026-09-07,동해(106),X,26.6,25.7,21.7,18.1,74.9,X, ,X,낮음
2026-09-07,서울(108),X,28.2,29.6,24,18.4,54.9,X, ,X,낮음
2026-09-07,인천(112),X,28.3,29,24.4,19.5,60.5,X, ,X,낮음
2026-09-07,원주(114),X,28.4,29.5,22.6,16.2,63.8,X, ,X,낮음
2026-09-07,울릉도(115),X,26.1,24.5,22.5,20.8,78.4,X, ,X,낮음
2026-09-07,수원(119),X,27.5,28.5,23.4,18.1,59.9,X, ,X,낮음
2026-09-07,영월(121),X,28.1,29,20.8,13.9,69.4,X, ,X,낮음
2026-09-07,충주(127),X,28.3,29,22.1,14.3,65.9,X, ,X,낮음
2026-09-07,서산(129),X,27.6,28.7,22.7,17.5,67.1,X, ,X,낮음
2026-09-07,울진(130),X,26.9,26,22.5,19.2,74.1,X, ,X,낮음
2026-09-07,청주(131),X,28.2,29.5,24.3,18.8,58.3,X, ,X,낮음
2026-09-07,대전(133),X,28.8,29.4,23.2,17.3,67.1,X, ,X,낮음
2026-09-07,추풍령(135),X,26.8,27,20.4,14.2,71.6,X, ,X,낮음
2026-09-07,안동(136),X,27.9,29.4,22.4,14.8,64.1,X, ,X,낮음
2026-09-07,상주(137),X,28.4,28.7,21.9,15.1,72.4,X, ,X,낮음
2026-09-07,포항(138),X,26.2,26,23.6,21.6,63,X, ,X,낮음
2026-09-07,군산(140),X,29,29,23.7,19,68.5,X, ,X,낮음
2026-09-07,대구(143),X,27.9,29.1,23.6,19.6,60,X, ,X,낮음
2026-09-07,전주(146),X,29.4,30.6,24.3,18.4,59,X, ,X,낮음
2026-09-07,울산(152),X,26.3,26.4,23,19.8,64.4,X, ,X,낮음
2026-09-07,창원(155),X,28.5,29,25,21.2,58,X, ,X,낮음
2026-09-07,광주(156),X,30.3,31.1,25.1,19.1,63.8,X, ,X,낮음
2026-09-07,부산(159),X,29.3,29.8,25.4,22.2,57.9,X, ,X,낮음
2026-09-07,통영(162),X,29.4,29.8,24.8,21.8,58.5,X, ,X,낮음
2026-09-07,목포(165),X,28.4,28.7,24.6,20.4,64.3,X, ,X,낮음
2026-09-07,여수(168),X,28.4,28.5,25.4,23,58.9,X, ,X,낮음
2026-09-07,흑산도(169),X,28.9,28.2,24.8,22.3,68.6,X, ,X,낮음
2026-09-07,완도(170),X,31.2,31.4,25.5,21.7,65.4,X, ,X,낮음
2026-09-07,고창(172),X,29.5,29.8,22.9,17,78.6,X, ,X,낮음
2026-09-07,제주(184),X,29.2,29.1,25.4,23.1,66.3,X, ,X,낮음
2026-09-07,진주(192),X,28.6,29.2,22.5,17.7,66.4,X, ,X,낮음
2026-09-07,양평(202),X,27.9,29,22.6,16.9,66.9,X, ,X,낮음
2026-09-07,이천(203),X,28.7,29,22.4,16.1,70.5,X, ,X,낮음
2026-09-07,인제(211),X,26,27,20.2,15.2,72.5,X, ,X,낮음
2026-09-07,홍천(212),X,27.3,28.9,21.3,15.3,68,X, ,X,낮음
2026-09-07,태백(216),X,23.1,22.5,17.3,13.3,78.9,X, ,X,낮음
2026-09-07,정선군(217),X,26.1,26.7,20,14.9,71.3,X, ,X,낮음
2026-09-07,제천(221),X,26.7,27.1,19.6,12,73.8,X, ,X,낮음
2026-09-07,보은(226),X,27.8,27.9,20.4,13.7,79.8,X, ,X,낮음
2026-09-07,천안(232),X,27.5,28,21.5,15.2,77.8,X, ,X,낮음
2026-09-07,보령(235),X,29.1,29.8,23.8,19.6,63.3,X, ,X,낮음
2026-09-07,부여(236),X,28.7,29.2,23,18,69.3,X, ,X,낮음
2026-09-07,금산(238),X,28.1,28.9,21.6,14.7,70.9,X, ,X,낮음
2026-09-07,세종(239),X,28.3,29.1,22.6,16.8,68.6,X, ,X,낮음
2026-09-07,부안(243),X,28.7,29.7,23.3,17.8,68.1,X, ,X,낮음
2026-09-07,임실(244),X,28.7,29.7,21.8,14.2,73,X, ,X,낮음
2026-09-07,정읍(245),X,29.5,30,23.3,16.7,70,X, ,X,낮음
2026-09-07,남원(247),X,30.4,30.6,24.6,18.5,63.8,X, ,X,낮음
2026-09-07,장수(248),X,27.6,27.8,19.4,12.1,80.5,X, ,X,낮음
2026-09-07,영광군(252),X,28.7,29.3,22.7,16.8,73.5,X, ,X,낮음
2026-09-07,김해시(253),X,30.3,30.6,24.6,21,64.3,X, ,X,낮음
2026-09-07,순창군(254),X,29.7,30.8,23.1,16.4,68,X, ,X,낮음
2026-09-07,양산시(257),X,29.1,29.4,25,21.4,63,X, ,X,낮음
2026-09-07,강진군(259),X,30.6,31.2,24.6,19,71.4,X,관심,X,낮음
2026-09-07,장흥(260),X,30.6,31.1,24.1,17.7,74.4,X, ,X,낮음
2026-09-07,해남(261),X,30.4,30.3,24.3,19.3,74.1,X, ,X,낮음
2026-09-07,고흥(262),X,31,31.6,25.4,20.5,65.3,X, ,X,낮음
2026-09-07,의령군(263),X,29.1,29,22.7,17.1,72.3,X, ,X,낮음
2026-09-07,함양군(264),X,30.5,31.2,22,14.6,77.1,X, ,X,낮음
2026-09-07,진도군ASOS(268),X,28.2,28.5,23.9,19.2,69.3,X, ,X,낮음
2026-09-07,봉화(271),X,25.5,26.5,18.9,11.9,72.6,X, ,X,낮음
2026-09-07,영주(272),X,27.5,28.1,20,13.4,74.1,X, ,X,낮음
2026-09-07,문경(273),X,28,28,21,14.5,78,X, ,X,낮음
2026-09-07,청송군(276),X,27.8,28.1,20.9,14.5,76.6,X, ,X,낮음
2026-09-07,영덕(277),X,26.1,25.6,21.6,17.4,73.6,X, ,X,낮음
2026-09-07,의성(278),X,28.3,29.4,22.2,15,71.6,X, ,X,낮음
2026-09-07,구미(279),X,28.8,30.2,23.5,17.5,64.1,X, ,X,낮음
2026-09-07,영천(281),X,27.2,28,22.3,17.3,67.1,X, ,X,낮음
2026-09-07,경주시(283),X,27.2,27,22.6,18.4,69.6,X, ,X,낮음
2026-09-07,거창(284),X,30.1,30,21.4,14.7,74.8,X, ,X,낮음
2026-09-07,합천(285),X,29,29.5,23,17.5,72.4,X, ,X,낮음
2026-09-07,밀양(288),X,28.6,29.9,24.8,19.4,60,X, ,X,낮음
2026-09-07,산청(289),X,29.3,29.6,22.2,15.8,74.9,X, ,X,낮음
2026-09-07,거제(294),X,28.3,28.4,24.4,21.7,60.4,X, ,X,낮음
2026-09-07,남해(295),X,29.1,29.4,24.3,20.3,64.8,X, ,X,낮음
2026-09-07,부천(433),X,28.7,30.3,24.5,19.5,55,X, ,X,낮음
2026-09-07,안양(434),X,,28.9,24.3,20.2,,X, ,X,낮음
2026-09-07,광명(437),X,28.8,30.7,25.8,20.9,49,X, ,X,낮음
2026-09-07,군포(438),X,27.7,29.8,24.5,20.3,52,X, ,X,낮음
2026-09-07,김포(441),X,29.1,29.6,23.3,17.3,69,X, ,X,낮음
2026-09-07,하남(444),X,28.4,28.9,22.5,16.8,69,X, ,X,낮음
2026-09-07,의왕(445),X,28.9,29.3,22.2,16.5,70,X, ,X,낮음
2026-09-07,포천(504),X,29.6,30.4,21.5,14.2,73,X, ,X,낮음
2026-09-07,가평조종(505),X,27.9,28.5,20.3,13.3,76,X, ,X,낮음
2026-09-07,안성(516),X,29.1,29.9,23,17.5,68,X, ,X,낮음
2026-09-07,간성(517),X,25.5,25.1,20.7,16.7,80,X, ,X,낮음
2026-09-07,평창(526),X,26.5,27.3,19.1,12.8,74,X, ,X,낮음
2026-09-07,의정부(532),X,29.3,30.2,22.1,15.8,68,X, ,X,낮음
2026-09-07,횡성(536),X,28.4,29.5,21.5,15,68,X, ,X,낮음
2026-09-07,고양(540),X,29.2,30.4,22.4,16.8,67,X, ,X,낮음
2026-09-07,남양주(541),X,28.7,29.9,22.8,16.5,66,X, ,X,낮음
2026-09-07,안산(545),X,29.2,30,21.4,15.2,76,X, ,X,낮음
2026-09-07,경기광주(546),X,27.7,28,21.6,16.5,69,X, ,X,낮음
2026-09-07,여주(548),X,29.5,30,23,16.8,65,X, ,X,낮음
2026-09-07,용인(549),X,28.4,29.4,23.1,17.3,65,X, ,X,낮음
2026-09-07,오산(550),X,28.4,29.3,22.8,17.2,64,X, ,X,낮음
2026-09-07,평택(551),X,30.4,30.4,23.7,18.7,71,X, ,X,낮음
2026-09-07,화천(555),X,27.9,29,20.3,14.3,76,X, ,X,낮음
2026-09-07,양구(556),X,26.9,27.8,19.8,13.8,75,X, ,X,낮음
2026-09-07,시흥(565),X,27.8,29.3,22,15.6,69,X, ,X,낮음
2026-09-07,구리(569),X,28.6,29.4,22.5,16.2,65,X, ,X,낮음
2026-09-07,화성(571),X,28.6,30,23.8,19.2,57,X, ,X,낮음
2026-09-07,성남(572),X,28.1,28.9,23,17.9,67,X, ,X,낮음
2026-09-07,과천(590),X,27.9,29.1,21.6,15.4,72,X, ,X,낮음
2026-09-07,양주(598),X,29.2,29.8,21.3,14.1,72,X, ,X,낮음
2026-09-07,단양(601),X,27.4,28.6,19.9,13.8,76,X, ,X,낮음
2026-09-07,진천(602),X,28.3,28,21,14.3,77,X, ,X,낮음
2026-09-07,괴산(603),X,27.9,28.8,20.8,14.2,75,X, ,X,낮음
2026-09-07,옥천(604),X,28.5,29.3,21.5,14.6,74,X, ,X,낮음
2026-09-07,홍북(608),X,,,,,,X, ,X,낮음
2026-09-07,공주(612),X,27.9,28.8,21.6,15.1,74,X, ,X,낮음
2026-09-07,서천(614),X,28.7,29,22.9,17.9,70,X, ,X,낮음
2026-09-07,논산(615),X,29.4,29.7,22.8,16.3,69,X, ,X,낮음
2026-09-07,당진(616),X,27.9,28.7,22.5,16.9,72,X, ,X,낮음
2026-09-07,청양(618),X,28.7,29.4,21.2,14.5,77,X, ,X,낮음
2026-09-07,음성(619),X,28.8,29.3,20.9,14.5,78,X, ,X,낮음
2026-09-07,증평(623),X,27.8,28.9,22.4,16.2,67,X, ,X,낮음
2026-09-07,태안(627),X,27.4,27.6,23.2,19.1,69,X, ,X,낮음
2026-09-07,예산(628),X,27.5,28.2,22.4,17.1,70,X, ,X,낮음
2026-09-07,아산(634),X,28.7,29.8,23.6,19,65,X, ,X,낮음
2026-09-07,계룡(636),X,28.3,28.2,20.8,14.5,76,X, ,X,낮음
2026-09-07,연천청산(652),X,28.7,29.7,21,14,72,X, ,X,낮음
2026-09-07,양양(670),X,26,24.5,21,17.5,81,X, ,X,낮음
2026-09-07,무안(699),X,28.9,29.6,23.6,18.7,69,X, ,X,낮음
2026-09-07,무주(701),X,27.4,28.1,20.7,13.5,71,X, ,X,낮음
2026-09-07,익산(702),X,30,29.8,24.1,19.1,67,X, ,X,낮음
2026-09-07,진안(703),X,28.8,28.2,20.6,15.1,77,X, ,X,낮음
2026-09-07,담양(706),X,30.8,30.5,23.9,16.8,73,X, ,X,낮음
2026-09-07,구례(709),X,30.8,30.7,22.5,15.7,77,X, ,X,낮음
2026-09-07,나주(710),X,29.5,30.2,23.2,16.6,71,X, ,X,낮음
2026-09-07,순천시(712),X,30.6,30.6,23.9,18.1,79,X, ,X,낮음
2026-09-07,광양읍(713),X,32.1,32,24.7,18.4,71,X, ,X,낮음
2026-09-07,장성(730),X,30.5,31.1,23.3,16.2,74,X, ,X,낮음
2026-09-07,영암(731),X,29.9,30,23,17.2,77,X, ,X,낮음
2026-09-07,보성(732),X,28.9,29.9,22.8,16,72,X, ,X,낮음
2026-09-07,완주(734),X,29.3,29.8,23.3,17,65,X, ,X,낮음
2026-09-07,김제(737),X,30,29.4,23.4,17.4,74,X, ,X,낮음
2026-09-07,화순(741),X,29.7,30.2,23.2,16.5,73,X, ,X,낮음
2026-09-07,함평(754),X,29,29.5,24,18.2,70,X, ,X,낮음
2026-09-07,곡성(768),X,30.8,31,22.6,15.6,80,X, ,X,낮음
2026-09-07,압해도(789),X,28.9,28.9,24,18.6,66,X, ,X,낮음
2026-09-07,영양(801),X,27.4,27,21,14.3,76,X, ,X,낮음
2026-09-07,성주(810),X,28.7,29.2,23.2,18.4,69,X, ,X,낮음
2026-09-07,고령(812),X,30.1,30,23,17.4,74,X, ,X,낮음
2026-09-07,청도(813),X,27.6,28.1,22.5,16.5,72,X, ,X,낮음
2026-09-07,예천(815),X,29.6,30.3,21.8,15,70,X, ,X,낮음
2026-09-07,김천(822),X,28.3,29.2,21.8,15.2,69,X, ,X,낮음
2026-09-07,군위(823),X,28.7,29.4,22.1,15.4,76,X, ,X,낮음
2026-09-07,군위(823),X,28.7,29.4,22.1,15.4,76,X, ,X,낮음
2026-09-07,군위(823),X,28.7,29.4,22.1,15.4,76,X, ,X,낮음
2026-09-07,군위(823),X,28.7,29.4,22.1,15.4,76,X, ,X,낮음
2026-09-07,군위(823),X,28.7,29.4,22.1,15.4,76,X, ,X,낮음
2026-09-07,군위(823),X,28.7,29.4,22.1,15.4,76,X, ,X,낮음
2026-09-07,군위(823),X,28.7,29.4,22.1,15.4,76,X, ,X,낮음
2026-09-07,군위(823),X,28.7,29.4,22.1,15.4,76,X, ,X,낮음
2026-09-07,군위(823),X,28.7,29.4,22.1,15.4,76,X, ,X,낮음
2026-09-07,군위(823),X,28.7,29.4,22.1,15.4,76,X, ,X,낮음
2026-09-07,군위(823),X,28.7,29.4,22.1,15.4,76,X, ,X,낮음
2026-09-07,군위(823),X,28.7,29.4,22.1,15.4,76,X, ,X,낮음
2026-09-07,군위(823),X,28.7,29.4,22.1,15.4,76,X, ,X,낮음
2026-09-07,군위(823),X,28.7,29.4,22.1,15.4,76,X, ,X,낮음
2026-09-07,군위(823),X,28.7,29.4,22.1,15.4,76,X, ,X,낮음
2026-09-07,군위(823),X,28.7,29.4,22.1,15.4,76,X, ,X,낮음
2026-09-07,군위(823),X,28.7,29.4,22.1,15.4,76,X, ,X,낮음
2026-09-07,군위(823),X,28.7,29.4,22.1,15.4,76,X, ,X,낮음
2026-09-07,군위(823),X,28.7,29.4,22.1,15.4,76,X, ,X,낮음
2026-09-07,군위(823),X,28.7,29.4,22.1,15.4,76,X, ,X,낮음
2026-09-07,군위(823),X,28.7,29.4,22.1,15.4,76,X, ,X,낮음
2026-09-07,군위(823),X,28.7,29.4,22.1,15.4,76,X, ,X,낮음
2026-09-07,군위(823),X,28.7,29.4,22.1,15.4,76,X, ,X,낮음
2026-09-07,군위(823),X,28.7,29.4,22.1,15.4,76,X, ,X,낮음
2026-09-07,군위(823),X,28.7,29.4,22.1,15.4,76,X, ,X,낮음
2026-09-07,군위(823),X,28.7,29.4,22.1,15.4,76,X, ,X,낮음
2026-09-07,군위(823),X,28.7,29.4,22.1,15.4,76,X, ,X,낮음
2026-09-07,군위(823),X,28.7,29.4,22.1,15.4,76,X, ,X,낮음
2026-09-07,군위(823),X,28.7,29.4,22.1,15.4,76,X, ,X,낮음
2026-09-07,군위(823),X,28.7,29.4,22.1,15.4,76,X, ,X,낮음
2026-09-07,군위(823),X,28.7,29.4,22.1,15.4,76,X, ,X,낮음
2026-09-07,군위(823),X,28.7,29.4,22.1,15.4,76,X, ,X,낮음
2026-09-07,칠곡(825),X,28.8,29.8,23.8,18.8,68,X, ,X,낮음
2026-09-07,경산(827),X,29.1,29.9,23.4,19.1,63,X, ,X,낮음
2026-09-07,삼척(876),X,27.5,27.2,22.1,18.7,74,X, ,X,낮음
2026-09-07,속초(90),X,25.8,25.3,21.5,17.7,76,X, ,X,낮음
2026-09-07,삼천포(907),X,29.5,29.9,24.2,19.6,60,X, ,X,낮음
2026-09-07,고성(918),X,29.5,29.6,23.3,18.5,72,X, ,X,낮음
2026-09-07,창녕(919),X,29.3,30.2,23.8,19.6,64,X, ,X,낮음
2026-09-07,함안(920),X,30.1,29.3,22.7,17.2,74,X, ,X,낮음
2026-09-07,북춘천(93),X,27.6,28.8,20.9,14,71.8,X, ,X,낮음
2026-09-07,하동(932),X,29.4,30.5,24.5,19,68,X, ,X,낮음
2026-09-07,철원(95),X,27.9,28.6,21.2,14.5,71.5,X, ,X,낮음
2026-09-07,동두천(98),X,27.8,28.8,21.8,15.3,64,X, ,X,낮음
2026-09-07,파주(99),X,27.9,27.9,21.2,15.7,73,X, ,X,낮음
2026-09-08,북강릉(104),X,26.8,25.8,20.4,15.3,83.3,X, ,X,낮음
2026-09-08,동해(106),X,26.7,25.8,21,16,79.1,X, ,X,낮음
2026-09-08,서울(108),X,29.1,31.1,24.4,17.8,52.6,X, ,X,낮음
2026-09-08,인천(112),X,28.4,29,24.8,20.4,61.5,X, ,X,낮음
2026-09-08,원주(114),X,28.7,30.4,21.9,14.3,62,X, ,X,낮음
2026-09-08,울릉도(115),X,26.9,25,21.9,19.8,80.4,X, ,X,낮음
2026-09-08,수원(119),X,27.4,29.5,23.6,18,56.1,X, ,X,낮음
2026-09-08,영월(121),X,27.9,29.6,20.4,12.4,67.5,X, ,X,낮음
2026-09-08,충주(127),X,27.6,29.5,22.7,15.6,56.4,X, ,X,낮음
2026-09-08,서산(129),X,27.7,28.7,23.2,18.2,69.3,X, ,X,낮음
2026-09-08,울진(130),X,27.4,26.3,21.9,16.1,77.3,X, ,X,낮음
2026-09-08,청주(131),X,27.5,30.2,24.3,18.7,53.1,X, ,X,낮음
2026-09-08,대전(133),X,28.8,29.9,23.7,18.1,62.8,X, ,X,낮음
2026-09-08,추풍령(135),X,26.1,26.7,20,13.1,72,X, ,X,낮음
2026-09-08,안동(136),X,28.2,29.1,21.2,14.6,67.3,X, ,X,낮음
2026-09-08,상주(137),X,27.8,28.2,21.6,14.8,73.3,X, ,X,낮음
2026-09-08,포항(138),X,26.7,25.9,22.9,18.6,66.6,X, ,X,낮음
2026-09-08,군산(140),X,28.7,28.2,23.7,19.2,73.6,X, ,X,낮음
2026-09-08,대구(143),X,27.7,28.5,22.3,16.2,66,X, ,X,낮음
2026-09-08,전주(146),X,29.2,30.5,24.4,18.4,62.1,X, ,X,낮음
2026-09-08,울산(152),X,27,26.9,22.5,18.4,67.1,X, ,X,낮음
2026-09-08,창원(155),X,28.9,29.6,24.2,19.3,61.8,X, ,X,낮음
2026-09-08,광주(156),X,30.1,31,25.2,20.3,68,X, ,X,낮음
2026-09-08,부산(159),X,29.9,30.2,24.8,20.8,60.3,X, ,X,낮음
2026-09-08,통영(162),X,29.5,29.9,24.3,19.5,61.3,X, ,X,낮음
2026-09-08,목포(165),X,28.2,28.1,24.4,21.1,72.4,X, ,X,낮음
2026-09-08,여수(168),X,28,28.3,24.6,21.6,58.3,X, ,X,낮음
2026-09-08,흑산도(169),X,30,29.2,25.6,22.8,73.5,X, ,X,낮음
2026-09-08,완도(170),X,31.6,32.2,25,20.5,74.6,X, ,X,낮음
2026-09-08,고창(172),X,29.5,29.6,23.2,18.3,80.9,X, ,X,낮음
2026-09-08,제주(184),X,30.3,30.2,26.4,23,64.8,X, ,X,낮음
2026-09-08,진주(192),X,27.6,29.3,21.5,14.5,67.9,X, ,X,낮음
2026-09-08,양평(202),X,27.8,29.3,21.9,14.5,63.8,X, ,X,낮음
2026-09-08,이천(203),X,28.4,29.3,21.6,13.9,70.1,X, ,X,낮음
2026-09-08,인제(211),X,25.8,27.2,19.2,11.7,69.4,X, ,X,낮음
2026-09-08,홍천(212),X,27.5,30,20.6,12.4,66.3,X, ,X,낮음
2026-09-08,태백(216),X,23.3,22.9,16.3,8.8,81.9,X, ,X,낮음
2026-09-08,정선군(217),X,25.7,27.3,19.6,13.5,70.8,X, ,X,낮음
2026-09-08,제천(221),X,26.1,27.8,19.1,11.1,71.1,X, ,X,낮음
2026-09-08,보은(226),X,27.8,27.9,20.6,14.2,78.9,X, ,X,낮음
2026-09-08,천안(232),X,27.2,28.8,21.5,15.2,74.5,X, ,X,낮음
2026-09-08,보령(235),X,30.6,31.5,24.2,19.1,66.4,X, ,X,낮음
2026-09-08,부여(236),X,29.1,30.5,23.3,18,66.3,X, ,X,낮음
2026-09-08,금산(238),X,27.8,29.6,21.4,14.4,71.4,X, ,X,낮음
2026-09-08,세종(239),X,28,29.4,22.5,17.4,67.4,X, ,X,낮음
2026-09-08,부안(243),X,28.5,29.2,23.3,17.8,72.6,X, ,X,낮음
2026-09-08,임실(244),X,28.7,29.5,21.9,15,73.6,X, ,X,낮음
2026-09-08,정읍(245),X,29,29.8,23.5,18.1,71.8,X, ,X,낮음
2026-09-08,남원(247),X,29.3,30.8,23.7,17.4,64.3,X, ,X,낮음
2026-09-08,장수(248),X,27.1,27.7,19.1,12.1,79.4,X, ,X,낮음
2026-09-08,영광군(252),X,28.2,28.3,23.1,18.7,76,X, ,X,낮음
2026-09-08,김해시(253),X,30.2,30.5,23.8,18.8,64.9,X, ,X,낮음
2026-09-08,순창군(254),X,29.1,30.3,23.1,16.9,70.1,X, ,X,낮음
2026-09-08,양산시(257),X,29.4,30.1,24.6,20,63.5,X, ,X,낮음
2026-09-08,강진군(259),X,30.4,31.1,24.3,18.8,75.5,X, ,X,낮음
2026-09-08,장흥(260),X,30.7,31.4,23.8,18.3,76.4,X, ,X,낮음
2026-09-08,해남(261),X,31.1,30.4,23.9,18.1,77.4,X, ,X,낮음
2026-09-08,고흥(262),X,30.5,31.1,24,18,71.4,X, ,X,낮음
2026-09-08,의령군(263),X,28.5,28.5,21.5,14.2,76.5,X, ,X,낮음
2026-09-08,함양군(264),X,29.8,31.3,21.5,14.1,75,X, ,X,낮음
2026-09-08,진도군ASOS(268),X,28.6,28.7,23.6,18.6,76.6,X, ,X,낮음
2026-09-08,봉화(271),X,26.2,27.3,18.4,8.3,69.4,X, ,X,낮음
2026-09-08,영주(272),X,27.2,28.2,19.5,11.9,72.6,X, ,X,낮음
2026-09-08,문경(273),X,27.4,27.7,20.5,14.1,77.8,X, ,X,낮음
2026-09-08,청송군(276),X,28,28.1,19.5,12.8,80.8,X, ,X,낮음
2026-09-08,영덕(277),X,25.9,24.9,20.9,14.7,77.3,X, ,X,낮음
2026-09-08,의성(278),X,28.6,29.7,21.2,13.3,71.8,X, ,X,낮음
2026-09-08,구미(279),X,28.5,29.6,22.3,15.6,68,X, ,X,낮음
2026-09-08,영천(281),X,27.4,27.9,20.9,14.1,73.4,X, ,X,낮음
2026-09-08,경주시(283),X,27.5,27,21.3,15,75,X, ,X,낮음
2026-09-08,거창(284),X,29,30.2,20.5,13.2,74.1,X, ,X,낮음
2026-09-08,합천(285),X,28.4,29.6,22.2,15.3,73.5,X, ,X,낮음
2026-09-08,밀양(288),X,29.2,30.4,24.1,17.1,61.5,X, ,X,낮음
2026-09-08,산청(289),X,29.5,30.4,21.7,15.4,75.6,X, ,X,낮음
2026-09-08,거제(294),X,28.2,28.1,23.9,19.1,65.6,X, ,X,낮음
2026-09-08,남해(295),X,28.1,29.2,23.1,18.9,68.4,X, ,X,낮음
2026-09-08,부천(433),X,29,32.2,25.2,19,50,X, ,X,낮음
2026-09-08,안양(434),X,,30.2,24.8,19.7,,X, ,X,낮음
2026-09-08,광명(437),X,28.8,32.3,26.4,21.3,43,X, ,X,낮음
2026-09-08,군포(438),X,28,31.1,24.9,19.4,45,X, ,X,낮음
2026-09-08,김포(441),X,29.2,30.6,23.8,16.4,66,X, ,X,낮음
2026-09-08,하남(444),X,28.3,29.8,23.3,14.7,60,X, ,X,낮음
2026-09-08,의왕(445),X,28.3,29.8,22.7,15,64,X, ,X,낮음
2026-09-08,포천(504),X,30.4,31.9,22.2,12.3,67,X, ,X,낮음
2026-09-08,가평조종(505),X,28.7,29.7,21.1,11.4,71,X, ,X,낮음
2026-09-08,안성(516),X,28.8,30,23.2,16.9,63,X, ,X,낮음
2026-09-08,간성(517),X,26.1,25.7,19.1,13.9,76,X, ,X,낮음
2026-09-08,평창(526),X,26.6,28.6,19.2,11.5,66,X, ,X,낮음
2026-09-08,의정부(532),X,29.7,31.3,22.9,14.3,63,X, ,X,낮음
2026-09-08,횡성(536),X,27.3,30.2,21,12.6,63,X, ,X,낮음
2026-09-08,고양(540),X,30.4,31.7,22.7,15,65,X, ,X,낮음
2026-09-08,남양주(541),X,29.1,31.3,23.3,14.6,60,X, ,X,낮음
2026-09-08,안산(545),X,29.6,30.4,21.6,14,75,X, ,X,낮음
2026-09-08,경기광주(546),X,27.5,28.8,21.7,14.8,66,X, ,X,낮음
2026-09-08,여주(548),X,29.1,30.2,22,14.9,64,X, ,X,낮음
2026-09-08,용인(549),X,28.3,30.1,22.9,14.9,61,X, ,X,낮음
2026-09-08,오산(550),X,28.2,29.7,22.5,14.5,62,X, ,X,낮음
2026-09-08,평택(551),X,29.9,31,24.1,18.4,61,X, ,X,낮음
2026-09-08,화천(555),X,28.5,30,20.8,13.2,70,X, ,X,낮음
2026-09-08,양구(556),X,27.5,28.3,19.3,12.4,73,X, ,X,낮음
2026-09-08,시흥(565),X,28.9,30,22.4,14.9,66,X, ,X,낮음
2026-09-08,구리(569),X,28.6,30.5,23.3,15.7,58,X, ,X,낮음
2026-09-08,화성(571),X,28,30,23.8,18.3,60,X, ,X,낮음
2026-09-08,성남(572),X,27.4,29.4,22.9,15.8,63,X, ,X,낮음
2026-09-08,과천(590),X,28.1,29.8,21.9,14.1,67,X, ,X,낮음
2026-09-08,양주(598),X,29.7,31.4,22.5,13.3,66,X, ,X,낮음
2026-09-08,단양(601),X,28.2,29.5,19.5,12.3,72,X, ,X,낮음
2026-09-08,진천(602),X,28.2,28.8,21.2,14.2,73,X, ,X,낮음
2026-09-08,괴산(603),X,27.5,29.3,20.6,14.4,74,X, ,X,낮음
2026-09-08,옥천(604),X,28.6,29.7,21.7,15.6,74,X, ,X,낮음
2026-09-08,홍북(608),X,,,,,,X, ,X,낮음
2026-09-08,공주(612),X,28.4,29.4,22.1,16,71,X, ,X,낮음
2026-09-08,서천(614),X,28.7,28.3,22.1,16.6,79,X, ,X,낮음
2026-09-08,논산(615),X,29.4,29.7,22.4,16.3,72,X, ,X,낮음
2026-09-08,당진(616),X,27.9,28.7,22.4,17,74,X, ,X,낮음
2026-09-08,청양(618),X,29.1,29.7,21.4,15,77,X, ,X,낮음
2026-09-08,음성(619),X,27.6,29,20.5,13.6,73,X, ,X,낮음
2026-09-08,증평(623),X,27.2,29.7,22.8,16.6,57,X, ,X,낮음
2026-09-08,태안(627),X,27.3,27.7,23.1,18,74,X, ,X,낮음
2026-09-08,예산(628),X,27.6,28.5,22.2,16.5,73,X, ,X,낮음
2026-09-08,아산(634),X,28.7,29.5,23.3,17.2,63,X, ,X,낮음
2026-09-08,계룡(636),X,28,28.9,20.3,13.3,80,X, ,X,낮음
2026-09-08,연천청산(652),X,29.7,30.8,22,12.6,66,X, ,X,낮음
2026-09-08,양양(670),X,25.9,25,19.8,16.1,78,X, ,X,낮음
2026-09-08,무안(699),X,29.3,29.2,23.8,19.3,77,X, ,X,낮음
2026-09-08,무주(701),X,27,28.7,20.5,13.3,70,X, ,X,낮음
2026-09-08,익산(702),X,30.1,30.2,22.9,16.3,75,X, ,X,낮음
2026-09-08,진안(703),X,28,28.6,20,13.1,75,X, ,X,낮음
2026-09-08,담양(706),X,30.2,30.7,24,17.5,73,X, ,X,낮음
2026-09-08,구례(709),X,30.4,30.7,22.9,16.4,75,X, ,X,낮음
2026-09-08,나주(710),X,29.3,29.6,23.1,18,76,X, ,X,낮음
2026-09-08,순천시(712),X,30.1,29.6,23.5,17.9,80,X, ,X,낮음
2026-09-08,광양읍(713),X,31.7,32.1,24.1,17.1,72,X, ,X,낮음
2026-09-08,장성(730),X,29.8,30.7,23.5,17.6,73,X, ,X,낮음
2026-09-08,영암(731),X,30,30.1,23,17.9,79,X, ,X,낮음
2026-09-08,보성(732),X,28.6,29.6,22.2,18.1,77,X, ,X,낮음
2026-09-08,완주(734),X,29.4,30.1,22,16.3,72,X, ,X,낮음
2026-09-08,김제(737),X,29.8,29.4,23.6,17.5,79,X, ,X,낮음
2026-09-08,화순(741),X,29.4,30.1,23.5,18.1,74,X, ,X,낮음
2026-09-08,함평(754),X,29.9,30.3,23.7,18.8,76,X, ,X,낮음
2026-09-08,곡성(768),X,29.9,30.8,22.8,16.3,78,X, ,X,낮음
2026-09-08,압해도(789),X,29.4,30.1,24.4,20,70,X, ,X,낮음
2026-09-08,영양(801),X,27.2,26.7,19.7,12.7,81,X, ,X,낮음
2026-09-08,성주(810),X,28.4,28.8,21.8,15.4,75,X, ,X,낮음
2026-09-08,고령(812),X,29.1,29.5,21.8,14.3,78,X, ,X,낮음
2026-09-08,청도(813),X,27.8,28,21.1,13.9,76,X, ,X,낮음
2026-09-08,예천(815),X,28.9,29.8,21.4,14.5,70,X, ,X,낮음
2026-09-08,김천(822),X,27.6,28.2,21.3,13.9,71,X, ,X,낮음
2026-09-08,군위(823),X,29.2,29.6,21.1,14,77,X, ,X,낮음
2026-09-08,군위(823),X,29.2,29.6,21.1,14,77,X, ,X,낮음
2026-09-08,군위(823),X,29.2,29.6,21.1,14,77,X, ,X,낮음
2026-09-08,군위(823),X,29.2,29.6,21.1,14,77,X, ,X,낮음
2026-09-08,군위(823),X,29.2,29.6,21.1,14,77,X, ,X,낮음
2026-09-08,군위(823),X,29.2,29.6,21.1,14,77,X, ,X,낮음
2026-09-08,군위(823),X,29.2,29.6,21.1,14,77,X, ,X,낮음
2026-09-08,군위(823),X,29.2,29.6,21.1,14,77,X, ,X,낮음
2026-09-08,군위(823),X,29.2,29.6,21.1,14,77,X, ,X,낮음
2026-09-08,군위(823),X,29.2,29.6,21.1,14,77,X, ,X,낮음
2026-09-08,군위(823),X,29.2,29.6,21.1,14,77,X, ,X,낮음
2026-09-08,군위(823),X,29.2,29.6,21.1,14,77,X, ,X,낮음
2026-09-08,군위(823),X,29.2,29.6,21.1,14,77,X, ,X,낮음
2026-09-08,군위(823),X,29.2,29.6,21.1,14,77,X, ,X,낮음
2026-09-08,군위(823),X,29.2,29.6,21.1,14,77,X, ,X,낮음
2026-09-08,군위(823),X,29.2,29.6,21.1,14,77,X, ,X,낮음
2026-09-08,군위(823),X,29.2,29.6,21.1,14,77,X, ,X,낮음
2026-09-08,군위(823),X,29.2,29.6,21.1,14,77,X, ,X,낮음
2026-09-08,군위(823),X,29.2,29.6,21.1,14,77,X, ,X,낮음
2026-09-08,군위(823),X,29.2,29.6,21.1,14,77,X, ,X,낮음
2026-09-08,군위(823),X,29.2,29.6,21.1,14,77,X, ,X,낮음
2026-09-08,군위(823),X,29.2,29.6,21.1,14,77,X, ,X,낮음
2026-09-08,군위(823),X,29.2,29.6,21.1,14,77,X, ,X,낮음
2026-09-08,군위(823),X,29.2,29.6,21.1,14,77,X, ,X,낮음
2026-09-08,군위(823),X,29.2,29.6,21.1,14,77,X, ,X,낮음
2026-09-08,군위(823),X,29.2,29.6,21.1,14,77,X, ,X,낮음
2026-09-08,군위(823),X,29.2,29.6,21.1,14,77,X, ,X,낮음
2026-09-08,군위(823),X,29.2,29.6,21.1,14,77,X, ,X,낮음
2026-09-08,군위(823),X,29.2,29.6,21.1,14,77,X, ,X,낮음
2026-09-08,군위(823),X,29.2,29.6,21.1,14,77,X, ,X,낮음
2026-09-08,군위(823),X,29.2,29.6,21.1,14,77,X, ,X,낮음
2026-09-08,군위(823),X,29.2,29.6,21.1,14,77,X, ,X,낮음
2026-09-08,칠곡(825),X,28.7,29.2,22.5,16.3,75,X, ,X,낮음
2026-09-08,경산(827),X,29,29.7,21.9,15.6,70,X, ,X,낮음
2026-09-08,삼척(876),X,27,26.2,21.3,17.5,76,X, ,X,낮음
2026-09-08,속초(90),X,26.1,25.8,20.2,15.6,75.4,X, ,X,낮음
2026-09-08,삼천포(907),X,28.6,28.9,23.6,18.1,64,X, ,X,낮음
2026-09-08,고성(918),X,28.9,29.2,22.8,17.1,73,X, ,X,낮음
2026-09-08,창녕(919),X,29.2,30.3,22.8,15.5,69,X, ,X,낮음
2026-09-08,함안(920),X,29.5,29.1,21.4,13.7,77,X, ,X,낮음
2026-09-08,북춘천(93),X,27.9,29.7,21.1,12.2,68.3,X, ,X,낮음
2026-09-08,하동(932),X,29,31.1,23.6,17.2,69,X, ,X,낮음
2026-09-08,철원(95),X,29.2,30.7,21.4,11.6,65.9,X, ,X,낮음
2026-09-08,동두천(98),X,28.8,30.6,22.4,13.6,60.4,X, ,X,낮음
2026-09-08,파주(99),X,28.9,29.1,21.7,13.9,70.6,X, ,X,낮음
2026-09-09,북강릉(104),X,21.1,20.3,17.7,14.1,76.3,X, ,X,낮음
2026-09-09,동해(106),X,21.5,20.5,18.4,13.2,68.5,X, ,X,낮음
2026-09-09,서울(108),X,25.4,26.1,21.3,17.8,50.9,X, ,X,낮음
2026-09-09,인천(112),X,25.5,26.1,22.3,18.9,51.9,X, ,X,낮음
2026-09-09,원주(114),X,24.3,24.5,20,14.9,59.9,X, ,X,낮음
2026-09-09,울릉도(115),X,21.7,20.8,19.4,17.8,66,X, ,X,낮음
2026-09-09,수원(119),X,25.1,25.8,21.7,18.2,52,X, ,X,낮음
2026-09-09,영월(121),X,23.8,23.8,17.9,11.4,65.9,X, ,X,낮음
2026-09-09,충주(127),X,24.4,24.7,20.2,15.1,55.1,X, ,X,낮음
2026-09-09,서산(129),X,25.8,26.7,22,17.7,56.6,X, ,X,낮음
2026-09-09,울진(130),X,23.2,21.8,19,15.9,69,X, ,X,낮음
2026-09-09,청주(131),X,25.4,26.3,22.2,18.8,53.5,X, ,X,낮음
2026-09-09,대전(133),X,27.3,27.4,21.8,18.5,60.3,X, ,X,낮음
2026-09-09,추풍령(135),X,23.2,22.6,18.7,13.1,69,X, ,X,낮음
2026-09-09,안동(136),X,24,24.2,19.4,14.1,62.1,X, ,X,낮음
2026-09-09,상주(137),X,25.7,25.5,20,14.8,68.1,X, ,X,낮음
2026-09-09,포항(138),X,24.6,23.4,21.6,19.6,60.5,X, ,X,낮음
2026-09-09,군산(140),X,27.4,27.3,23,19.1,66,X, ,X,낮음
2026-09-09,대구(143),X,23.8,24.2,21.2,17.5,55.1,X, ,X,낮음
2026-09-09,전주(146),X,28.5,29.2,23.3,19.1,61.5,X, ,X,낮음
2026-09-09,울산(152),X,23.6,23,20.9,18.9,60.3,X, ,X,낮음
2026-09-09,창원(155),X,26.1,26.5,22.2,19.3,61.1,X, ,X,낮음
2026-09-09,광주(156),X,29.2,29.5,23.7,19.8,64.9,X, ,X,낮음
2026-09-09,부산(159),X,26.9,27.1,22.8,19.8,57.4,X, ,X,낮음
2026-09-09,통영(162),X,26.5,27.1,22.6,19.8,60.1,X, ,X,낮음
2026-09-09,목포(165),X,28.2,28,24.1,20.5,67.5,X, ,X,낮음
2026-09-09,여수(168),X,26.1,26.7,23.3,20.8,56.8,X, ,X,낮음
2026-09-09,흑산도(169),X,29.9,29.6,25.2,22.3,73.1,X, ,X,낮음
2026-09-09,완도(170),X,30.8,30.9,24.7,19.9,66.4,X, ,X,낮음
2026-09-09,고창(172),X,29.3,29.3,23,17.9,72.3,X, ,X,낮음
2026-09-09,제주(184),X,28.2,28.6,25.2,23.1,61,X, ,X,낮음
2026-09-09,진주(192),X,25.6,26.1,20.5,16.1,64.1,X, ,X,낮음
2026-09-09,양평(202),X,24.2,25.1,20.5,15.5,54.6,X, ,X,낮음
2026-09-09,이천(203),X,25.9,26,19.9,13.6,65.4,X, ,X,낮음
2026-09-09,인제(211),X,20,19.9,16.6,11,67.3,X, ,X,낮음
2026-09-09,홍천(212),X,22.6,23.4,18.9,13,59.8,X, ,X,낮음
2026-09-09,태백(216),X,17.8,15,12.5,8.8,88.3,X, ,X,낮음
2026-09-09,정선군(217),X,20.1,18.9,16.3,10.8,70.5,X, ,X,낮음
2026-09-09,제천(221),X,22.4,22.2,16.8,10.5,70.5,X, ,X,낮음
2026-09-09,보은(226),X,24.3,24,18.9,14.9,72.6,X, ,X,낮음
2026-09-09,천안(232),X,25.4,25.7,20.9,15.8,61.4,X, ,X,낮음
2026-09-09,보령(235),X,27.9,28.6,23.6,19.2,59.5,X, ,X,낮음
2026-09-09,부여(236),X,26.7,27.2,22.1,17.9,64.9,X, ,X,낮음
2026-09-09,금산(238),X,25.6,26,20.7,15.5,67.6,X, ,X,낮음
2026-09-09,세종(239),X,26.5,26.5,21.3,17.6,64.4,X, ,X,낮음
2026-09-09,부안(243),X,28.2,29,22.9,18.2,67,X, ,X,낮음
2026-09-09,임실(244),X,26.4,26.8,20.3,15.2,71.8,X, ,X,낮음
2026-09-09,정읍(245),X,28.8,29.4,22.8,17.9,66.4,X, ,X,낮음
2026-09-09,남원(247),X,26.7,27,22.2,19,63.5,X, ,X,낮음
2026-09-09,장수(248),X,24.3,24.4,18,13,76.6,X, ,X,낮음
2026-09-09,영광군(252),X,28.8,29.1,23.2,17.7,69,X, ,X,낮음
2026-09-09,김해시(253),X,27.8,27.7,22.4,19.2,61.6,X, ,X,낮음
2026-09-09,순창군(254),X,27.2,28.3,22.1,17.4,62.9,X, ,X,낮음
2026-09-09,양산시(257),X,26.5,26.7,22.6,20.3,61.9,X, ,X,낮음
2026-09-09,강진군(259),X,28.6,28.9,23.5,18.8,68.5,X, ,X,낮음
2026-09-09,장흥(260),X,28.1,27.9,22.9,18,69,X, ,X,낮음
2026-09-09,해남(261),X,29.7,29.5,23.7,17.9,71.5,X, ,X,낮음
2026-09-09,고흥(262),X,28.2,29.1,23.4,17.8,62.6,X, ,X,낮음
2026-09-09,의령군(263),X,25.1,24.7,20,15.5,72,X, ,X,낮음
2026-09-09,함양군(264),X,26.6,26.5,20,15.3,76.6,X, ,X,낮음
2026-09-09,진도군ASOS(268),X,28.2,27.9,22.9,19,77.9,X, ,X,낮음
2026-09-09,봉화(271),X,21.5,21.1,16.7,10.2,68.5,X, ,X,낮음
2026-09-09,영주(272),X,23,22.7,17.6,11.7,72.3,X, ,X,낮음
2026-09-09,문경(273),X,24,23.5,18.8,13.5,73.1,X, ,X,낮음
2026-09-09,청송군(276),X,22.2,21.4,17.5,11.4,76.5,X, ,X,낮음
2026-09-09,영덕(277),X,23.1,21.6,19.3,16,66.9,X, ,X,낮음
2026-09-09,의성(278),X,24.4,24.5,19.2,12.8,68.8,X, ,X,낮음
2026-09-09,구미(279),X,24.1,24.5,21,15.7,59,X, ,X,낮음
2026-09-09,영천(281),X,23.5,23.5,20.1,15.7,61.4,X, ,X,낮음
2026-09-09,경주시(283),X,24,23,20.3,16.3,67.5,X, ,X,낮음
2026-09-09,거창(284),X,25.2,24.6,19.2,14.5,77,X, ,X,낮음
2026-09-09,합천(285),X,25.5,25.7,20.8,16.6,71.5,X, ,X,낮음
2026-09-09,밀양(288),X,25,25.5,22.3,19.2,57.9,X, ,X,낮음
2026-09-09,산청(289),X,25.4,25.6,20,15.7,72.6,X, ,X,낮음
2026-09-09,거제(294),X,26.1,26.2,22.3,20,61.9,X, ,X,낮음
2026-09-09,남해(295),X,26.7,27.1,22.5,19.6,64,X, ,X,낮음
2026-09-09,부천(433),X,26.4,28.2,22.7,18.8,48,X, ,X,낮음
2026-09-09,안양(434),X,,25.8,21.8,19,,X, ,X,낮음
2026-09-09,광명(437),X,25.4,27,22.7,19.8,47,X, ,X,낮음
2026-09-09,군포(438),X,24.7,25.9,21.8,18.2,50,X, ,X,낮음
2026-09-09,김포(441),X,26.5,27.3,21.7,17.4,58,X, ,X,낮음
2026-09-09,하남(444),X,25.6,25.8,21.2,16.5,56,X, ,X,낮음
2026-09-09,의왕(445),X,26.5,26.6,20.7,15.2,64,X, ,X,낮음
2026-09-09,포천(504),X,25.4,26.2,20.1,14.6,59,X, ,X,낮음
2026-09-09,가평조종(505),X,23.7,23.6,19,12.9,64,X, ,X,낮음
2026-09-09,안성(516),X,27.3,27.7,21.9,17.4,56,X, ,X,낮음
2026-09-09,간성(517),X,20.6,20.4,17.3,12.6,70,X, ,X,낮음
2026-09-09,평창(526),X,21.3,21.2,16.7,10.3,66,X, ,X,낮음
2026-09-09,의정부(532),X,26,26.6,20.7,14.8,57,X, ,X,낮음
2026-09-09,횡성(536),X,22.7,23.5,18.9,12.5,60,X, ,X,낮음
2026-09-09,고양(540),X,26.2,26.9,20.8,15.5,61,X, ,X,낮음
2026-09-09,남양주(541),X,25.2,26.2,21.2,15.7,54,X, ,X,낮음
2026-09-09,안산(545),X,26.5,27,21.4,15.1,60,X, ,X,낮음
2026-09-09,경기광주(546),X,24.3,24.8,19.6,14.6,63,X, ,X,낮음
2026-09-09,여주(548),X,25.5,26.1,19.9,15,60,X, ,X,낮음
2026-09-09,용인(549),X,25.4,26.3,21.3,16.4,54,X, ,X,낮음
2026-09-09,오산(550),X,25.7,26.2,21,15.6,59,X, ,X,낮음
2026-09-09,평택(551),X,27.4,27.3,21.8,17.7,63,X, ,X,낮음
2026-09-09,화천(555),X,23.2,23.5,18.2,12.5,67,X, ,X,낮음
2026-09-09,양구(556),X,21.5,21.2,16.9,10.3,69,X, ,X,낮음
2026-09-09,시흥(565),X,25,25.8,21,15.3,58,X, ,X,낮음
2026-09-09,구리(569),X,25.3,26,20.5,15.8,54,X, ,X,낮음
2026-09-09,화성(571),X,27,27.9,21.9,17.6,54,X, ,X,낮음
2026-09-09,성남(572),X,25.4,26,21,16.7,60,X, ,X,낮음
2026-09-09,과천(590),X,25.6,26.1,20.5,13.9,62,X, ,X,낮음
2026-09-09,양주(598),X,26.2,27,20.6,14.4,60,X, ,X,낮음
2026-09-09,단양(601),X,22.7,22.5,18.5,12.4,65,X, ,X,낮음
2026-09-09,진천(602),X,25.6,25.2,19.9,13.6,68,X, ,X,낮음
2026-09-09,괴산(603),X,24.9,25.3,19.3,13.3,66,X, ,X,낮음
2026-09-09,옥천(604),X,25.4,25.5,20,14.6,71,X, ,X,낮음
2026-09-09,홍북(608),X,,,,,,X, ,X,낮음
2026-09-09,공주(612),X,26.2,26.5,20.9,16.8,67,X, ,X,낮음
2026-09-09,서천(614),X,26.8,27.4,22.5,17.5,63,X, ,X,낮음
2026-09-09,논산(615),X,27,27,22.2,17.5,64,X, ,X,낮음
2026-09-09,당진(616),X,26.6,27.2,22,17.6,59,X, ,X,낮음
2026-09-09,청양(618),X,27.2,27.4,20.9,15.8,71,X, ,X,낮음
2026-09-09,음성(619),X,24.4,24.1,19.5,13.3,64,X, ,X,낮음
2026-09-09,증평(623),X,25.3,26.1,21,16.1,57,X, ,X,낮음
2026-09-09,태안(627),X,26.4,27,22.5,18.6,61,X, ,X,낮음
2026-09-09,예산(628),X,26.1,26.9,21.7,16.9,63,X, ,X,낮음
2026-09-09,아산(634),X,27.2,28.3,22.5,18.2,54,X, ,X,낮음
2026-09-09,계룡(636),X,25.5,25.6,20.8,15.8,66,X, ,X,낮음
2026-09-09,연천청산(652),X,25.3,26.1,20,13.9,61,X, ,X,낮음
2026-09-09,양양(670),X,20.6,20.1,17.2,13,75,X, ,X,낮음
2026-09-09,무안(699),X,29.2,29.5,23.5,18.3,70,X, ,X,낮음
2026-09-09,무주(701),X,24.2,24.5,19.1,14.8,68,X, ,X,낮음
2026-09-09,익산(702),X,28.3,28,22.3,17.4,70,X, ,X,낮음
2026-09-09,진안(703),X,26,25.3,18.9,13.4,76,X, ,X,낮음
2026-09-09,담양(706),X,28.2,29.1,22.6,17.3,70,X, ,X,낮음
2026-09-09,구례(709),X,28.1,28.2,21,16.4,75,X, ,X,낮음
2026-09-09,나주(710),X,28.2,28.5,22.3,17.7,75,X, ,X,낮음
2026-09-09,순천시(712),X,27,26.6,22.6,18.6,69,X, ,X,낮음
2026-09-09,광양읍(713),X,29.1,29.6,23.1,18.1,65,X, ,X,낮음
2026-09-09,장성(730),X,29,30.2,22.9,17.2,67,X, ,X,낮음
2026-09-09,영암(731),X,29.1,29.1,22.8,17.2,70,X, ,X,낮음
2026-09-09,보성(732),X,26.5,27.1,21.2,17.1,69,X, ,X,낮음
2026-09-09,완주(734),X,27.7,28.3,21.4,16.6,67,X, ,X,낮음
2026-09-09,김제(737),X,28.8,28,22.5,18.4,72,X, ,X,낮음
2026-09-09,화순(741),X,28.7,28.7,22.2,17.6,73,X, ,X,낮음
2026-09-09,함평(754),X,29.5,29.8,23.2,18,73,X, ,X,낮음
2026-09-09,곡성(768),X,27.7,28.3,21.3,16,75,X, ,X,낮음
2026-09-09,압해도(789),X,28.6,29,24.3,20.4,66,X, ,X,낮음
2026-09-09,영양(801),X,23.2,21.9,17.5,11.1,76,X, ,X,낮음
2026-09-09,성주(810),X,24.3,24.2,20.6,16,66,X, ,X,낮음
2026-09-09,고령(812),X,25.9,25.4,20.6,14.9,72,X, ,X,낮음
2026-09-09,청도(813),X,24.8,24.8,20.4,14.9,67,X, ,X,낮음
2026-09-09,예천(815),X,24,23.9,19.4,14,69,X, ,X,낮음
2026-09-09,김천(822),X,24.5,24.2,19.8,14.3,70,X, ,X,낮음
2026-09-09,군위(823),X,24.8,24.3,19.6,13.1,69,X, ,X,낮음
2026-09-09,군위(823),X,24.8,24.3,19.6,13.1,69,X, ,X,낮음
2026-09-09,군위(823),X,24.8,24.3,19.6,13.1,69,X, ,X,낮음
2026-09-09,군위(823),X,24.8,24.3,19.6,13.1,69,X, ,X,낮음
2026-09-09,군위(823),X,24.8,24.3,19.6,13.1,69,X, ,X,낮음
2026-09-09,군위(823),X,24.8,24.3,19.6,13.1,69,X, ,X,낮음
2026-09-09,군위(823),X,24.8,24.3,19.6,13.1,69,X, ,X,낮음
2026-09-09,군위(823),X,24.8,24.3,19.6,13.1,69,X, ,X,낮음
2026-09-09,군위(823),X,24.8,24.3,19.6,13.1,69,X, ,X,낮음
2026-09-09,군위(823),X,24.8,24.3,19.6,13.1,69,X, ,X,낮음
2026-09-09,군위(823),X,24.8,24.3,19.6,13.1,69,X, ,X,낮음
2026-09-09,군위(823),X,24.8,24.3,19.6,13.1,69,X, ,X,낮음
2026-09-09,군위(823),X,24.8,24.3,19.6,13.1,69,X, ,X,낮음
2026-09-09,군위(823),X,24.8,24.3,19.6,13.1,69,X, ,X,낮음
2026-09-09,군위(823),X,24.8,24.3,19.6,13.1,69,X, ,X,낮음
2026-09-09,군위(823),X,24.8,24.3,19.6,13.1,69,X, ,X,낮음
2026-09-09,군위(823),X,24.8,24.3,19.6,13.1,69,X, ,X,낮음
2026-09-09,군위(823),X,24.8,24.3,19.6,13.1,69,X, ,X,낮음
2026-09-09,군위(823),X,24.8,24.3,19.6,13.1,69,X, ,X,낮음
2026-09-09,군위(823),X,24.8,24.3,19.6,13.1,69,X, ,X,낮음
2026-09-09,군위(823),X,24.8,24.3,19.6,13.1,69,X, ,X,낮음
2026-09-09,군위(823),X,24.8,24.3,19.6,13.1,69,X, ,X,낮음
2026-09-09,군위(823),X,24.8,24.3,19.6,13.1,69,X, ,X,낮음
2026-09-09,군위(823),X,24.8,24.3,19.6,13.1,69,X, ,X,낮음
2026-09-09,군위(823),X,24.8,24.3,19.6,13.1,69,X, ,X,낮음
2026-09-09,군위(823),X,24.8,24.3,19.6,13.1,69,X, ,X,낮음
2026-09-09,군위(823),X,24.8,24.3,19.6,13.1,69,X, ,X,낮음
2026-09-09,군위(823),X,24.8,24.3,19.6,13.1,69,X, ,X,낮음
2026-09-09,군위(823),X,24.8,24.3,19.6,13.1,69,X, ,X,낮음
2026-09-09,군위(823),X,24.8,24.3,19.6,13.1,69,X, ,X,낮음
2026-09-09,군위(823),X,24.8,24.3,19.6,13.1,69,X, ,X,낮음
2026-09-09,군위(823),X,24.8,24.3,19.6,13.1,69,X, ,X,낮음
2026-09-09,칠곡(825),X,24.4,24.3,21.1,16.6,63,X, ,X,낮음
2026-09-09,경산(827),X,24.8,24.8,20.9,17.1,61,X, ,X,낮음
2026-09-09,삼척(876),X,21.5,20.6,18.3,14.6,70,X, ,X,낮음
2026-09-09,속초(90),X,22,20.8,18.5,14,63.9,X, ,X,낮음
2026-09-09,삼천포(907),X,26.8,27.5,22.1,18.1,59,X, ,X,낮음
2026-09-09,고성(918),X,27,27.5,21.4,17.9,67,X, ,X,낮음
2026-09-09,창녕(919),X,26.1,26.3,21,17.2,66,X, ,X,낮음
2026-09-09,함안(920),X,27.5,26.8,20,14.8,76,X, ,X,낮음
2026-09-09,북춘천(93),X,22.4,23.1,18.8,12.2,62,X, ,X,낮음
2026-09-09,하동(932),X,26.6,27.4,22.2,18.5,64,X, ,X,낮음
2026-09-09,철원(95),X,23.4,24.3,18.4,13.4,66.1,X, ,X,낮음
2026-09-09,동두천(98),X,24.3,25.2,19.8,14.6,58.3,X, ,X,낮음
2026-09-09,파주(99),X,25,25.1,19.5,14.1,65.8,X, ,X,낮음
2026-09-10,북강릉(104),X,22,21.1,17.4,13.8,78.9,X, ,X,낮음
2026-09-10,동해(106),X,22.1,21.2,17.4,12.8,78.3,X, ,X,낮음
2026-09-10,서울(108),X,21.3,21.5,18.4,15.8,57.5,X, ,X,낮음
2026-09-10,인천(112),X,21.5,21.7,19.4,17.6,56.4,X, ,X,낮음
2026-09-10,원주(114),X,21.3,21.3,16.9,13.1,72.1,X, ,X,낮음
2026-09-10,울릉도(115),X,22.7,21.6,19.2,17.6,70.4,X, ,X,낮음
2026-09-10,수원(119),X,20.9,21.1,18.4,15.3,58.8,X, ,X,낮음
2026-09-10,영월(121),X,21.3,20.7,,10,,X, ,X,낮음
2026-09-10,충주(127),X,21.1,20.8,17.9,12.7,66.4,X, ,X,낮음
2026-09-10,서산(129),X,20.7,20.3,17.8,14.9,65.3,X, ,X,낮음
2026-09-10,울진(130),X,22.4,21.2,18.4,15.8,74.9,X, ,X,낮음
2026-09-10,청주(131),X,21.7,21.8,18.9,15.8,61,X, ,X,낮음
2026-09-10,대전(133),X,23,22.4,19.5,16.7,64.8,X, ,X,낮음
2026-09-10,추풍령(135),X,22.8,22.2,17.1,11.3,73.1,X, ,X,낮음
2026-09-10,안동(136),X,22.9,23.2,17.9,11.3,70.4,X, ,X,낮음
2026-09-10,상주(137),X,23.8,23.2,17.8,12.1,74.1,X, ,X,낮음
2026-09-10,포항(138),X,23.6,23.7,21.7,19.5,55.3,X, ,X,낮음
2026-09-10,군산(140),X,23.6,23.1,19.5,16.4,69.9,X, ,X,낮음
2026-09-10,대구(143),X,23.9,24.8,20.1,14.3,59.1,X, ,X,낮음
2026-09-10,전주(146),X,26,26.1,20.9,15.8,66.1,X, ,X,낮음
2026-09-10,울산(152),X,23.7,23.9,20.6,18.2,58.5,X, ,X,낮음
2026-09-10,창원(155),X,26.6,27.1,22.2,17.7,57.6,X, ,X,낮음
2026-09-10,광주(156),X,27.6,28.3,22.4,17.1,64.1,X, ,X,낮음
2026-09-10,부산(159),X,27.2,27.5,22.8,19,57,X, ,X,낮음
2026-09-10,통영(162),X,26.8,27.2,22.4,18.4,58.9,X, ,X,낮음
2026-09-10,목포(165),X,26.4,26.8,22.2,18.2,63.9,X, ,X,낮음
2026-09-10,여수(168),X,25.3,25.7,22.5,19.2,55.8,X, ,X,낮음
2026-09-10,흑산도(169),X,27.4,27.1,22.7,20.9,65.1,X, ,X,낮음
2026-09-10,완도(170),X,28.4,28.6,23.4,19.7,63.3,X, ,X,낮음
2026-09-10,고창(172),X,26.7,26.8,20.5,15.1,77.9,X, ,X,낮음
2026-09-10,제주(184),X,27.3,26.9,24.3,22.4,64.1,X, ,X,낮음
2026-09-10,진주(192),X,25.3,25.6,20,13.5,61.5,X, ,X,낮음
2026-09-10,양평(202),X,21.2,21.3,17.3,13.6,71.1,X, ,X,낮음
2026-09-10,이천(203),X,21.8,20.9,16.5,12,82.3,X, ,X,낮음
2026-09-10,인제(211),X,20.4,20.4,14.8,10.8,79.1,X, ,X,낮음
2026-09-10,홍천(212),X,21.2,20.6,15.6,11.3,80.1,X, ,X,낮음
2026-09-10,태백(216),X,17.3,15.9,12.7,8.2,87.4,X, ,X,낮음
2026-09-10,정선군(217),X,20,19.6,14.7,9.9,80.6,X, ,X,낮음
2026-09-10,제천(221),X,20,19.2,15.3,9.4,79.9,X, ,X,낮음
2026-09-10,보은(226),X,21.5,20.7,16.8,11.1,79.6,X, ,X,낮음
2026-09-10,천안(232),X,21,20.4,17.4,14,74,X, ,X,낮음
2026-09-10,보령(235),X,23,23,19.4,16.8,63.9,X, ,X,낮음
2026-09-10,부여(236),X,22.8,22.2,18.6,15.3,71,X, ,X,낮음
2026-09-10,금산(238),X,23.9,23.8,18.6,12.6,73.4,X, ,X,낮음
2026-09-10,세종(239),X,22.7,22.1,18.1,14.4,70.8,X, ,X,낮음
2026-09-10,부안(243),X,24.5,24.6,19.9,15.3,70.1,X, ,X,낮음
2026-09-10,임실(244),X,25.1,25.9,19.8,12.6,71,X, ,X,낮음
2026-09-10,정읍(245),X,26.5,27.1,20.7,14.9,69.3,X, ,X,낮음
2026-09-10,남원(247),X,26.2,26.5,21.7,17.6,62,X, ,X,낮음
2026-09-10,장수(248),X,24,24.1,17.6,10.2,78.5,X, ,X,낮음
2026-09-10,영광군(252),X,26.4,26.8,20.4,15.6,73.1,X, ,X,낮음
2026-09-10,김해시(253),X,27.2,27.1,21.9,18.1,62.4,X, ,X,낮음
2026-09-10,순창군(254),X,25.7,26.9,20.6,14,66.8,X, ,X,낮음
2026-09-10,양산시(257),X,27.2,27.7,22.7,19.5,58.6,X, ,X,낮음
2026-09-10,강진군(259),X,27.4,27.9,22.3,16.4,67.4,X, ,X,낮음
2026-09-10,장흥(260),X,27.3,27.8,22,15.2,67.8,X, ,X,낮음
2026-09-10,해남(261),X,28,27.5,22.3,17.5,71,X, ,X,낮음
2026-09-10,고흥(262),X,27.3,28.3,22.3,16.4,64.3,X, ,X,낮음
2026-09-10,의령군(263),X,26.7,26.8,20.1,13.4,69.5,X, ,X,낮음
2026-09-10,함양군(264),X,26.3,26.5,19.5,11.6,74.8,X, ,X,낮음
2026-09-10,진도군ASOS(268),X,26.7,26.7,21.4,16.3,72.8,X, ,X,낮음
2026-09-10,봉화(271),X,20.4,19.9,14.9,8.3,79.4,X, ,X,낮음
2026-09-10,영주(272),X,20.8,20.1,15.8,10.2,81.8,X, ,X,낮음
2026-09-10,문경(273),X,22,21.2,16.6,11.1,80.9,X, ,X,낮음
2026-09-10,청송군(276),X,22.6,22.1,16.9,9.7,81.3,X, ,X,낮음
2026-09-10,영덕(277),X,24,24,19.3,16.2,67.5,X, ,X,낮음
2026-09-10,의성(278),X,23.8,24,18.2,11.3,74.4,X, ,X,낮음
2026-09-10,구미(279),X,25,25.5,19.8,13,64,X, ,X,낮음
2026-09-10,영천(281),X,23.9,24.4,19.2,13.1,67,X, ,X,낮음
2026-09-10,경주시(283),X,23.8,23.9,19.5,13.9,70.1,X, ,X,낮음
2026-09-10,거창(284),X,25.9,26,18.7,11.1,74.1,X, ,X,낮음
2026-09-10,합천(285),X,26,26.7,20.1,13.2,70.5,X, ,X,낮음
2026-09-10,밀양(288),X,26.2,27,22,16.6,56.3,X, ,X,낮음
2026-09-10,산청(289),X,25.9,26.3,19.4,12.6,73.5,X, ,X,낮음
2026-09-10,거제(294),X,26.3,26.3,22,18.6,61.6,X, ,X,낮음
2026-09-10,남해(295),X,25.9,26.3,21.6,18,62.4,X, ,X,낮음
2026-09-10,부천(433),X,21.9,22.6,20,17.3,53,X, ,X,낮음
2026-09-10,안양(434),X,,21.8,19.5,17.5,,X, ,X,낮음
2026-09-10,광명(437),X,22.2,23.1,20.3,18.4,50,X, ,X,낮음
2026-09-10,군포(438),X,21.1,21.8,19.3,17,53,X, ,X,낮음
2026-09-10,김포(441),X,22,21.9,18.3,14.6,68,X, ,X,낮음
2026-09-10,하남(444),X,21.9,21.5,17.9,14.1,70,X, ,X,낮음
2026-09-10,의왕(445),X,21.9,21.2,17.2,13.8,74,X, ,X,낮음
2026-09-10,포천(504),X,21.7,21.7,16.5,11.3,74,X, ,X,낮음
2026-09-10,가평조종(505),X,21.8,21.1,15.8,11.2,82,X, ,X,낮음
2026-09-10,안성(516),X,21.7,20.9,18.2,15.2,67,X, ,X,낮음
2026-09-10,간성(517),X,22,21.7,16.6,12.7,78,X, ,X,낮음
2026-09-10,평창(526),X,20.2,20,14.4,9.5,81,X, ,X,낮음
2026-09-10,의정부(532),X,22.2,22,16.7,12.6,72,X, ,X,낮음
2026-09-10,횡성(536),X,21.2,20.8,16.2,11.7,76,X, ,X,낮음
2026-09-10,고양(540),X,21.9,21.5,16.7,12.2,73,X, ,X,낮음
2026-09-10,남양주(541),X,21.9,22.1,17.7,13.9,70,X, ,X,낮음
2026-09-10,안산(545),X,22.1,21.8,17.5,12.8,70,X, ,X,낮음
2026-09-10,경기광주(546),X,20.8,20.1,16.4,13.1,75,X, ,X,낮음
2026-09-10,여주(548),X,21.4,20.6,16.6,12.6,78,X, ,X,낮음
2026-09-10,용인(549),X,21.4,21.3,18,13.7,66,X, ,X,낮음
2026-09-10,오산(550),X,21.2,21.1,18,13.4,66,X, ,X,낮음
2026-09-10,평택(551),X,21.7,20.8,18.4,16.1,68,X, ,X,낮음
2026-09-10,화천(555),X,21.8,21.6,15.7,11.7,81,X, ,X,낮음
2026-09-10,양구(556),X,20.9,20.8,14.6,10.4,80,X, ,X,낮음
2026-09-10,시흥(565),X,21.5,21.7,17.4,13,68,X, ,X,낮음
2026-09-10,구리(569),X,21.7,21.8,17.6,13.7,66,X, ,X,낮음
2026-09-10,화성(571),X,21.8,22,18.8,16,59,X, ,X,낮음
2026-09-10,성남(572),X,21.6,21.4,17.9,14.8,71,X, ,X,낮음
2026-09-10,과천(590),X,21.7,21.7,17.1,13.1,73,X, ,X,낮음
2026-09-10,양주(598),X,22.3,22.7,17,11.6,72,X, ,X,낮음
2026-09-10,단양(601),X,21.1,19.7,15.4,10.4,85,X, ,X,낮음
2026-09-10,진천(602),X,20.8,20.3,16.7,12.8,78,X, ,X,낮음
2026-09-10,괴산(603),X,21.2,20.7,16.2,11.2,81,X, ,X,낮음
2026-09-10,옥천(604),X,23.2,22.7,18.4,12.7,72,X, ,X,낮음
2026-09-10,홍북(608),X,,,,,,X, ,X,낮음
2026-09-10,공주(612),X,22.1,21.5,17.3,12.8,78,X, ,X,낮음
2026-09-10,서천(614),X,22.7,21.9,18.9,15.6,70,X, ,X,낮음
2026-09-10,논산(615),X,23.5,22.8,19.5,16.3,69,X, ,X,낮음
2026-09-10,당진(616),X,21.1,20.6,18.3,14.6,66,X, ,X,낮음
2026-09-10,청양(618),X,22.1,21.9,17.2,12.3,77,X, ,X,낮음
2026-09-10,음성(619),X,21.3,20.1,16.5,11.8,80,X, ,X,낮음
2026-09-10,증평(623),X,21.6,21.3,18.1,14.8,65,X, ,X,낮음
2026-09-10,태안(627),X,21,20.5,18.4,15.7,67,X, ,X,낮음
2026-09-10,예산(628),X,21.2,20.3,17.9,15.2,71,X, ,X,낮음
2026-09-10,아산(634),X,21.1,20.8,18.6,15.9,62,X, ,X,낮음
2026-09-10,계룡(636),X,22.3,21.6,18.2,15.7,72,X, ,X,낮음
2026-09-10,연천청산(652),X,22.1,22,16.6,12,73,X, ,X,낮음
2026-09-10,양양(670),X,22.1,21.4,16.9,13.1,80,X, ,X,낮음
2026-09-10,무안(699),X,27.4,27.6,21.6,16.7,68,X, ,X,낮음
2026-09-10,무주(701),X,24,24.5,18.8,12.1,68,X, ,X,낮음
2026-09-10,익산(702),X,26.5,25.9,20.2,15.7,71,X, ,X,낮음
2026-09-10,진안(703),X,26,26.1,18.9,12.5,73,X, ,X,낮음
2026-09-10,담양(706),X,27.2,27.5,21.2,14.5,72,X, ,X,낮음
2026-09-10,구례(709),X,28.1,28.5,20.9,13.8,75,X, ,X,낮음
2026-09-10,나주(710),X,26.6,27.3,21,14.9,72,X, ,X,낮음
2026-09-10,순천시(712),X,27.5,27.3,22.1,15.6,70,X, ,X,낮음
2026-09-10,광양읍(713),X,28.5,29,22.2,15.6,66,X, ,X,낮음
2026-09-10,장성(730),X,27.5,28.3,21,14.9,70,X, ,X,낮음
2026-09-10,영암(731),X,27.6,28.4,21.6,15,71,X, ,X,낮음
2026-09-10,보성(732),X,25.2,25.9,19.9,13.5,70,X, ,X,낮음
2026-09-10,완주(734),X,25.7,25.6,19.4,12.7,73,X, ,X,낮음
2026-09-10,김제(737),X,25.4,24.4,19.4,15,77,X, ,X,낮음
2026-09-10,화순(741),X,28.4,29,21.6,14.7,71,X, ,X,낮음
2026-09-10,함평(754),X,26.8,27.1,21.4,16.5,69,X, ,X,낮음
2026-09-10,곡성(768),X,26.8,27.4,20.6,13,74,X, ,X,낮음
2026-09-10,압해도(789),X,26.5,27.7,22.1,16.6,64,X, ,X,낮음
2026-09-10,영양(801),X,22.9,22.4,16.6,9.6,82,X, ,X,낮음
2026-09-10,성주(810),X,25,24.7,19.2,13.2,73,X, ,X,낮음
2026-09-10,고령(812),X,26.3,26.8,19.7,12.4,74,X, ,X,낮음
2026-09-10,청도(813),X,25.3,25.7,19.5,12.6,72,X, ,X,낮음
2026-09-10,예천(815),X,23.3,22.8,17.4,11.9,74,X, ,X,낮음
2026-09-10,김천(822),X,24.3,24.1,18.3,11.2,74,X, ,X,낮음
2026-09-10,군위(823),X,24.6,23.9,18.2,11.1,77,X, ,X,낮음
2026-09-10,군위(823),X,24.6,23.9,18.2,11.1,77,X, ,X,낮음
2026-09-10,군위(823),X,24.6,23.9,18.2,11.1,77,X, ,X,낮음
2026-09-10,군위(823),X,24.6,23.9,18.2,11.1,77,X, ,X,낮음
2026-09-10,군위(823),X,24.6,23.9,18.2,11.1,77,X, ,X,낮음
2026-09-10,군위(823),X,24.6,23.9,18.2,11.1,77,X, ,X,낮음
2026-09-10,군위(823),X,24.6,23.9,18.2,11.1,77,X, ,X,낮음
2026-09-10,군위(823),X,24.6,23.9,18.2,11.1,77,X, ,X,낮음
2026-09-10,군위(823),X,24.6,23.9,18.2,11.1,77,X, ,X,낮음
2026-09-10,군위(823),X,24.6,23.9,18.2,11.1,77,X, ,X,낮음
2026-09-10,군위(823),X,24.6,23.9,18.2,11.1,77,X, ,X,낮음
2026-09-10,군위(823),X,24.6,23.9,18.2,11.1,77,X, ,X,낮음
2026-09-10,군위(823),X,24.6,23.9,18.2,11.1,77,X, ,X,낮음
2026-09-10,군위(823),X,24.6,23.9,18.2,11.1,77,X, ,X,낮음
2026-09-10,군위(823),X,24.6,23.9,18.2,11.1,77,X, ,X,낮음
2026-09-10,군위(823),X,24.6,23.9,18.2,11.1,77,X, ,X,낮음
2026-09-10,군위(823),X,24.6,23.9,18.2,11.1,77,X, ,X,낮음
2026-09-10,군위(823),X,24.6,23.9,18.2,11.1,77,X, ,X,낮음
2026-09-10,군위(823),X,24.6,23.9,18.2,11.1,77,X, ,X,낮음
2026-09-10,군위(823),X,24.6,23.9,18.2,11.1,77,X, ,X,낮음
2026-09-10,군위(823),X,24.6,23.9,18.2,11.1,77,X, ,X,낮음
2026-09-10,군위(823),X,24.6,23.9,18.2,11.1,77,X, ,X,낮음
2026-09-10,군위(823),X,24.6,23.9,18.2,11.1,77,X, ,X,낮음
2026-09-10,군위(823),X,24.6,23.9,18.2,11.1,77,X, ,X,낮음
2026-09-10,군위(823),X,24.6,23.9,18.2,11.1,77,X, ,X,낮음
2026-09-10,군위(823),X,24.6,23.9,18.2,11.1,77,X, ,X,낮음
2026-09-10,군위(823),X,24.6,23.9,18.2,11.1,77,X, ,X,낮음
2026-09-10,군위(823),X,24.6,23.9,18.2,11.1,77,X, ,X,낮음
2026-09-10,군위(823),X,24.6,23.9,18.2,11.1,77,X, ,X,낮음
2026-09-10,군위(823),X,24.6,23.9,18.2,11.1,77,X, ,X,낮음
2026-09-10,군위(823),X,24.6,23.9,18.2,11.1,77,X, ,X,낮음
2026-09-10,군위(823),X,24.6,23.9,18.2,11.1,77,X, ,X,낮음
2026-09-10,칠곡(825),X,25.8,26,20.1,14.5,69,X, ,X,낮음
2026-09-10,경산(827),X,25.3,26,20.3,14.2,63,X, ,X,낮음
2026-09-10,삼척(876),X,22.5,21.4,17.6,14,78,X, ,X,낮음
2026-09-10,속초(90),X,22.1,22.2,17.9,14.2,69.8,X, ,X,낮음
2026-09-10,삼천포(907),X,27.4,27.5,21.3,15.5,62,X, ,X,낮음
2026-09-10,고성(918),X,26.8,27.2,20.7,14.7,71,X, ,X,낮음
2026-09-10,창녕(919),X,26.6,27.4,20.9,14.7,62,X, ,X,낮음
2026-09-10,함안(920),X,27.3,27,19.6,12.3,76,X, ,X,낮음
2026-09-10,북춘천(93),X,21.5,21.5,15.8,11.7,81,X, ,X,낮음
2026-09-10,하동(932),X,27.3,28.3,22.6,15.8,57,X, ,X,낮음
2026-09-10,철원(95),X,21.5,21.4,16.2,11.4,74.6,X, ,X,낮음
2026-09-10,동두천(98),X,21.2,21.3,16.8,12.8,67.8,X, ,X,낮음
2026-09-10,파주(99),X,21.9,21.2,16.4,12.5,77.1,X, ,X,낮음
2026-09-11,북강릉(104),X,24.8,25.1,18.4,12.9,76.6,X, ,X,낮음
2026-09-11,동해(106),X,25.8,25.8,19.3,13.6,75.5,X, ,X,낮음
2026-09-11,서울(108),X,25.2,25.7,20,13.4,62.3,X, ,X,낮음
2026-09-11,인천(112),X,25.5,25.9,20.6,15.3,69.3,X, ,X,낮음
2026-09-11,원주(114),X,25.2,26.4,18.6,11.8,67.3,X, ,X,낮음
2026-09-11,울릉도(115),X,25.7,24.5,21,18.7,73.5,X, ,X,낮음
2026-09-11,수원(119),X,24.9,26,19.8,12.8,63.6,X, ,X,낮음
2026-09-11,영월(121),X,24.1,26.5,17.3,12.8,72.9,X, ,X,낮음
2026-09-11,충주(127),X,24.8,25.8,18.2,11.5,72,X, ,X,낮음
2026-09-11,서산(129),X,24.1,25.2,19.3,13.1,69.1,X, ,X,낮음
2026-09-11,울진(130),X,25,24.2,20,15.1,78.6,X, ,X,낮음
2026-09-11,청주(131),X,24.6,26.7,21.2,15.6,54.9,X, ,X,낮음
2026-09-11,대전(133),X,25.6,26.7,20.8,15.1,65.1,X, ,X,낮음
2026-09-11,추풍령(135),X,25,25.1,18.9,12.8,72.3,X, ,X,낮음
2026-09-11,안동(136),X,25.6,26.8,20.4,13.1,67.6,X, ,X,낮음
2026-09-11,상주(137),X,25.9,27.1,20.2,14,70.4,X, ,X,낮음
2026-09-11,포항(138),X,25.7,25,22.5,20.3,63.4,X, ,X,낮음
2026-09-11,군산(140),X,27.1,27.6,21.3,16,67.4,X, ,X,낮음
2026-09-11,대구(143),X,26.9,28.4,22.7,18.4,59,X, ,X,낮음
2026-09-11,전주(146),X,26.8,27.9,22.3,16.5,62,X, ,X,낮음
2026-09-11,울산(152),X,26,25.6,21.4,18.8,67.6,X, ,X,낮음
2026-09-11,창원(155),X,28.2,28.8,23,19.6,67.6,X, ,X,낮음
2026-09-11,광주(156),X,29,29.6,23.5,19.2,64.6,X, ,X,낮음
2026-09-11,부산(159),X,28.2,28.1,23.6,20.6,64.3,X, ,X,낮음
2026-09-11,통영(162),X,28.6,29,23,19.1,65.9,X, ,X,낮음
2026-09-11,목포(165),X,26.9,26.9,22.4,19.6,68.6,X, ,X,낮음
2026-09-11,여수(168),X,27.4,27.7,23.7,21,61.3,X, ,X,낮음
2026-09-11,흑산도(169),X,27.2,26.6,22.6,20.5,67.6,X, ,X,낮음
2026-09-11,완도(170),X,28.9,29,23.6,19.2,68.6,X, ,X,낮음
2026-09-11,고창(172),X,27.4,27.4,21.2,16.7,79.8,X, ,X,낮음
2026-09-11,제주(184),X,28,28.2,24.8,22.7,61.4,X, ,X,낮음
2026-09-11,진주(192),X,26.8,27.7,21.1,16.5,69.1,X, ,X,낮음
2026-09-11,양평(202),X,25,26.3,18.3,12.2,74.6,X, ,X,낮음
2026-09-11,이천(203),X,26,26.3,18.2,11.6,77.9,X, ,X,낮음
2026-09-11,인제(211),X,24,24.9,16.6,11.2,77,X, ,X,낮음
2026-09-11,홍천(212),X,23.5,24.5,16.7,11.7,77.6,X, ,X,낮음
2026-09-11,태백(216),X,22.7,24.1,15.7,9.4,77.1,X, ,X,낮음
2026-09-11,정선군(217),X,24.7,26.3,17.4,12.3,72.9,X, ,X,낮음
2026-09-11,제천(221),X,24.2,24.9,16.2,8.9,78.6,X, ,X,낮음
2026-09-11,보은(226),X,24.7,26.2,18.7,12.5,74.5,X, ,X,낮음
2026-09-11,천안(232),X,24.8,26.2,18.6,12.2,75.5,X, ,X,낮음
2026-09-11,보령(235),X,25.4,26.8,21,15.4,64.4,X, ,X,낮음
2026-09-11,부여(236),X,26.6,27.5,20.4,15.4,67.3,X, ,X,낮음
2026-09-11,금산(238),X,25.4,26.3,20,14.3,70,X, ,X,낮음
2026-09-11,세종(239),X,25.3,26.3,19.9,15,66.6,X, ,X,낮음
2026-09-11,부안(243),X,26.5,27.6,21.2,15.3,66.1,X, ,X,낮음
2026-09-11,임실(244),X,27,27.8,21,15.8,70.3,X, ,X,낮음
2026-09-11,정읍(245),X,27.3,27.9,21.4,16.6,69.4,X, ,X,낮음
2026-09-11,남원(247),X,28.1,28.8,22.5,17.9,65.9,X, ,X,낮음
2026-09-11,장수(248),X,25.1,26.1,19.4,15,76.1,X, ,X,낮음
2026-09-11,영광군(252),X,26.8,26.7,20.9,16.3,74,X, ,X,낮음
2026-09-11,김해시(253),X,29.1,29.4,23.3,19.4,67.4,X, ,X,낮음
2026-09-11,순창군(254),X,27.3,28.4,21.8,16.7,68.8,X, ,X,낮음
2026-09-11,양산시(257),X,29.4,29.6,23.8,20.5,66.3,X, ,X,낮음
2026-09-11,강진군(259),X,29,29.3,22.8,17.5,75.4,X, ,X,낮음
2026-09-11,장흥(260),X,29.1,29.2,22.6,18,76,X, ,X,낮음
2026-09-11,해남(261),X,29.1,28.9,22.3,16.9,78.1,X, ,X,낮음
2026-09-11,고흥(262),X,28.8,29.5,22.8,17.4,68.9,X, ,X,낮음
2026-09-11,의령군(263),X,27.4,28,21,16.5,73.6,X, ,X,낮음
2026-09-11,함양군(264),X,28.7,29.5,22,16.9,73.9,X, ,X,낮음
2026-09-11,진도군ASOS(268),X,27.1,26.8,21.5,17.1,75.9,X, ,X,낮음
2026-09-11,봉화(271),X,23.9,25.3,17.3,10,75.6,X, ,X,낮음
2026-09-11,영주(272),X,24.7,25.1,18.2,10.9,74.4,X, ,X,낮음
2026-09-11,문경(273),X,26.1,26.3,19.2,12.4,72.9,X, ,X,낮음
2026-09-11,청송군(276),X,26.6,26.7,19.7,13.5,81.1,X, ,X,낮음
2026-09-11,영덕(277),X,25.3,24.8,20,15.2,77.3,X, ,X,낮음
2026-09-11,의성(278),X,25.8,26.5,20.6,14.5,74,X, ,X,낮음
2026-09-11,구미(279),X,26.9,28.2,21.4,16.1,62.6,X, ,X,낮음
2026-09-11,영천(281),X,26.4,27,21,17.2,71.4,X, ,X,낮음
2026-09-11,경주시(283),X,27.5,27.6,21.1,17.4,75.4,X, ,X,낮음
2026-09-11,거창(284),X,27.9,28.8,21.2,16.2,73,X, ,X,낮음
2026-09-11,합천(285),X,27.7,28.5,22,17.6,69.9,X, ,X,낮음
2026-09-11,밀양(288),X,28.2,29.5,23.8,19.3,60.4,X, ,X,낮음
2026-09-11,산청(289),X,27.4,28.2,21.7,17.2,72.4,X, ,X,낮음
2026-09-11,거제(294),X,27.5,27,22.3,18,71.3,X, ,X,낮음
2026-09-11,남해(295),X,27.2,27.7,22.3,18.3,69.3,X, ,X,낮음
2026-09-11,부천(433),X,25.3,27,20.7,14.7,64,X, ,X,낮음
2026-09-11,안양(434),X,,26,20.9,15.3,,X, ,X,낮음
2026-09-11,광명(437),X,25.5,27.5,21.8,16.9,56,X, ,X,낮음
2026-09-11,군포(438),X,25.4,27.2,20.9,15.5,57,X, ,X,낮음
2026-09-11,김포(441),X,26,26,19.3,12.3,78,X, ,X,낮음
2026-09-11,하남(444),X,25.6,26.4,18.3,11.3,74,X, ,X,낮음
2026-09-11,의왕(445),X,25.9,26.7,19.2,11.5,72,X, ,X,낮음
2026-09-11,포천(504),X,26.4,27,17.9,9.1,76,X, ,X,낮음
2026-09-11,가평조종(505),X,24.6,25.4,16.5,8.6,83,X, ,X,낮음
2026-09-11,안성(516),X,26.1,27.8,19.8,13.4,70,X, ,X,낮음
2026-09-11,간성(517),X,23.7,24,18.4,11.9,70,X, ,X,낮음
2026-09-11,평창(526),X,24.5,25.3,16.3,10.3,74,X, ,X,낮음
2026-09-11,의정부(532),X,25,25.6,18.4,11,74,X, ,X,낮음
2026-09-11,횡성(536),X,25,26.5,17.3,10,71,X, ,X,낮음
2026-09-11,고양(540),X,26.2,27.4,18.3,10,76,X, ,X,낮음
2026-09-11,남양주(541),X,26.3,26.9,18.8,11,72,X, ,X,낮음
2026-09-11,안산(545),X,26.2,27.4,18.9,10.1,73,X, ,X,낮음
2026-09-11,경기광주(546),X,24.2,25,18,12,72,X, ,X,낮음
2026-09-11,여주(548),X,25.8,26.5,18.7,12,73,X, ,X,낮음
2026-09-11,용인(549),X,25.8,27,19,12,69,X, ,X,낮음
2026-09-11,오산(550),X,25.9,27.1,19.9,13,67,X, ,X,낮음
2026-09-11,평택(551),X,27.4,28.5,20.5,14.1,72,X, ,X,낮음
2026-09-11,화천(555),X,25.8,25.6,17.4,11.8,81,X, ,X,낮음
2026-09-11,양구(556),X,25,25.9,16.5,10.8,79,X, ,X,낮음
2026-09-11,시흥(565),X,25.2,26.8,18.5,10.4,72,X, ,X,낮음
2026-09-11,구리(569),X,25.7,26.7,18.5,11.6,70,X, ,X,낮음
2026-09-11,화성(571),X,25.3,26.9,20.8,15.3,63,X, ,X,낮음
2026-09-11,성남(572),X,25.2,25.9,18.9,12.1,74,X, ,X,낮음
2026-09-11,과천(590),X,26.1,26.8,18.3,10.8,75,X, ,X,낮음
2026-09-11,양주(598),X,25.5,26.6,17.9,9.4,76,X, ,X,낮음
2026-09-11,단양(601),X,24.6,26.4,17.2,13,78,X, ,X,낮음
2026-09-11,진천(602),X,24.3,25.4,17.8,11,78,X, ,X,낮음
2026-09-11,괴산(603),X,24.6,26.3,17.6,11.4,78,X, ,X,낮음
2026-09-11,옥천(604),X,26.1,26.7,20,13.8,70,X, ,X,낮음
2026-09-11,홍북(608),X,,,,,,X, ,X,낮음
2026-09-11,공주(612),X,25.3,26.7,19.4,13,73,X, ,X,낮음
2026-09-11,서천(614),X,26.4,27.4,20.3,14.5,70,X, ,X,낮음
2026-09-11,논산(615),X,26.5,27.4,20.1,13.4,71,X, ,X,낮음
2026-09-11,당진(616),X,24.7,25.3,19,13.2,73,X, ,X,낮음
2026-09-11,청양(618),X,25,26.2,18.5,11.5,78,X, ,X,낮음
2026-09-11,음성(619),X,25.7,26.2,17.5,10.6,79,X, ,X,낮음
2026-09-11,증평(623),X,24,26.1,19.2,12.5,64,X, ,X,낮음
2026-09-11,태안(627),X,24.5,24.9,19.3,14.5,72,X, ,X,낮음
2026-09-11,예산(628),X,24.5,25.8,19.3,13.1,71,X, ,X,낮음
2026-09-11,아산(634),X,24.6,25.8,19.7,14.2,68,X, ,X,낮음
2026-09-11,계룡(636),X,24.6,25.6,18.8,12,76,X, ,X,낮음
2026-09-11,연천청산(652),X,25.6,26.5,17.6,10,74,X, ,X,낮음
2026-09-11,양양(670),X,24.1,24.2,19,14.1,69,X, ,X,낮음
2026-09-11,무안(699),X,28,28.1,21.5,16.8,75,X, ,X,낮음
2026-09-11,무주(701),X,24.9,25.9,19.7,13.8,69,X, ,X,낮음
2026-09-11,익산(702),X,27,27.5,21.9,16.1,65,X, ,X,낮음
2026-09-11,진안(703),X,26.9,27,19.7,15.3,76,X, ,X,낮음
2026-09-11,담양(706),X,29.3,29.5,22.4,17.3,73,X, ,X,낮음
2026-09-11,구례(709),X,28.9,28.8,22.1,18.1,75,X, ,X,낮음
2026-09-11,나주(710),X,27.5,28.2,21.8,16.9,74,X, ,X,낮음
2026-09-11,순천시(712),X,28.5,27.8,22.9,18.6,77,X, ,X,낮음
2026-09-11,광양읍(713),X,30.4,30.6,23.4,18.8,70,X, ,X,낮음
2026-09-11,장성(730),X,28.9,29.4,21.9,17,71,X, ,X,낮음
2026-09-11,영암(731),X,28.2,28.6,21.8,16.5,78,X, ,X,낮음
2026-09-11,보성(732),X,27,27.4,21.5,17.2,73,X, ,X,낮음
2026-09-11,완주(734),X,27.2,27.7,20.7,14.7,70,X, ,X,낮음
2026-09-11,김제(737),X,27,26.9,21,15.5,73,X, ,X,낮음
2026-09-11,화순(741),X,28.9,29,22.4,17.7,72,X, ,X,낮음
2026-09-11,함평(754),X,28.4,28.6,21.9,16.3,75,X, ,X,낮음
2026-09-11,곡성(768),X,28.8,29.4,21.8,16.7,75,X, ,X,낮음
2026-09-11,압해도(789),X,28.4,28.5,22.4,18.3,69,X, ,X,낮음
2026-09-11,영양(801),X,26.6,27.1,19.6,13.2,81,X, ,X,낮음
2026-09-11,성주(810),X,27,27.1,21.1,16.5,72,X, ,X,낮음
2026-09-11,고령(812),X,28.3,28.8,21.5,16.6,74,X, ,X,낮음
2026-09-11,청도(813),X,27.9,28.8,21.2,16.9,78,X, ,X,낮음
2026-09-11,예천(815),X,27.1,28,20.2,13.4,68,X, ,X,낮음
2026-09-11,김천(822),X,26.7,27.5,20.6,15,73,X, ,X,낮음
2026-09-11,군위(823),X,26.7,27.3,20.4,14.7,79,X, ,X,낮음
2026-09-11,군위(823),X,26.7,27.3,20.4,14.7,79,X, ,X,낮음
2026-09-11,군위(823),X,26.7,27.3,20.4,14.7,79,X, ,X,낮음
2026-09-11,군위(823),X,26.7,27.3,20.4,14.7,79,X, ,X,낮음
2026-09-11,군위(823),X,26.7,27.3,20.4,14.7,79,X, ,X,낮음
2026-09-11,군위(823),X,26.7,27.3,20.4,14.7,79,X, ,X,낮음
2026-09-11,군위(823),X,26.7,27.3,20.4,14.7,79,X, ,X,낮음
2026-09-11,군위(823),X,26.7,27.3,20.4,14.7,79,X, ,X,낮음
2026-09-11,군위(823),X,26.7,27.3,20.4,14.7,79,X, ,X,낮음
2026-09-11,군위(823),X,26.7,27.3,20.4,14.7,79,X, ,X,낮음
2026-09-11,군위(823),X,26.7,27.3,20.4,14.7,79,X, ,X,낮음
2026-09-11,군위(823),X,26.7,27.3,20.4,14.7,79,X, ,X,낮음
2026-09-11,군위(823),X,26.7,27.3,20.4,14.7,79,X, ,X,낮음
2026-09-11,군위(823),X,26.7,27.3,20.4,14.7,79,X, ,X,낮음
2026-09-11,군위(823),X,26.7,27.3,20.4,14.7,79,X, ,X,낮음
2026-09-11,군위(823),X,26.7,27.3,20.4,14.7,79,X, ,X,낮음
2026-09-11,군위(823),X,26.7,27.3,20.4,14.7,79,X, ,X,낮음
2026-09-11,군위(823),X,26.7,27.3,20.4,14.7,79,X, ,X,낮음
2026-09-11,군위(823),X,26.7,27.3,20.4,14.7,79,X, ,X,낮음
2026-09-11,군위(823),X,26.7,27.3,20.4,14.7,79,X, ,X,낮음
2026-09-11,군위(823),X,26.7,27.3,20.4,14.7,79,X, ,X,낮음
2026-09-11,군위(823),X,26.7,27.3,20.4,14.7,79,X, ,X,낮음
2026-09-11,군위(823),X,26.7,27.3,20.4,14.7,79,X, ,X,낮음
2026-09-11,군위(823),X,26.7,27.3,20.4,14.7,79,X, ,X,낮음
2026-09-11,군위(823),X,26.7,27.3,20.4,14.7,79,X, ,X,낮음
2026-09-11,군위(823),X,26.7,27.3,20.4,14.7,79,X, ,X,낮음
2026-09-11,군위(823),X,26.7,27.3,20.4,14.7,79,X, ,X,낮음
2026-09-11,군위(823),X,26.7,27.3,20.4,14.7,79,X, ,X,낮음
2026-09-11,군위(823),X,26.7,27.3,20.4,14.7,79,X, ,X,낮음
2026-09-11,군위(823),X,26.7,27.3,20.4,14.7,79,X, ,X,낮음
2026-09-11,군위(823),X,26.7,27.3,20.4,14.7,79,X, ,X,낮음
2026-09-11,군위(823),X,26.7,27.3,20.4,14.7,79,X, ,X,낮음
2026-09-11,칠곡(825),X,26.5,27.8,21.6,16.8,69,X, ,X,낮음
2026-09-11,경산(827),X,27.5,28.8,22.2,18,65,X, ,X,낮음
2026-09-11,삼척(876),X,25.8,25.7,19.8,15.2,70,X, ,X,낮음
2026-09-11,속초(90),X,24.3,24.8,19.4,13.3,62.3,X, ,X,낮음
2026-09-11,삼천포(907),X,28.4,28.4,22.3,18.1,70,X, ,X,낮음
2026-09-11,고성(918),X,28,28.4,22.4,17.9,72,X, ,X,낮음
2026-09-11,창녕(919),X,28.1,28.9,22.4,18.4,67,X, ,X,낮음
2026-09-11,함안(920),X,28.2,27.9,21.3,17.1,76,X, ,X,낮음
2026-09-11,북춘천(93),X,24.7,24.9,16.8,9.5,81.4,X, ,X,낮음
2026-09-11,하동(932),X,27.9,29.1,22.9,18.5,71,X, ,X,낮음
2026-09-11,철원(95),X,24.9,25.7,17.2,9,76.5,X, ,X,낮음
2026-09-11,동두천(98),X,24.5,25.3,18.3,10.3,68.4,X, ,X,낮음
2026-09-11,파주(99),X,25.2,25.5,17.6,10,80.1,X, ,X,낮음
2026-09-12,북강릉(104),X,25.3,23.6,19.6,15.3,80.9,X, ,X,낮음
2026-09-12,동해(106),X,26.5,25.1,19.6,14.7,78.5,X, ,X,낮음
2026-09-12,서울(108),X,23.9,23.6,20.5,17.1,68.4,X, ,X,낮음
2026-09-12,인천(112),X,24.6,23.6,21.5,19,73.6,X, ,X,낮음
2026-09-12,원주(114),X,23.7,23.3,18.6,13.1,75,X, ,X,낮음
2026-09-12,울릉도(115),X,26.8,25.2,22.3,19.1,79.3,X, ,X,낮음
2026-09-12,수원(119),X,24.4,24.3,20.1,15.7,70.8,X, ,X,낮음
2026-09-12,영월(121),X,25.9,25.5,17.9,11.3,80.6,X, ,X,낮음
2026-09-12,충주(127),X,26.2,26.4,19.5,13.1,77.1,X, ,X,낮음
2026-09-12,서산(129),X,26.1,27.2,21.4,16.1,72.3,X, ,X,낮음
2026-09-12,울진(130),X,26.2,25.2,20.6,16.8,81.5,X, ,X,낮음
2026-09-12,청주(131),X,27.1,29,22.4,17.2,58.5,X, ,X,낮음
2026-09-12,대전(133),X,27.6,29.6,22.3,17,63.8,X, ,X,낮음
2026-09-12,추풍령(135),X,26.3,27,19.5,12.5,70.3,X, ,X,낮음
2026-09-12,안동(136),X,27.4,29.2,22,16.1,68.4,X, ,X,낮음
2026-09-12,상주(137),X,27.5,28.1,20.5,15.1,74.1,X, ,X,낮음
2026-09-12,포항(138),X,26.5,26.1,22.7,18.2,70.8,X, ,X,낮음
2026-09-12,군산(140),X,27.8,28.3,22.3,18.3,73,X, ,X,낮음
2026-09-12,대구(143),X,27.3,29.9,23.2,17.2,62.4,X, ,X,낮음
2026-09-12,전주(146),X,28.8,30.2,23.8,18.1,59.8,X, ,X,낮음
2026-09-12,울산(152),X,26.1,26.4,21.8,16.7,73.4,X, ,X,낮음
2026-09-12,창원(155),X,28.4,29,23.2,18.4,72.9,X, ,X,낮음
2026-09-12,광주(156),X,29.5,30.1,24,17.9,64.3,X, ,X,낮음
2026-09-12,부산(159),X,29,29,24.5,20.5,67.3,X, ,X,낮음
2026-09-12,통영(162),X,29,29.4,23.8,19.2,70.3,X, ,X,낮음
2026-09-12,목포(165),X,27.9,28,23.3,18.6,67.4,X, ,X,낮음
2026-09-12,여수(168),X,28.4,28.5,24.1,20.7,68.8,X, ,X,낮음
2026-09-12,흑산도(169),X,28,27.5,23.3,20,69.5,X, ,X,낮음
2026-09-12,완도(170),X,29.9,30.1,23.7,18,74.3,X, ,X,낮음
2026-09-12,고창(172),X,28.2,29,21.9,15.5,72.8,X, ,X,낮음
2026-09-12,제주(184),X,28.9,28.5,25.2,22.5,66.9,X, ,X,낮음
2026-09-12,진주(192),X,26.9,28.7,20.7,13.5,71.5,X, ,X,낮음
2026-09-12,양평(202),X,23.8,23.1,18.4,14,82.4,X, ,X,낮음
2026-09-12,이천(203),X,24.3,23.3,17.9,13,87,X, ,X,낮음
2026-09-12,인제(211),X,23.2,22.5,17.3,12.8,81.5,X, ,X,낮음
2026-09-12,홍천(212),X,23.4,22.8,17.5,12.6,82.8,X, ,X,낮음
2026-09-12,태백(216),X,23.8,24.1,16.4,9.3,78.1,X, ,X,낮음
2026-09-12,정선군(217),X,23.9,23.2,16.6,11.8,82.1,X, ,X,낮음
2026-09-12,제천(221),X,24.4,24.4,17.1,10.4,82,X, ,X,낮음
2026-09-12,보은(226),X,26.2,27.4,19.8,14.2,75,X, ,X,낮음
2026-09-12,천안(232),X,25.9,27.7,20.1,14.8,77.3,X, ,X,낮음
2026-09-12,보령(235),X,29.7,30.6,22.8,17.8,68.4,X, ,X,낮음
2026-09-12,부여(236),X,26.8,29.5,21.4,16.3,67.5,X, ,X,낮음
2026-09-12,금산(238),X,27.5,29.1,21,14.4,67.5,X, ,X,낮음
2026-09-12,세종(239),X,27.5,28.9,21.4,16.5,68.4,X, ,X,낮음
2026-09-12,부안(243),X,27.4,29.2,22.4,16.4,67,X, ,X,낮음
2026-09-12,임실(244),X,27,28.7,20.9,14.6,71.4,X, ,X,낮음
2026-09-12,정읍(245),X,28.9,30.2,22.5,16,66,X, ,X,낮음
2026-09-12,남원(247),X,29.4,29.7,22.4,15.7,71.1,X, ,X,낮음
2026-09-12,장수(248),X,26.8,27.9,19,13,78.6,X, ,X,낮음
2026-09-12,영광군(252),X,28.1,28.8,21.7,15.6,69.4,X, ,X,낮음
2026-09-12,김해시(253),X,30.1,30.5,23.5,17.5,71.9,X, ,X,낮음
2026-09-12,순창군(254),X,28.4,30.2,21.9,14.9,69.1,X, ,X,낮음
2026-09-12,양산시(257),X,30.5,31.3,23.9,17.5,71.3,X, ,X,낮음
2026-09-12,강진군(259),X,29.5,30.1,23.3,17.3,76.5,X, ,X,낮음
2026-09-12,장흥(260),X,29.2,29.6,22,15.8,77.4,X, ,X,낮음
2026-09-12,해남(261),X,30.2,29.6,22.5,16,80.1,X, ,X,낮음
2026-09-12,고흥(262),X,29.6,30.6,22.5,16,74.1,X, ,X,낮음
2026-09-12,의령군(263),X,28.6,29.4,20.6,13.2,75.3,X, ,X,낮음
2026-09-12,함양군(264),X,28.8,30,21.4,14.5,74.9,X, ,X,낮음
2026-09-12,진도군ASOS(268),X,28.4,28.6,21.5,15.7,76.3,X, ,X,낮음
2026-09-12,봉화(271),X,25.8,26.8,18.7,12.5,73.8,X, ,X,낮음
2026-09-12,영주(272),X,25.7,27.1,19.4,13.9,73.8,X, ,X,낮음
2026-09-12,문경(273),X,26.8,27.6,19.6,14.3,75.4,X, ,X,낮음
2026-09-12,청송군(276),X,28.2,29.6,20.4,14.9,80.6,X, ,X,낮음
2026-09-12,영덕(277),X,26.4,26.1,20.5,16,80.6,X, ,X,낮음
2026-09-12,의성(278),X,28.3,29.6,21.3,15.1,76.8,X, ,X,낮음
2026-09-12,구미(279),X,28.6,30.1,21.8,15.4,63.4,X, ,X,낮음
2026-09-12,영천(281),X,27,29,20.8,14.6,73.4,X, ,X,낮음
2026-09-12,경주시(283),X,28.4,28.4,20.8,14.5,78.1,X, ,X,낮음
2026-09-12,거창(284),X,27.9,28.7,20.5,14.3,72.6,X, ,X,낮음
2026-09-12,합천(285),X,28,29.2,21.5,15.1,72.9,X, ,X,낮음
2026-09-12,밀양(288),X,29.9,31.4,23.6,16.5,68.8,X, ,X,낮음
2026-09-12,산청(289),X,27.7,28.8,20.9,14.3,73.6,X, ,X,낮음
2026-09-12,거제(294),X,27.5,27.6,23.1,18,73.6,X, ,X,낮음
2026-09-12,남해(295),X,27.8,28.3,22.7,18,73.8,X, ,X,낮음
2026-09-12,부천(433),X,24.7,25,21.7,18.1,67,X, ,X,낮음
2026-09-12,안양(434),X,,24.4,21.2,18.3,,X, ,X,낮음
2026-09-12,광명(437),X,25,25.1,22.3,19.4,62,X, ,X,낮음
2026-09-12,군포(438),X,24.3,24.2,20.9,17.6,65,X, ,X,낮음
2026-09-12,김포(441),X,25.4,24,20.2,15.7,84,X, ,X,낮음
2026-09-12,하남(444),X,24.3,23.7,19.3,14.9,81,X, ,X,낮음
2026-09-12,의왕(445),X,25.3,24.1,19.3,14.8,84,X, ,X,낮음
2026-09-12,포천(504),X,24.6,23.6,18.3,12.5,83,X, ,X,낮음
2026-09-12,가평조종(505),X,23.5,22,17.1,11.9,88,X, ,X,낮음
2026-09-12,안성(516),X,26.9,26.3,20.3,15.3,76,X, ,X,낮음
2026-09-12,간성(517),X,25.6,25.4,19.4,13.9,76,X, ,X,낮음
2026-09-12,평창(526),X,23.2,22.5,16.4,10.6,81,X, ,X,낮음
2026-09-12,의정부(532),X,24.3,23.5,19,14.4,81,X, ,X,낮음
2026-09-12,횡성(536),X,23.9,23.9,17.5,11.8,81,X, ,X,낮음
2026-09-12,고양(540),X,25.4,24.6,18.9,14.2,82,X, ,X,낮음
2026-09-12,남양주(541),X,24.5,23.8,19.5,14.5,78,X, ,X,낮음
2026-09-12,안산(545),X,25.5,24.8,18.9,13.7,86,X, ,X,낮음
2026-09-12,경기광주(546),X,23.7,22.3,18,13.4,85,X, ,X,낮음
2026-09-12,여주(548),X,24.3,23.3,18.3,12.9,83,X, ,X,낮음
2026-09-12,용인(549),X,24.7,24.3,18.9,14,79,X, ,X,낮음
2026-09-12,오산(550),X,25.1,24.4,19.2,13.9,80,X, ,X,낮음
2026-09-12,평택(551),X,27.6,27,20.6,15.6,79,X, ,X,낮음
2026-09-12,화천(555),X,24,22.6,17.8,13.7,85,X, ,X,낮음
2026-09-12,양구(556),X,23.7,23.3,17.2,12.7,85,X, ,X,낮음
2026-09-12,시흥(565),X,24.2,23.9,19.1,13.8,83,X, ,X,낮음
2026-09-12,구리(569),X,24.1,23.2,19.1,14.5,77,X, ,X,낮음
2026-09-12,화성(571),X,24.9,24.8,20.5,16.5,74,X, ,X,낮음
2026-09-12,성남(572),X,24.6,23.4,19.5,15.1,85,X, ,X,낮음
2026-09-12,과천(590),X,24.4,23.6,19.1,14,82,X, ,X,낮음
2026-09-12,양주(598),X,24.6,24.2,18.8,13.5,84,X, ,X,낮음
2026-09-12,단양(601),X,25.7,26.4,18.3,12.4,80,X, ,X,낮음
2026-09-12,진천(602),X,26.5,27,18.9,13.8,81,X, ,X,낮음
2026-09-12,괴산(603),X,27.6,28.6,19.2,13.1,78,X, ,X,낮음
2026-09-12,옥천(604),X,27.7,29,20.8,14.7,73,X, ,X,낮음
2026-09-12,홍북(608),X,,,,,,X, ,X,낮음
2026-09-12,공주(612),X,26.6,28.6,21,15.6,73,X, ,X,낮음
2026-09-12,서천(614),X,27.5,28.6,21.1,15.2,78,X, ,X,낮음
2026-09-12,논산(615),X,28.1,29.3,21.3,15.5,69,X, ,X,낮음
2026-09-12,당진(616),X,26,26.3,20.7,15.9,77,X, ,X,낮음
2026-09-12,청양(618),X,27.6,28.9,20.3,15.1,78,X, ,X,낮음
2026-09-12,음성(619),X,27,27,19,12.8,83,X, ,X,낮음
2026-09-12,증평(623),X,26.7,27.9,20.3,14.2,71,X, ,X,낮음
2026-09-12,태안(627),X,26.2,26.9,21.2,15.7,79,X, ,X,낮음
2026-09-12,예산(628),X,26.3,27.1,20.8,16.4,76,X, ,X,낮음
2026-09-12,아산(634),X,25.9,26.5,21.1,16.6,73,X, ,X,낮음
2026-09-12,계룡(636),X,26.7,28.9,19.4,13.4,77,X, ,X,낮음
2026-09-12,연천청산(652),X,24.5,24,18.9,13.4,79,X, ,X,낮음
2026-09-12,양양(670),X,26.2,25.4,19.9,14.7,76,X, ,X,낮음
2026-09-12,무안(699),X,28.6,29.3,21.9,16,72,X, ,X,낮음
2026-09-12,무주(701),X,27.4,29,20.5,14.4,69,X, ,X,낮음
2026-09-12,익산(702),X,28.8,29.5,22,16.1,72,X, ,X,낮음
2026-09-12,진안(703),X,28,28.3,20,13.2,78,X, ,X,낮음
2026-09-12,담양(706),X,29.6,29.8,22.4,15.4,73,X, ,X,낮음
2026-09-12,구례(709),X,29.4,29.9,21.6,16.1,77,X, ,X,낮음
2026-09-12,나주(710),X,28.3,28.9,21.5,15.4,77,X, ,X,낮음
2026-09-12,순천시(712),X,29.2,29.2,22.7,17.3,81,X, ,X,낮음
2026-09-12,광양읍(713),X,30.9,31.7,23.5,16.8,73,X, ,X,낮음
2026-09-12,장성(730),X,29.1,30.7,21.8,15,72,X, ,X,낮음
2026-09-12,영암(731),X,30,30.3,21.8,15.4,80,X, ,X,낮음
2026-09-12,보성(732),X,27.2,28.4,20.7,15.4,76,X, ,X,낮음
2026-09-12,완주(734),X,28.6,29.1,21,15.1,71,X, ,X,낮음
2026-09-12,김제(737),X,28.9,29.1,22.5,17.3,75,X, ,X,낮음
2026-09-12,화순(741),X,29.4,30.2,22.3,15.8,74,X, ,X,낮음
2026-09-12,함평(754),X,29.1,29.8,21.8,14.8,75,X, ,X,낮음
2026-09-12,곡성(768),X,29.5,30.3,21.2,14.6,79,X, ,X,낮음
2026-09-12,압해도(789),X,28.1,28.7,22.6,17.2,67,X, ,X,낮음
2026-09-12,영양(801),X,28.4,29.5,20.1,14.6,80,X, ,X,낮음
2026-09-12,성주(810),X,28.6,29.9,21.6,15.7,71,X, ,X,낮음
2026-09-12,고령(812),X,29.2,30,21.1,14.7,77,X, ,X,낮음
2026-09-12,청도(813),X,28.2,29,21,14.4,79,X, ,X,낮음
2026-09-12,예천(815),X,27.8,29.1,21.2,15.6,70,X, ,X,낮음
2026-09-12,김천(822),X,28.6,29.6,21.1,14.3,72,X, ,X,낮음
2026-09-12,군위(823),X,29.4,29.9,21.2,15.1,78,X, ,X,낮음
2026-09-12,군위(823),X,29.4,29.9,21.2,15.1,78,X, ,X,낮음
2026-09-12,군위(823),X,29.4,29.9,21.2,15.1,78,X, ,X,낮음
2026-09-12,군위(823),X,29.4,29.9,21.2,15.1,78,X, ,X,낮음
2026-09-12,군위(823),X,29.4,29.9,21.2,15.1,78,X, ,X,낮음
2026-09-12,군위(823),X,29.4,29.9,21.2,15.1,78,X, ,X,낮음
2026-09-12,군위(823),X,29.4,29.9,21.2,15.1,78,X, ,X,낮음
2026-09-12,군위(823),X,29.4,29.9,21.2,15.1,78,X, ,X,낮음
2026-09-12,군위(823),X,29.4,29.9,21.2,15.1,78,X, ,X,낮음
2026-09-12,군위(823),X,29.4,29.9,21.2,15.1,78,X, ,X,낮음
2026-09-12,군위(823),X,29.4,29.9,21.2,15.1,78,X, ,X,낮음
2026-09-12,군위(823),X,29.4,29.9,21.2,15.1,78,X, ,X,낮음
2026-09-12,군위(823),X,29.4,29.9,21.2,15.1,78,X, ,X,낮음
2026-09-12,군위(823),X,29.4,29.9,21.2,15.1,78,X, ,X,낮음
2026-09-12,군위(823),X,29.4,29.9,21.2,15.1,78,X, ,X,낮음
2026-09-12,군위(823),X,29.4,29.9,21.2,15.1,78,X, ,X,낮음
2026-09-12,군위(823),X,29.4,29.9,21.2,15.1,78,X, ,X,낮음
2026-09-12,군위(823),X,29.4,29.9,21.2,15.1,78,X, ,X,낮음
2026-09-12,군위(823),X,29.4,29.9,21.2,15.1,78,X, ,X,낮음
2026-09-12,군위(823),X,29.4,29.9,21.2,15.1,78,X, ,X,낮음
2026-09-12,군위(823),X,29.4,29.9,21.2,15.1,78,X, ,X,낮음
2026-09-12,군위(823),X,29.4,29.9,21.2,15.1,78,X, ,X,낮음
2026-09-12,군위(823),X,29.4,29.9,21.2,15.1,78,X, ,X,낮음
2026-09-12,군위(823),X,29.4,29.9,21.2,15.1,78,X, ,X,낮음
2026-09-12,군위(823),X,29.4,29.9,21.2,15.1,78,X, ,X,낮음
2026-09-12,군위(823),X,29.4,29.9,21.2,15.1,78,X, ,X,낮음
2026-09-12,군위(823),X,29.4,29.9,21.2,15.1,78,X, ,X,낮음
2026-09-12,군위(823),X,29.4,29.9,21.2,15.1,78,X, ,X,낮음
2026-09-12,군위(823),X,29.4,29.9,21.2,15.1,78,X, ,X,낮음
2026-09-12,군위(823),X,29.4,29.9,21.2,15.1,78,X, ,X,낮음
2026-09-12,군위(823),X,29.4,29.9,21.2,15.1,78,X, ,X,낮음
2026-09-12,군위(823),X,29.4,29.9,21.2,15.1,78,X, ,X,낮음
2026-09-12,칠곡(825),X,28.5,29.7,22.1,16.2,73,X, ,X,낮음
2026-09-12,경산(827),X,28.1,29.9,22.4,16.1,69,X, ,X,낮음
2026-09-12,삼척(876),X,26.4,25.6,20.7,16.7,73,X, ,X,낮음
2026-09-12,속초(90),X,25.4,24.6,20.7,16.2,69.6,X, ,X,낮음
2026-09-12,삼천포(907),X,28.1,28.5,22.8,17.9,75,X, ,X,낮음
2026-09-12,고성(918),X,28.7,29.1,22.1,15.9,79,X, ,X,낮음
2026-09-12,창녕(919),X,29.3,30.1,22.3,15.4,71,X, ,X,낮음
2026-09-12,함안(920),X,29.2,29.7,21,14,78,X, ,X,낮음
2026-09-12,북춘천(93),X,23.4,22,17.7,11.8,87.5,X, ,X,낮음
2026-09-12,하동(932),X,28.2,30.7,22.7,16.2,71,X, ,X,낮음
2026-09-12,철원(95),X,24.1,23.2,18,12,81.4,X, ,X,낮음
2026-09-12,동두천(98),X,23.9,23.5,19,14.5,75.5,X, ,X,낮음
2026-09-12,파주(99),X,24.2,22.6,18.4,13.3,89.3,X, ,X,낮음
2026-09-13,북강릉(104),X,25.6,24.3,19.9,17.4,80.1,X, ,X,낮음
2026-09-13,동해(106),X,27.3,25.7,20.9,17.7,79,X, ,X,낮음
2026-09-13,서울(108),X,24.7,23.8,21,18.5,71.1,X, ,X,낮음
2026-09-13,인천(112),X,25.5,23.8,22,20.1,78,X, ,X,낮음
2026-09-13,원주(114),X,24.8,24.9,20.1,17.4,75.4,X, ,X,낮음
2026-09-13,울릉도(115),X,29.1,27.4,23.8,20.9,77.1,X, ,X,낮음
2026-09-13,수원(119),X,24.6,23.8,20.9,18.1,76,X, ,X,낮음
2026-09-13,영월(121),X,27.2,27.8,19.8,14.9,77.4,X, ,X,낮음
2026-09-13,충주(127),X,27,27,20.3,15.3,76.5,X, ,X,낮음
2026-09-13,서산(129),X,25.9,25.8,20.9,16.4,78.9,X, ,X,낮음
2026-09-13,울진(130),X,28,27.2,22.3,17.7,76.4,X, ,X,낮음
2026-09-13,청주(131),X,27.6,28.4,23.1,18.5,62.4,X, ,X,낮음
2026-09-13,대전(133),X,27.7,28.4,22.4,16.8,71.3,X, ,X,낮음
2026-09-13,추풍령(135),X,27.1,27.3,20.5,13.3,71.6,X, ,X,낮음
2026-09-13,안동(136),X,27.9,28.8,21.8,15.6,72.1,X, ,X,낮음
2026-09-13,상주(137),X,28.5,29,21.7,15,73.4,X, ,X,낮음
2026-09-13,포항(138),X,29.7,30.8,24.7,19.6,66.8,X, ,X,낮음
2026-09-13,군산(140),X,26.7,26.4,21.5,17,78.1,X, ,X,낮음
2026-09-13,대구(143),X,29.1,31.3,24.2,17.6,62.4,X, ,X,낮음
2026-09-13,전주(146),X,28,28.4,23.4,18.6,62,X, ,X,낮음
2026-09-13,울산(152),X,29.4,29.3,23.8,19,75.4,X, ,X,낮음
2026-09-13,창원(155),X,29.7,29.5,24.5,20.2,76,X, ,X,낮음
2026-09-13,광주(156),X,29.5,30.1,23.6,19,68.1,X, ,X,낮음
2026-09-13,부산(159),X,30,29.4,25.8,22.3,70.4,X, ,X,낮음
2026-09-13,통영(162),X,29.9,29.9,25,21.1,73.4,X, ,X,낮음
2026-09-13,목포(165),X,28,27.6,23.4,19.7,71,X, ,X,낮음
2026-09-13,여수(168),X,29.1,29,25,21.8,70.1,X, ,X,낮음
2026-09-13,흑산도(169),X,28,27.8,23.6,20,64.4,X, ,X,낮음
2026-09-13,완도(170),X,30.1,30.4,24.4,19.5,69.5,X, ,X,낮음
2026-09-13,고창(172),X,28,27.7,21.5,15.9,83,X, ,X,낮음
2026-09-13,제주(184),X,29.7,29.4,25.4,22.4,65.3,X, ,X,낮음
2026-09-13,진주(192),X,28.4,28.4,21.7,15.3,78,X, ,X,낮음
2026-09-13,양평(202),X,24,23.3,19.6,17.4,84.6,X, ,X,낮음
2026-09-13,이천(203),X,25.8,25,20,16.9,87.6,X, ,X,낮음
2026-09-13,인제(211),X,22.9,21.7,17.6,14.8,85.5,X, ,X,낮음
2026-09-13,홍천(212),X,23.9,23,18.6,16,85.6,X, ,X,낮음
2026-09-13,태백(216),X,25.6,26.5,18.2,12.4,75,X, ,X,낮음
2026-09-13,정선군(217),X,26,26.1,19.4,15.3,77.1,X, ,X,낮음
2026-09-13,제천(221),X,26.1,26.2,18.7,13.2,79.3,X, ,X,낮음
2026-09-13,보은(226),X,27.1,27.2,20,13.8,80.5,X, ,X,낮음
2026-09-13,천안(232),X,27.1,27.3,20.4,15.5,80.4,X, ,X,낮음
2026-09-13,보령(235),X,29.1,29.3,22.1,17,73.8,X, ,X,낮음
2026-09-13,부여(236),X,27.5,27.9,20.9,15.2,76.3,X, ,X,낮음
2026-09-13,금산(238),X,27.9,28.4,21,14.2,75.1,X, ,X,낮음
2026-09-13,세종(239),X,28.1,28.4,21.6,16.3,74.9,X, ,X,낮음
2026-09-13,부안(243),X,26.9,27,22,17.7,72.9,X, ,X,낮음
2026-09-13,임실(244),X,27.8,28.3,20.9,14.7,74.1,X, ,X,낮음
2026-09-13,정읍(245),X,28.5,28.9,22.7,17.1,68.1,X, ,X,낮음
2026-09-13,남원(247),X,29.1,29.4,22.1,16.2,74.5,X, ,X,낮음
2026-09-13,장수(248),X,27.2,27.8,19.4,12.7,80.3,X, ,X,낮음
2026-09-13,영광군(252),X,28.3,28.6,22,16.7,74.9,X, ,X,낮음
2026-09-13,김해시(253),X,31.2,31.1,24.7,20.3,74.6,X, ,X,낮음
2026-09-13,순창군(254),X,28,28.6,21.6,15.7,71.9,X, ,X,낮음
2026-09-13,양산시(257),X,32,33,25.3,20.3,73,X, ,X,낮음
2026-09-13,강진군(259),X,30.1,30.5,23.1,17.7,75.6,X, ,X,낮음
2026-09-13,장흥(260),X,29.8,30.6,22.8,16.4,74.3,X, ,X,낮음
2026-09-13,해남(261),X,29.4,29.1,22.4,16.7,78.8,X, ,X,낮음
2026-09-13,고흥(262),X,30,30.6,23.7,17.9,72.8,X, ,X,낮음
2026-09-13,의령군(263),X,29.7,30.2,22.7,15.7,77.6,X, ,X,낮음
2026-09-13,함양군(264),X,29.2,29.9,22.1,13.8,76,X, ,X,낮음
2026-09-13,진도군ASOS(268),X,27.7,27.6,21.6,16.4,76,X, ,X,낮음
2026-09-13,봉화(271),X,27,27.2,18.9,12.3,79,X, ,X,낮음
2026-09-13,영주(272),X,27.2,27.3,20.2,13.6,74.3,X, ,X,낮음
2026-09-13,문경(273),X,28.4,28.3,20.6,14.1,78.3,X, ,X,낮음
2026-09-13,청송군(276),X,28.5,29.2,21,13.8,79.6,X, ,X,낮음
2026-09-13,영덕(277),X,29,29.6,22.3,16.3,75,X, ,X,낮음
2026-09-13,의성(278),X,28.6,29.7,22,14.1,72.8,X, ,X,낮음
2026-09-13,구미(279),X,29.6,30.6,23.1,15.8,65.6,X, ,X,낮음
2026-09-13,영천(281),X,28.9,30.2,22.1,15.2,72.9,X, ,X,낮음
2026-09-13,경주시(283),X,30.3,31.8,23.1,16,74.8,X, ,X,낮음
2026-09-13,거창(284),X,30.3,30.7,21.4,13.1,75.5,X, ,X,낮음
2026-09-13,합천(285),X,30,30.6,23.1,15.6,74.6,X, ,X,낮음
2026-09-13,밀양(288),X,30.4,31.4,24.3,18.2,69.9,X, ,X,낮음
2026-09-13,산청(289),X,29.1,29.2,21.7,14.8,78.4,X, ,X,낮음
2026-09-13,거제(294),X,29.3,28.9,24.3,21.3,75.8,X, ,X,낮음
2026-09-13,남해(295),X,29.4,29.2,23.6,19.5,76.8,X, ,X,낮음
2026-09-13,부천(433),X,25.5,24.9,22.1,19.1,73,X, ,X,낮음
2026-09-13,안양(434),X,,24.3,21.8,19.7,,X, ,X,낮음
2026-09-13,광명(437),X,25.5,25,22.4,20.4,69,X, ,X,낮음
2026-09-13,군포(438),X,24.7,24.3,21.4,19,68,X, ,X,낮음
2026-09-13,김포(441),X,26.2,24.9,20.9,17.2,85,X, ,X,낮음
2026-09-13,하남(444),X,25.2,23.7,20.2,17.5,85,X, ,X,낮음
2026-09-13,의왕(445),X,25.3,23.8,19.8,16.6,84,X, ,X,낮음
2026-09-13,포천(504),X,24.6,23.5,18.9,14.4,84,X, ,X,낮음
2026-09-13,가평조종(505),X,24.5,22.5,18.2,14.5,92,X, ,X,낮음
2026-09-13,안성(516),X,26.3,26.6,21.1,17.6,76,X, ,X,낮음
2026-09-13,간성(517),X,25.1,24.9,20.5,15.9,69,X, ,X,낮음
2026-09-13,평창(526),X,24.7,23.7,18.1,14.1,82,X, ,X,낮음
2026-09-13,의정부(532),X,25.2,24,19.5,16,83,X, ,X,낮음
2026-09-13,횡성(536),X,24.9,24.5,18.7,16.4,83,X, ,X,낮음
2026-09-13,고양(540),X,25.3,24,19.4,15.8,84,X, ,X,낮음
2026-09-13,남양주(541),X,25.3,24.1,20.1,16.8,82,X, ,X,낮음
2026-09-13,안산(545),X,25.9,24.6,19.9,16.1,87,X, ,X,낮음
2026-09-13,경기광주(546),X,24.3,22.7,19.1,16.7,87,X, ,X,낮음
2026-09-13,여주(548),X,25.9,25.1,20,17.2,84,X, ,X,낮음
2026-09-13,용인(549),X,25,24.4,20.1,17.7,81,X, ,X,낮음
2026-09-13,오산(550),X,25.3,24.2,20.2,17.3,83,X, ,X,낮음
2026-09-13,평택(551),X,27.1,26.6,21.4,17.7,82,X, ,X,낮음
2026-09-13,화천(555),X,24,22.7,18.3,14.6,87,X, ,X,낮음
2026-09-13,양구(556),X,23.6,22.1,17.9,15.5,86,X, ,X,낮음
2026-09-13,시흥(565),X,25.2,24.1,19.9,16.3,85,X, ,X,낮음
2026-09-13,구리(569),X,25.1,24.1,20.1,17.1,81,X, ,X,낮음
2026-09-13,화성(571),X,25.4,24.4,21.1,18.4,78,X, ,X,낮음
2026-09-13,성남(572),X,25.1,23.5,20.3,17.9,86,X, ,X,낮음
2026-09-13,과천(590),X,25,24.3,20.1,16.7,84,X, ,X,낮음
2026-09-13,양주(598),X,24.2,23.5,19.6,15.4,84,X, ,X,낮음
2026-09-13,단양(601),X,27,27.4,19.6,14.1,77,X, ,X,낮음
2026-09-13,진천(602),X,27.6,26.7,20.2,15.3,79,X, ,X,낮음
2026-09-13,괴산(603),X,27.2,28,20.3,14.6,76,X, ,X,낮음
2026-09-13,옥천(604),X,28.1,28.7,21.2,14.4,75,X, ,X,낮음
2026-09-13,홍북(608),X,,,,,,X, ,X,낮음
2026-09-13,공주(612),X,28.1,28.7,21.1,15.1,78,X, ,X,낮음
2026-09-13,서천(614),X,26.5,26.6,20.2,15.2,81,X, ,X,낮음
2026-09-13,논산(615),X,28,27.9,20.9,15,75,X, ,X,낮음
2026-09-13,당진(616),X,26.4,25.3,20.7,17.1,82,X, ,X,낮음
2026-09-13,청양(618),X,27.9,28,20.1,13.9,80,X, ,X,낮음
2026-09-13,음성(619),X,26.9,27.2,20,14.9,80,X, ,X,낮음
2026-09-13,증평(623),X,27.4,28.2,21,16,71,X, ,X,낮음
2026-09-13,태안(627),X,26.4,25.6,20.6,16.4,82,X, ,X,낮음
2026-09-13,예산(628),X,26.3,26.6,20.9,16.6,78,X, ,X,낮음
2026-09-13,아산(634),X,25.8,25.3,21.1,16.8,78,X, ,X,낮음
2026-09-13,계룡(636),X,27.3,27.5,19.4,12.7,82,X, ,X,낮음
2026-09-13,연천청산(652),X,24.2,23.5,19.4,14.9,79,X, ,X,낮음
2026-09-13,양양(670),X,25,24.8,20.6,16.6,71,X, ,X,낮음
2026-09-13,무안(699),X,29,29,22.3,16.9,75,X, ,X,낮음
2026-09-13,무주(701),X,27.4,28.2,20.8,13.9,72,X, ,X,낮음
2026-09-13,익산(702),X,28.4,27.9,21.4,16,79,X, ,X,낮음
2026-09-13,진안(703),X,27.2,26.7,20.1,13.2,79,X, ,X,낮음
2026-09-13,담양(706),X,29.2,28.5,22.4,16.2,76,X, ,X,낮음
2026-09-13,구례(709),X,29.1,29,22.3,16.4,76,X, ,X,낮음
2026-09-13,나주(710),X,28.7,29,21.5,16.2,77,X, ,X,낮음
2026-09-13,순천시(712),X,29.8,28.8,23.4,18.4,83,X, ,X,낮음
2026-09-13,광양읍(713),X,31.9,32.2,24.4,18.5,74,X, ,X,낮음
2026-09-13,장성(730),X,29,29.4,21.6,16,74,X, ,X,낮음
2026-09-13,영암(731),X,29,29.3,21.5,15.9,80,X, ,X,낮음
2026-09-13,보성(732),X,27.9,29.2,21.5,15.6,73,X, ,X,낮음
2026-09-13,완주(734),X,28.3,28.2,20.8,15.3,78,X, ,X,낮음
2026-09-13,김제(737),X,28,27.1,22.2,17.4,78,X, ,X,낮음
2026-09-13,화순(741),X,29.8,29.4,22.1,16.2,74,X, ,X,낮음
2026-09-13,함평(754),X,29.1,29.1,21.7,16.2,78,X, ,X,낮음
2026-09-13,곡성(768),X,29.3,29.8,21.8,15.7,79,X, ,X,낮음
2026-09-13,압해도(789),X,28.3,28.6,22.9,18.4,73,X, ,X,낮음
2026-09-13,영양(801),X,28.8,28.6,20.4,14.2,82,X, ,X,낮음
2026-09-13,성주(810),X,29.7,29.5,22.6,15.4,75,X, ,X,낮음
2026-09-13,고령(812),X,30.4,30.4,22,14.4,81,X, ,X,낮음
2026-09-13,청도(813),X,29.1,30.3,22.1,15.2,77,X, ,X,낮음
2026-09-13,예천(815),X,28.5,29.4,21.5,15.1,75,X, ,X,낮음
2026-09-13,김천(822),X,29.7,30.3,22,13.9,75,X, ,X,낮음
2026-09-13,군위(823),X,29.5,29.7,22,14.7,79,X, ,X,낮음
2026-09-13,군위(823),X,29.5,29.7,22,14.7,79,X, ,X,낮음
2026-09-13,군위(823),X,29.5,29.7,22,14.7,79,X, ,X,낮음
2026-09-13,군위(823),X,29.5,29.7,22,14.7,79,X, ,X,낮음
2026-09-13,군위(823),X,29.5,29.7,22,14.7,79,X, ,X,낮음
2026-09-13,군위(823),X,29.5,29.7,22,14.7,79,X, ,X,낮음
2026-09-13,군위(823),X,29.5,29.7,22,14.7,79,X, ,X,낮음
2026-09-13,군위(823),X,29.5,29.7,22,14.7,79,X, ,X,낮음
2026-09-13,군위(823),X,29.5,29.7,22,14.7,79,X, ,X,낮음
2026-09-13,군위(823),X,29.5,29.7,22,14.7,79,X, ,X,낮음
2026-09-13,군위(823),X,29.5,29.7,22,14.7,79,X, ,X,낮음
2026-09-13,군위(823),X,29.5,29.7,22,14.7,79,X, ,X,낮음
2026-09-13,군위(823),X,29.5,29.7,22,14.7,79,X, ,X,낮음
2026-09-13,군위(823),X,29.5,29.7,22,14.7,79,X, ,X,낮음
2026-09-13,군위(823),X,29.5,29.7,22,14.7,79,X, ,X,낮음
2026-09-13,군위(823),X,29.5,29.7,22,14.7,79,X, ,X,낮음
2026-09-13,군위(823),X,29.5,29.7,22,14.7,79,X, ,X,낮음
2026-09-13,군위(823),X,29.5,29.7,22,14.7,79,X, ,X,낮음
2026-09-13,군위(823),X,29.5,29.7,22,14.7,79,X, ,X,낮음
2026-09-13,군위(823),X,29.5,29.7,22,14.7,79,X, ,X,낮음
2026-09-13,군위(823),X,29.5,29.7,22,14.7,79,X, ,X,낮음
2026-09-13,군위(823),X,29.5,29.7,22,14.7,79,X, ,X,낮음
2026-09-13,군위(823),X,29.5,29.7,22,14.7,79,X, ,X,낮음
2026-09-13,군위(823),X,29.5,29.7,22,14.7,79,X, ,X,낮음
2026-09-13,군위(823),X,29.5,29.7,22,14.7,79,X, ,X,낮음
2026-09-13,군위(823),X,29.5,29.7,22,14.7,79,X, ,X,낮음
2026-09-13,군위(823),X,29.5,29.7,22,14.7,79,X, ,X,낮음
2026-09-13,군위(823),X,29.5,29.7,22,14.7,79,X, ,X,낮음
2026-09-13,군위(823),X,29.5,29.7,22,14.7,79,X, ,X,낮음
2026-09-13,군위(823),X,29.5,29.7,22,14.7,79,X, ,X,낮음
2026-09-13,군위(823),X,29.5,29.7,22,14.7,79,X, ,X,낮음
2026-09-13,군위(823),X,29.5,29.7,22,14.7,79,X, ,X,낮음
2026-09-13,칠곡(825),X,29.1,29.6,23.3,16.8,73,X, ,X,낮음
2026-09-13,경산(827),X,29.3,30.6,23.7,17.3,67,X, ,X,낮음
2026-09-13,삼척(876),X,27.8,27.5,22.4,18.7,68,X, ,X,낮음
2026-09-13,속초(90),X,25.3,24.2,21.5,17.9,66.4,X, ,X,낮음
2026-09-13,삼천포(907),X,29.4,29,23.6,19.3,79,X, ,X,낮음
2026-09-13,고성(918),X,29.7,29,23.5,18.3,84,X, ,X,낮음
2026-09-13,창녕(919),X,30,31.1,23.6,16.7,72,X, ,X,낮음
2026-09-13,함안(920),X,30.5,30.8,23.1,15.8,79,X, ,X,낮음
2026-09-13,북춘천(93),X,24,22.3,18.4,15.4,91,X, ,X,낮음
2026-09-13,하동(932),X,29.6,30.6,23.5,17.5,76,X, ,X,낮음
2026-09-13,철원(95),X,23.5,23.5,18.4,13.3,80.3,X, ,X,낮음
2026-09-13,동두천(98),X,23.8,23.2,19.5,15.6,73.4,X, ,X,낮음
2026-09-13,파주(99),X,24.7,23.2,19.4,15.3,88.5,X, ,X,낮음
2026-09-14,북강릉(104),X,25.7,25.1,20.9,17.5,77.8,X, ,X,낮음
2026-09-14,동해(106),X,26.8,26.7,21.5,17.9,70.9,X, ,X,낮음
2026-09-14,서울(108),X,26.1,26.4,21.8,18,61.1,X, ,X,낮음
2026-09-14,인천(112),X,26,26.3,22.5,19.1,62.4,X, ,X,낮음
2026-09-14,원주(114),X,26.1,26,20.2,16.7,74,X, ,X,낮음
2026-09-14,울릉도(115),X,27.6,26.5,23.1,21,74.9,X, ,X,낮음
2026-09-14,수원(119),X,26.1,26.7,21,15.6,70,X, ,X,낮음
2026-09-14,영월(121),X,25.6,26.4,19.1,14.2,77,X, ,X,낮음
2026-09-14,충주(127),X,25.6,25.1,19.5,15.1,79.6,X, ,X,낮음
2026-09-14,서산(129),X,25.8,25.6,19.8,14.1,73.6,X, ,X,낮음
2026-09-14,울진(130),X,26.8,27.3,21.3,16,73.5,X, ,X,낮음
2026-09-14,청주(131),X,26.2,26.2,22.1,18.6,66.4,X, ,X,낮음
2026-09-14,대전(133),X,26.6,25.7,21.3,16.9,75.8,X, ,X,낮음
2026-09-14,추풍령(135),X,25.2,25.4,20.1,16.2,75,X, ,X,낮음
2026-09-14,안동(136),X,26.7,28.6,21.2,15.1,67.9,X, ,X,낮음
2026-09-14,상주(137),X,26.9,27.6,21.4,16.8,72,X, ,X,낮음
2026-09-14,포항(138),X,27,28.6,24.1,21.6,57.5,X, ,X,낮음
2026-09-14,군산(140),X,27.3,26.1,20.7,16.2,80.8,X, ,X,낮음
2026-09-14,대구(143),X,27.5,29.6,24.5,21,52.6,X, ,X,낮음
2026-09-14,전주(146),X,27.5,27.6,22,17.6,70.9,X, ,X,낮음
2026-09-14,울산(152),X,26.2,27.5,23.2,20.8,58,X, ,X,낮음
2026-09-14,창원(155),X,28.5,30.1,24.7,21.2,60.6,X, ,X,낮음
2026-09-14,광주(156),X,28.9,29.7,23,18.3,69.5,X, ,X,낮음
2026-09-14,부산(159),X,30.1,30,25.2,22.3,61.1,X, ,X,낮음
2026-09-14,통영(162),X,28.3,29.8,24.7,20.6,61.9,X, ,X,낮음
2026-09-14,목포(165),X,27.8,27.3,22.9,20,72.5,X, ,X,낮음
2026-09-14,여수(168),X,28.2,29.8,25,21,52.1,X, ,X,낮음
2026-09-14,흑산도(169),X,29.8,28.9,23.4,20.3,71.8,X, ,X,낮음
2026-09-14,완도(170),X,30.4,31.3,24.6,20,63.1,X, ,X,낮음
2026-09-14,고창(172),X,28.1,28.1,20.9,16.4,85.5,X, ,X,낮음
2026-09-14,제주(184),X,29.2,29.4,25.4,22.1,63,X, ,X,낮음
2026-09-14,진주(192),X,27,28.6,21.4,15.9,68,X, ,X,낮음
2026-09-14,양평(202),X,26,26.4,19.8,15.5,80.3,X, ,X,낮음
2026-09-14,이천(203),X,27.6,26.8,20,15.1,82.6,X, ,X,낮음
2026-09-14,인제(211),X,25.5,26.1,19.1,15.4,78.9,X, ,X,낮음
2026-09-14,홍천(212),X,25.8,26.5,19.8,15.7,78.5,X, ,X,낮음
2026-09-14,태백(216),X,23.7,25.2,16.3,10.6,79.6,X, ,X,낮음
2026-09-14,정선군(217),X,25.6,26.2,19.1,14.3,75.3,X, ,X,낮음
2026-09-14,제천(221),X,24.9,24.5,17.6,12.5,83.9,X, ,X,낮음
2026-09-14,보은(226),X,25.8,25.6,19.1,13.7,86.4,X, ,X,낮음
2026-09-14,천안(232),X,26.5,26,19.6,14.8,84.3,X, ,X,낮음
2026-09-14,보령(235),X,27.9,27.1,20.7,15.9,72.9,X, ,X,낮음
2026-09-14,부여(236),X,27.1,26.2,19.7,14.8,82.9,X, ,X,낮음
2026-09-14,금산(238),X,26.3,26.6,20.1,14.5,80.9,X, ,X,낮음
2026-09-14,세종(239),X,26.8,25.9,20,15.5,80.6,X, ,X,낮음
2026-09-14,부안(243),X,27,27,21,16.8,77.3,X, ,X,낮음
2026-09-14,임실(244),X,27.1,27.5,20.9,14.6,74.5,X, ,X,낮음
2026-09-14,정읍(245),X,27.7,27.6,21.6,16.9,75.5,X, ,X,낮음
2026-09-14,남원(247),X,28.5,29.1,21.8,15.5,73.6,X, ,X,낮음
2026-09-14,장수(248),X,25.9,26.7,19,12.2,76.9,X, ,X,낮음
2026-09-14,영광군(252),X,27.9,27.9,21.1,16.6,76.6,X, ,X,낮음
2026-09-14,김해시(253),X,29.5,30.3,24.4,21.1,65.8,X, ,X,낮음
2026-09-14,순창군(254),X,27.8,29.1,21.4,15.2,72.5,X, ,X,낮음
2026-09-14,양산시(257),X,29.7,31.4,25.4,21.1,63,X, ,X,낮음
2026-09-14,강진군(259),X,29.1,29.8,23.4,18.1,68.5,X, ,X,낮음
2026-09-14,장흥(260),X,29,29.9,23.2,16.7,70.1,X, ,X,낮음
2026-09-14,해남(261),X,29.9,29.4,23.1,17.3,76.3,X, ,X,낮음
2026-09-14,고흥(262),X,28.6,30.7,22.6,16.2,66.6,X, ,X,낮음
2026-09-14,의령군(263),X,27.7,28.8,22.1,17.1,72.6,X, ,X,낮음
2026-09-14,함양군(264),X,28.3,30.1,21.7,14.5,73.6,X, ,X,낮음
2026-09-14,진도군ASOS(268),X,27.9,27.5,22.5,17.6,75.1,X, ,X,낮음
2026-09-14,봉화(271),X,25.8,27.5,17.9,11.3,78.9,X, ,X,낮음
2026-09-14,영주(272),X,25.7,26.7,18.7,12.8,75.5,X, ,X,낮음
2026-09-14,문경(273),X,26.8,27.9,20.6,14.8,73.6,X, ,X,낮음
2026-09-14,청송군(276),X,28.2,29.4,21.1,15,76.5,X, ,X,낮음
2026-09-14,영덕(277),X,26,27.4,21.9,18,64.3,X, ,X,낮음
2026-09-14,의성(278),X,27.8,28.7,21.5,16,74.3,X, ,X,낮음
2026-09-14,구미(279),X,27.9,30.2,23.2,18.4,63,X, ,X,낮음
2026-09-14,영천(281),X,26.7,28.9,22.6,18.3,62.3,X, ,X,낮음
2026-09-14,경주시(283),X,27.8,29.2,23.1,18.4,64,X, ,X,낮음
2026-09-14,거창(284),X,28,30,21.5,14.8,70,X, ,X,낮음
2026-09-14,합천(285),X,28.1,30.2,22.8,17.9,70.8,X, ,X,낮음
2026-09-14,밀양(288),X,29.3,31.2,24.8,19,59.3,X, ,X,낮음
2026-09-14,산청(289),X,27.6,29.4,22,16,72.5,X, ,X,낮음
2026-09-14,거제(294),X,27.7,28.7,24,20.6,65.3,X, ,X,낮음
2026-09-14,남해(295),X,27.5,29.3,23.8,19.5,63.1,X, ,X,낮음
2026-09-14,부천(433),X,25.7,28,22.8,19.5,55,X, ,X,낮음
2026-09-14,안양(434),X,,26.9,22.5,19.1,,X, ,X,낮음
2026-09-14,광명(437),X,25.4,27.7,23.3,20.6,54,X, ,X,낮음
2026-09-14,군포(438),X,25.9,27.8,22.5,19.7,56,X, ,X,낮음
2026-09-14,김포(441),X,26.2,26.9,21.7,16.8,69,X, ,X,낮음
2026-09-14,하남(444),X,27.5,27.2,20.8,15.2,75,X, ,X,낮음
2026-09-14,의왕(445),X,27,27.2,20.6,14.9,72,X, ,X,낮음
2026-09-14,포천(504),X,27.4,28.2,19.4,12.9,77,X, ,X,낮음
2026-09-14,가평조종(505),X,25.9,27,19.2,11.9,76,X, ,X,낮음
2026-09-14,안성(516),X,27.2,26.8,20.6,15.3,77,X, ,X,낮음
2026-09-14,간성(517),X,24.7,24.4,21.5,17.5,66,X, ,X,낮음
2026-09-14,평창(526),X,26.5,26,18,13.6,80,X, ,X,낮음
2026-09-14,의정부(532),X,26,27.8,20.4,15,69,X, ,X,낮음
2026-09-14,횡성(536),X,26.4,26.5,19.1,15.5,82,X, ,X,낮음
2026-09-14,고양(540),X,28.2,28.6,20.3,13.5,74,X, ,X,낮음
2026-09-14,남양주(541),X,27.3,28.4,20.7,14.6,71,X, ,X,낮음
2026-09-14,안산(545),X,27.3,27.7,19.5,12.4,80,X, ,X,낮음
2026-09-14,경기광주(546),X,26.4,26.2,19,13.9,80,X, ,X,낮음
2026-09-14,여주(548),X,27,26.4,20.2,16.4,82,X, ,X,낮음
2026-09-14,용인(549),X,27.5,27.8,20.8,15,72,X, ,X,낮음
2026-09-14,오산(550),X,27.4,27.6,20.2,13.9,77,X, ,X,낮음
2026-09-14,평택(551),X,28.7,28,21,16.5,80,X, ,X,낮음
2026-09-14,화천(555),X,27.1,27,19.3,13.6,83,X, ,X,낮음
2026-09-14,양구(556),X,26,26.8,19,14.4,79,X, ,X,낮음
2026-09-14,시흥(565),X,25.9,27,20.2,13.2,74,X, ,X,낮음
2026-09-14,구리(569),X,27.2,27.9,21,15.4,68,X, ,X,낮음
2026-09-14,화성(571),X,26.8,26.5,21.2,17.3,71,X, ,X,낮음
2026-09-14,성남(572),X,26.4,26.6,21,15.5,76,X, ,X,낮음
2026-09-14,과천(590),X,26.3,27.2,20.2,13.5,74,X, ,X,낮음
2026-09-14,양주(598),X,25.7,27.5,20.1,13,71,X, ,X,낮음
2026-09-14,단양(601),X,24.9,25.4,18.5,13.1,79,X, ,X,낮음
2026-09-14,진천(602),X,26.4,26,19.4,14.3,83,X, ,X,낮음
2026-09-14,괴산(603),X,25.6,25.2,18.7,13.6,84,X, ,X,낮음
2026-09-14,옥천(604),X,26.3,26.1,20.3,15,82,X, ,X,낮음
2026-09-14,홍북(608),X,,,,,,X, ,X,낮음
2026-09-14,공주(612),X,26.1,25.1,19.5,15.4,84,X, ,X,낮음
2026-09-14,서천(614),X,26.9,25.3,19.4,14.3,84,X, ,X,낮음
2026-09-14,논산(615),X,27,26.3,20,14.6,81,X, ,X,낮음
2026-09-14,당진(616),X,26.3,25.9,20.6,16.1,76,X, ,X,낮음
2026-09-14,청양(618),X,26.5,25.4,18.3,13.3,85,X, ,X,낮음
2026-09-14,음성(619),X,26.2,25.6,18.9,14.6,87,X, ,X,낮음
2026-09-14,증평(623),X,25.9,25.3,19.6,15.3,80,X, ,X,낮음
2026-09-14,태안(627),X,26.4,24.9,20,14.4,78,X, ,X,낮음
2026-09-14,예산(628),X,26.2,26,19.8,15.1,77,X, ,X,낮음
2026-09-14,아산(634),X,26.3,26.2,20.3,14.6,74,X, ,X,낮음
2026-09-14,계룡(636),X,25.9,25.3,18.7,12.4,89,X, ,X,낮음
2026-09-14,연천청산(652),X,26.3,27.2,19.3,12.4,73,X, ,X,낮음
2026-09-14,양양(670),X,25.1,25.6,21.7,18.5,72,X, ,X,낮음
2026-09-14,무안(699),X,28.6,28.7,21.6,16.9,77,X, ,X,낮음
2026-09-14,무주(701),X,26,26.5,19.7,14.5,77,X, ,X,낮음
2026-09-14,익산(702),X,27.2,26.6,20.8,15,79,X, ,X,낮음
2026-09-14,진안(703),X,27.1,27,19.1,12.7,81,X, ,X,낮음
2026-09-14,담양(706),X,28.9,29.3,22,15.5,75,X, ,X,낮음
2026-09-14,구례(709),X,28.7,29.6,22,15.3,73,X, ,X,낮음
2026-09-14,나주(710),X,28,28.5,21.1,14.8,76,X, ,X,낮음
2026-09-14,순천시(712),X,29.2,29.8,23.7,17.9,70,X, ,X,낮음
2026-09-14,광양읍(713),X,30.8,31.7,23.7,17,69,X, ,X,낮음
2026-09-14,장성(730),X,28.9,29.7,21.6,15.9,75,X, ,X,낮음
2026-09-14,영암(731),X,28.7,29,21.6,15.4,79,X, ,X,낮음
2026-09-14,보성(732),X,27.5,29.1,21.8,15.5,66,X, ,X,낮음
2026-09-14,완주(734),X,27.5,27.7,20.5,14.7,81,X, ,X,낮음
2026-09-14,김제(737),X,28,26.8,21.3,16.8,83,X, ,X,낮음
2026-09-14,화순(741),X,27.8,28.9,21.6,15.1,72,X, ,X,낮음
2026-09-14,함평(754),X,29.3,29.1,21.8,16,76,X, ,X,낮음
2026-09-14,곡성(768),X,29.2,29.7,21.7,14.6,77,X, ,X,낮음
2026-09-14,압해도(789),X,29.5,29.3,22.5,17.6,75,X, ,X,낮음
2026-09-14,영양(801),X,28.6,29.3,20.3,14.8,80,X, ,X,낮음
2026-09-14,성주(810),X,27.8,29,22.8,18.1,68,X, ,X,낮음
2026-09-14,고령(812),X,28.4,29.4,22.5,17,73,X, ,X,낮음
2026-09-14,청도(813),X,27.7,29.2,22.2,16.7,70,X, ,X,낮음
2026-09-14,예천(815),X,27.7,28,20.2,13.7,74,X, ,X,낮음
2026-09-14,김천(822),X,28.5,29.7,22,16.3,72,X, ,X,낮음
2026-09-14,군위(823),X,28.2,29.4,21.6,16.2,77,X, ,X,낮음
2026-09-14,군위(823),X,28.2,29.4,21.6,16.2,77,X, ,X,낮음
2026-09-14,군위(823),X,28.2,29.4,21.6,16.2,77,X, ,X,낮음
2026-09-14,군위(823),X,28.2,29.4,21.6,16.2,77,X, ,X,낮음
2026-09-14,군위(823),X,28.2,29.4,21.6,16.2,77,X, ,X,낮음
2026-09-14,군위(823),X,28.2,29.4,21.6,16.2,77,X, ,X,낮음
2026-09-14,군위(823),X,28.2,29.4,21.6,16.2,77,X, ,X,낮음
2026-09-14,군위(823),X,28.2,29.4,21.6,16.2,77,X, ,X,낮음
2026-09-14,군위(823),X,28.2,29.4,21.6,16.2,77,X, ,X,낮음
2026-09-14,군위(823),X,28.2,29.4,21.6,16.2,77,X, ,X,낮음
2026-09-14,군위(823),X,28.2,29.4,21.6,16.2,77,X, ,X,낮음
2026-09-14,군위(823),X,28.2,29.4,21.6,16.2,77,X, ,X,낮음
2026-09-14,군위(823),X,28.2,29.4,21.6,16.2,77,X, ,X,낮음
2026-09-14,군위(823),X,28.2,29.4,21.6,16.2,77,X, ,X,낮음
2026-09-14,군위(823),X,28.2,29.4,21.6,16.2,77,X, ,X,낮음
2026-09-14,군위(823),X,28.2,29.4,21.6,16.2,77,X, ,X,낮음
2026-09-14,군위(823),X,28.2,29.4,21.6,16.2,77,X, ,X,낮음
2026-09-14,군위(823),X,28.2,29.4,21.6,16.2,77,X, ,X,낮음
2026-09-14,군위(823),X,28.2,29.4,21.6,16.2,77,X, ,X,낮음
2026-09-14,군위(823),X,28.2,29.4,21.6,16.2,77,X, ,X,낮음
2026-09-14,군위(823),X,28.2,29.4,21.6,16.2,77,X, ,X,낮음
2026-09-14,군위(823),X,28.2,29.4,21.6,16.2,77,X, ,X,낮음
2026-09-14,군위(823),X,28.2,29.4,21.6,16.2,77,X, ,X,낮음
2026-09-14,군위(823),X,28.2,29.4,21.6,16.2,77,X, ,X,낮음
2026-09-14,군위(823),X,28.2,29.4,21.6,16.2,77,X, ,X,낮음
2026-09-14,군위(823),X,28.2,29.4,21.6,16.2,77,X, ,X,낮음
2026-09-14,군위(823),X,28.2,29.4,21.6,16.2,77,X, ,X,낮음
2026-09-14,군위(823),X,28.2,29.4,21.6,16.2,77,X, ,X,낮음
2026-09-14,군위(823),X,28.2,29.4,21.6,16.2,77,X, ,X,낮음
2026-09-14,군위(823),X,28.2,29.4,21.6,16.2,77,X, ,X,낮음
2026-09-14,군위(823),X,28.2,29.4,21.6,16.2,77,X, ,X,낮음
2026-09-14,군위(823),X,28.2,29.4,21.6,16.2,77,X, ,X,낮음
2026-09-14,칠곡(825),X,27.5,29.7,23.4,18.6,67,X, ,X,낮음
2026-09-14,경산(827),X,27.9,30.3,23.5,18.2,61,X, ,X,낮음
2026-09-14,삼척(876),X,26.7,27.9,22.2,19.3,65,X, ,X,낮음
2026-09-14,속초(90),X,25.3,25.3,21.7,18.5,69.9,X, ,X,낮음
2026-09-14,삼천포(907),X,28.2,30,24,19.8,65,X, ,X,낮음
2026-09-14,고성(918),X,28.3,29.8,23.4,18.7,71,X, ,X,낮음
2026-09-14,창녕(919),X,27.9,29.3,23.5,18.9,63,X, ,X,낮음
2026-09-14,함안(920),X,28.4,29.2,22.5,16.8,74,X, ,X,낮음
2026-09-14,북춘천(93),X,26.3,26.7,19.5,14.3,81,X, ,X,낮음
2026-09-14,하동(932),X,28.2,30.3,23,17.7,70,X, ,X,낮음
2026-09-14,철원(95),X,25,25.9,19.2,12.8,74.5,X, ,X,낮음
2026-09-14,동두천(98),X,26.5,27.8,20.3,14.3,66.8,X, ,X,낮음
2026-09-14,파주(99),X,25.5,26.4,19.1,12.1,78.9,X, ,X,낮음
2026-09-15,북강릉(104),X,26.7,25.5,20.6,16.2,85.3,X, ,X,낮음
2026-09-15,동해(106),X,27,26.4,21.2,17.8,79.6,X, ,X,낮음
2026-09-15,서울(108),X,24.3,26.7,20.4,14.6,51,X, ,X,낮음
2026-09-15,인천(112),X,24.9,25.8,20.9,16.2,55.4,X, ,X,낮음
2026-09-15,원주(114),X,25.4,26.9,19.5,14.4,65.8,X, ,X,낮음
2026-09-15,울릉도(115),X,26,24.7,21.2,19,71.6,X, ,X,낮음
2026-09-15,수원(119),X,24.5,26.4,19.1,12.4,62.4,X, ,X,낮음
2026-09-15,영월(121),X,27.2,28.6,19,13.1,75.9,X, ,X,낮음
2026-09-15,충주(127),X,26,26.9,19.4,12.8,70.9,X, ,X,낮음
2026-09-15,서산(129),X,23.8,26.1,18.9,12.7,65.9,X, ,X,낮음
2026-09-15,울진(130),X,27,26.1,22.1,18.5,77.1,X, ,X,낮음
2026-09-15,청주(131),X,26.2,27.7,21.5,16.5,54.9,X, ,X,낮음
2026-09-15,대전(133),X,26.7,27.6,20.9,15.6,59.8,X, ,X,낮음
2026-09-15,추풍령(135),X,26,26.6,19.2,13.6,73.5,X, ,X,낮음
2026-09-15,안동(136),X,26.5,28.3,21.3,14.3,69.4,X, ,X,낮음
2026-09-15,상주(137),X,26.9,28.3,20.2,15.1,77.3,X, ,X,낮음
2026-09-15,포항(138),X,27.3,27.2,23.9,20.6,65.3,X, ,X,낮음
2026-09-15,군산(140),X,26.3,26.4,20,14.3,69.9,X, ,X,낮음
2026-09-15,대구(143),X,27.3,29.1,22.5,17.1,64.4,X, ,X,낮음
2026-09-15,전주(146),X,27.2,28.2,22,16.8,65,X, ,X,낮음
2026-09-15,울산(152),X,26.7,26,22.5,19.5,71.6,X, ,X,낮음
2026-09-15,창원(155),X,28.6,29.5,24,19.6,66.9,X, ,X,낮음
2026-09-15,광주(156),X,28.2,28.8,22.6,17.9,62.6,X, ,X,낮음
2026-09-15,부산(159),X,29.8,29.6,24.6,21.8,64.9,X, ,X,낮음
2026-09-15,통영(162),X,29,29.6,23.8,19.8,67.9,X, ,X,낮음
2026-09-15,목포(165),X,26,25.9,21.8,18.5,66.9,X, ,X,낮음
2026-09-15,여수(168),X,28.2,29,24.7,22.2,62.8,X, ,X,낮음
2026-09-15,흑산도(169),X,26,26,21.6,18.9,64.3,X, ,X,낮음
2026-09-15,완도(170),X,28.9,29.2,22.9,17.6,63.6,X, ,X,낮음
2026-09-15,고창(172),X,26.4,27.1,19.9,14.4,78.3,X, ,X,낮음
2026-09-15,제주(184),X,27.6,28.5,24.5,21.6,55.6,X, ,X,낮음
2026-09-15,진주(192),X,27.2,28,20.9,14.6,73.3,X, ,X,낮음
2026-09-15,양평(202),X,24.5,26.8,18.6,12.6,67.1,X, ,X,낮음
2026-09-15,이천(203),X,26,27.9,18.7,12.2,69.8,X, ,X,낮음
2026-09-15,인제(211),X,24.7,25.8,17.6,12.3,73.4,X, ,X,낮음
2026-09-15,홍천(212),X,24.6,26.7,18.2,12.3,71.6,X, ,X,낮음
2026-09-15,태백(216),X,24.3,25.4,16.5,11.2,80.6,X, ,X,낮음
2026-09-15,정선군(217),X,25.2,26.6,18.6,13.1,74.1,X, ,X,낮음
2026-09-15,제천(221),X,25.2,25.6,17.3,10.1,77.3,X, ,X,낮음
2026-09-15,보은(226),X,26.8,26.9,19.1,13.6,77.9,X, ,X,낮음
2026-09-15,천안(232),X,25,26.6,18.4,12.3,73.1,X, ,X,낮음
2026-09-15,보령(235),X,27.6,29.3,20.2,14.1,63.3,X, ,X,낮음
2026-09-15,부여(236),X,26.3,28.1,19.8,12.7,64,X, ,X,낮음
2026-09-15,금산(238),X,26.7,27.5,20.1,14.5,73.5,X, ,X,낮음
2026-09-15,세종(239),X,25.1,26.9,19.4,14.3,63.9,X, ,X,낮음
2026-09-15,부안(243),X,25.8,26.9,20.4,15.3,68.3,X, ,X,낮음
2026-09-15,임실(244),X,26.6,27.1,20.2,15,72.6,X, ,X,낮음
2026-09-15,정읍(245),X,26.4,27.1,20.6,15.7,69,X, ,X,낮음
2026-09-15,남원(247),X,28,28.5,21.5,16.1,72.5,X, ,X,낮음
2026-09-15,장수(248),X,25.8,26.3,18.6,13.6,81,X, ,X,낮음
2026-09-15,영광군(252),X,25.7,26.5,20,14.6,71.6,X, ,X,낮음
2026-09-15,김해시(253),X,29.8,29.8,23.5,19.7,69.4,X, ,X,낮음
2026-09-15,순창군(254),X,27,28.4,20.5,15.4,69.1,X, ,X,낮음
2026-09-15,양산시(257),X,30.1,30.4,24.4,19.3,70.1,X, ,X,낮음
2026-09-15,강진군(259),X,27.9,28.6,22.3,16.9,69.3,X, ,X,낮음
2026-09-15,장흥(260),X,29.1,29.6,22,15.9,71.6,X, ,X,낮음
2026-09-15,해남(261),X,28,28.7,21.5,15.6,72.6,X, ,X,낮음
2026-09-15,고흥(262),X,29.5,30.3,22.2,16.7,74.6,X, ,X,낮음
2026-09-15,의령군(263),X,28.3,29,21.4,14.7,76.8,X, ,X,낮음
2026-09-15,함양군(264),X,28.6,29.9,21.3,15.1,75.9,X, ,X,낮음
2026-09-15,진도군ASOS(268),X,26.2,25.9,20.7,15.2,71.6,X, ,X,낮음
2026-09-15,봉화(271),X,25.2,26.3,18.3,11.5,75.1,X, ,X,낮음
2026-09-15,영주(272),X,26.4,26.7,19.3,13.3,75.3,X, ,X,낮음
2026-09-15,문경(273),X,27.2,27.6,20.1,14.1,74,X, ,X,낮음
2026-09-15,청송군(276),X,27.9,28,19,12.3,84,X, ,X,낮음
2026-09-15,영덕(277),X,26.5,26.2,21,17.1,78.1,X, ,X,낮음
2026-09-15,의성(278),X,27.7,28.8,20.4,13.6,76.4,X, ,X,낮음
2026-09-15,구미(279),X,28.4,29.5,21.6,16,67.5,X, ,X,낮음
2026-09-15,영천(281),X,27.2,27.5,21,14.9,73.5,X, ,X,낮음
2026-09-15,경주시(283),X,27.5,27.3,21.6,17.2,78.1,X, ,X,낮음
2026-09-15,거창(284),X,27.8,28.2,20.2,13.8,76.1,X, ,X,낮음
2026-09-15,합천(285),X,27.9,29,21.9,15.7,74.5,X, ,X,낮음
2026-09-15,밀양(288),X,29.6,30.6,24.1,17.9,67.8,X, ,X,낮음
2026-09-15,산청(289),X,28.3,28.8,21.3,15.4,75.3,X, ,X,낮음
2026-09-15,거제(294),X,28.2,28.7,22.8,18.9,73.8,X, ,X,낮음
2026-09-15,남해(295),X,27.4,28.5,23.3,19.9,68.6,X, ,X,낮음
2026-09-15,부천(433),X,25,28.3,21.2,15.6,52,X, ,X,낮음
2026-09-15,안양(434),X,,26.6,21.2,16,,X, ,X,낮음
2026-09-15,광명(437),X,24.5,27.6,22.1,17.3,48,X, ,X,낮음
2026-09-15,군포(438),X,24.6,27.5,20.9,15.3,49,X, ,X,낮음
2026-09-15,김포(441),X,24.6,26.2,19.4,12.7,65,X, ,X,낮음
2026-09-15,하남(444),X,25.5,27.8,18.6,11.6,64,X, ,X,낮음
2026-09-15,의왕(445),X,24.9,27,18.8,11.6,65,X, ,X,낮음
2026-09-15,포천(504),X,26.7,28.3,17.5,9.1,69,X, ,X,낮음
2026-09-15,가평조종(505),X,24.4,26.4,17,8.9,70,X, ,X,낮음
2026-09-15,안성(516),X,25.7,28.4,19.3,13,71,X, ,X,낮음
2026-09-15,간성(517),X,25.8,24.7,19.7,15.8,82,X, ,X,낮음
2026-09-15,평창(526),X,25.3,26.1,17.6,11.5,75,X, ,X,낮음
2026-09-15,의정부(532),X,25.4,27.4,18.4,11.2,63,X, ,X,낮음
2026-09-15,횡성(536),X,25.2,27.4,18,12,71,X, ,X,낮음
2026-09-15,고양(540),X,25.6,27.9,18.2,10.2,65,X, ,X,낮음
2026-09-15,남양주(541),X,26.2,28,19.1,11.3,63,X, ,X,낮음
2026-09-15,안산(545),X,25.7,27.4,17.3,9.4,76,X, ,X,낮음
2026-09-15,경기광주(546),X,24.7,26.8,17.9,11.3,66,X, ,X,낮음
2026-09-15,여주(548),X,26.5,27.9,19.1,13.6,74,X, ,X,낮음
2026-09-15,용인(549),X,25.2,27.9,19,11.5,62,X, ,X,낮음
2026-09-15,오산(550),X,24.8,27.4,18.7,11.5,69,X, ,X,낮음
2026-09-15,평택(551),X,26.2,27.9,19.4,13,73,X, ,X,낮음
2026-09-15,화천(555),X,25.5,27.2,17.2,12,75,X, ,X,낮음
2026-09-15,양구(556),X,24.6,26.2,17.3,11.1,76,X, ,X,낮음
2026-09-15,시흥(565),X,24.6,26.5,18.2,10.5,69,X, ,X,낮음
2026-09-15,구리(569),X,25.5,27.6,19.1,12.1,59,X, ,X,낮음
2026-09-15,화성(571),X,24.7,26.4,20,13.7,60,X, ,X,낮음
2026-09-15,성남(572),X,24.7,26.8,19,12.8,65,X, ,X,낮음
2026-09-15,과천(590),X,24.5,26.8,17.9,10.7,69,X, ,X,낮음
2026-09-15,양주(598),X,25,27.5,18,9.2,66,X, ,X,낮음
2026-09-15,단양(601),X,26,27.3,18.4,12.7,76,X, ,X,낮음
2026-09-15,진천(602),X,25.6,26.9,18.2,12.1,74,X, ,X,낮음
2026-09-15,괴산(603),X,26,27.3,18.1,11.2,77,X, ,X,낮음
2026-09-15,옥천(604),X,27.2,27.6,19.9,14.5,74,X, ,X,낮음
2026-09-15,홍북(608),X,,,,,,X, ,X,낮음
2026-09-15,공주(612),X,25.9,27.4,18.8,12.4,69,X, ,X,낮음
2026-09-15,서천(614),X,26,26.7,18.7,12.1,76,X, ,X,낮음
2026-09-15,논산(615),X,26.8,27.8,19.5,13.9,70,X, ,X,낮음
2026-09-15,당진(616),X,24.2,25.8,18.7,13.2,67,X, ,X,낮음
2026-09-15,청양(618),X,25.3,27.5,17,10.3,73,X, ,X,낮음
2026-09-15,음성(619),X,25.4,26.9,17.8,10.8,78,X, ,X,낮음
2026-09-15,증평(623),X,25.5,27.6,19.4,13.3,64,X, ,X,낮음
2026-09-15,태안(627),X,23.9,25.4,19.3,12.9,67,X, ,X,낮음
2026-09-15,예산(628),X,24.3,26.7,18.6,12.8,66,X, ,X,낮음
2026-09-15,아산(634),X,24.6,26.4,19,12.7,66,X, ,X,낮음
2026-09-15,계룡(636),X,26.3,27,17.8,11.2,77,X, ,X,낮음
2026-09-15,연천청산(652),X,24.6,26.4,16.9,9.4,69,X, ,X,낮음
2026-09-15,양양(670),X,25.8,24.7,20.5,16.9,79,X, ,X,낮음
2026-09-15,무안(699),X,26.6,27.3,20.4,14.6,71,X, ,X,낮음
2026-09-15,무주(701),X,25.9,27.1,19.5,14.1,72,X, ,X,낮음
2026-09-15,익산(702),X,27.6,27.9,20.7,14.4,71,X, ,X,낮음
2026-09-15,진안(703),X,26.9,27.1,19,13.3,79,X, ,X,낮음
2026-09-15,담양(706),X,28.4,28.7,21.2,15,73,X, ,X,낮음
2026-09-15,구례(709),X,28.7,29,21.8,16.7,76,X, ,X,낮음
2026-09-15,나주(710),X,27.3,27.8,20.1,14,74,X, ,X,낮음
2026-09-15,순천시(712),X,29.6,29.6,23.5,19.5,76,X, ,X,낮음
2026-09-15,광양읍(713),X,30.5,31.2,23.6,18.9,75,X, ,X,낮음
2026-09-15,장성(730),X,27.7,28.8,20.6,14.6,72,X, ,X,낮음
2026-09-15,영암(731),X,28.1,28.7,20.2,14.2,78,X, ,X,낮음
2026-09-15,보성(732),X,26.6,28,20.5,14.8,72,X, ,X,낮음
2026-09-15,완주(734),X,27.9,28.4,20,14.4,75,X, ,X,낮음
2026-09-15,김제(737),X,27.5,27.4,20.8,16.1,75,X, ,X,낮음
2026-09-15,화순(741),X,28.6,28.9,20.8,15.7,74,X, ,X,낮음
2026-09-15,함평(754),X,27.4,28.1,20.4,14,74,X, ,X,낮음
2026-09-15,곡성(768),X,28.7,29.4,21.4,15.5,77,X, ,X,낮음
2026-09-15,압해도(789),X,27.4,27.8,22.1,16.5,68,X, ,X,낮음
2026-09-15,영양(801),X,27.8,27.4,19.4,13.1,85,X, ,X,낮음
2026-09-15,성주(810),X,28,28.7,21.4,15.7,73,X, ,X,낮음
2026-09-15,고령(812),X,29,29.6,20.7,14.6,80,X, ,X,낮음
2026-09-15,청도(813),X,28.3,28.9,21.6,15.2,79,X, ,X,낮음
2026-09-15,예천(815),X,27.6,28.6,20.6,14.3,73,X, ,X,낮음
2026-09-15,김천(822),X,28,29,20.7,14.4,73,X, ,X,낮음
2026-09-15,군위(823),X,28.4,29.2,20.4,14,80,X, ,X,낮음
2026-09-15,군위(823),X,28.4,29.2,20.4,14,80,X, ,X,낮음
2026-09-15,군위(823),X,28.4,29.2,20.4,14,80,X, ,X,낮음
2026-09-15,군위(823),X,28.4,29.2,20.4,14,80,X, ,X,낮음
2026-09-15,군위(823),X,28.4,29.2,20.4,14,80,X, ,X,낮음
2026-09-15,군위(823),X,28.4,29.2,20.4,14,80,X, ,X,낮음
2026-09-15,군위(823),X,28.4,29.2,20.4,14,80,X, ,X,낮음
2026-09-15,군위(823),X,28.4,29.2,20.4,14,80,X, ,X,낮음
2026-09-15,군위(823),X,28.4,29.2,20.4,14,80,X, ,X,낮음
2026-09-15,군위(823),X,28.4,29.2,20.4,14,80,X, ,X,낮음
2026-09-15,군위(823),X,28.4,29.2,20.4,14,80,X, ,X,낮음
2026-09-15,군위(823),X,28.4,29.2,20.4,14,80,X, ,X,낮음
2026-09-15,군위(823),X,28.4,29.2,20.4,14,80,X, ,X,낮음
2026-09-15,군위(823),X,28.4,29.2,20.4,14,80,X, ,X,낮음
2026-09-15,군위(823),X,28.4,29.2,20.4,14,80,X, ,X,낮음
2026-09-15,군위(823),X,28.4,29.2,20.4,14,80,X, ,X,낮음
2026-09-15,군위(823),X,28.4,29.2,20.4,14,80,X, ,X,낮음
2026-09-15,군위(823),X,28.4,29.2,20.4,14,80,X, ,X,낮음
2026-09-15,군위(823),X,28.4,29.2,20.4,14,80,X, ,X,낮음
2026-09-15,군위(823),X,28.4,29.2,20.4,14,80,X, ,X,낮음
2026-09-15,군위(823),X,28.4,29.2,20.4,14,80,X, ,X,낮음
2026-09-15,군위(823),X,28.4,29.2,20.4,14,80,X, ,X,낮음
2026-09-15,군위(823),X,28.4,29.2,20.4,14,80,X, ,X,낮음
2026-09-15,군위(823),X,28.4,29.2,20.4,14,80,X, ,X,낮음
2026-09-15,군위(823),X,28.4,29.2,20.4,14,80,X, ,X,낮음
2026-09-15,군위(823),X,28.4,29.2,20.4,14,80,X, ,X,낮음
2026-09-15,군위(823),X,28.4,29.2,20.4,14,80,X, ,X,낮음
2026-09-15,군위(823),X,28.4,29.2,20.4,14,80,X, ,X,낮음
2026-09-15,군위(823),X,28.4,29.2,20.4,14,80,X, ,X,낮음
2026-09-15,군위(823),X,28.4,29.2,20.4,14,80,X, ,X,낮음
2026-09-15,군위(823),X,28.4,29.2,20.4,14,80,X, ,X,낮음
2026-09-15,군위(823),X,28.4,29.2,20.4,14,80,X, ,X,낮음
2026-09-15,칠곡(825),X,27.5,28.8,21.7,17,76,X, ,X,낮음
2026-09-15,경산(827),X,29,30.5,22.6,16.9,69,X, ,X,낮음
2026-09-15,삼척(876),X,27.2,27.1,21.6,18.3,74,X, ,X,낮음
2026-09-15,속초(90),X,26.3,25.3,20.7,16.5,78.6,X, ,X,낮음
2026-09-15,삼천포(907),X,28.3,29,23.4,18.7,67,X, ,X,낮음
2026-09-15,고성(918),X,28.4,28.7,22.8,17.2,77,X, ,X,낮음
2026-09-15,창녕(919),X,28.7,29.9,22.8,17.1,70,X, ,X,낮음
2026-09-15,함안(920),X,29.2,29.2,21.5,15.5,79,X, ,X,낮음
2026-09-15,북춘천(93),X,24.5,26.5,17.7,11.6,73.6,X, ,X,낮음
2026-09-15,하동(932),X,28.2,29.8,23.4,18.1,71,X, ,X,낮음
2026-09-15,철원(95),X,23.7,25.7,16.7,8.5,68.6,X, ,X,낮음
2026-09-15,동두천(98),X,24.4,26.7,18.3,10.6,58.9,X, ,X,낮음
2026-09-15,파주(99),X,24.8,26.1,17.3,9.6,71.5,X, ,X,낮음
2026-09-16,북강릉(104),X,27.2,25.7,19.8,15,83.1,X, ,X,낮음
2026-09-16,동해(106),X,27.5,26.1,20.1,15.5,76.3,X, ,X,낮음
2026-09-16,서울(108),X,25.5,28.8,21.6,14,48.6,X, ,X,낮음
2026-09-16,인천(112),X,25.7,28,22.5,16.4,49.3,X, ,X,낮음
2026-09-16,원주(114),X,26.6,28.7,19.7,11,62.1,X, ,X,낮음
2026-09-16,울릉도(115),X,25.3,24.2,20.9,18.4,72,X, ,X,낮음
2026-09-16,수원(119),X,25.1,28,20.4,12.3,55,X, ,X,낮음
2026-09-16,영월(121),X,27.7,29.3,18.8,11,71,X, ,X,낮음
2026-09-16,충주(127),X,26.8,28,19.2,11,68.5,X, ,X,낮음
2026-09-16,서산(129),X,26.4,28.6,20.7,11.9,61.9,X, ,X,낮음
2026-09-16,울진(130),X,26.9,25.9,20.5,16.2,75.5,X, ,X,낮음
2026-09-16,청주(131),X,27,29.1,22.6,14.8,51.4,X, ,X,낮음
2026-09-16,대전(133),X,27.7,29.2,21.9,14.8,59.8,X, ,X,낮음
2026-09-16,추풍령(135),X,26,26.2,19.2,12.1,70.3,X, ,X,낮음
2026-09-16,안동(136),X,27.1,28.1,21.3,15.8,66.8,X, ,X,낮음
2026-09-16,상주(137),X,27.4,28,20.6,13.9,69.8,X, ,X,낮음
2026-09-16,포항(138),X,26.1,26.9,23.6,20.2,56.4,X, ,X,낮음
2026-09-16,군산(140),X,28.5,28.9,21.8,14.5,68,X, ,X,낮음
2026-09-16,대구(143),X,26.2,27.7,22.1,17.7,61.4,X, ,X,낮음
2026-09-16,전주(146),X,28.4,29.7,23.2,16.5,58.8,X, ,X,낮음
2026-09-16,울산(152),X,24.9,25.7,21.9,18.2,61.4,X, ,X,낮음
2026-09-16,창원(155),X,27.8,29.2,23.8,20.1,59.1,X, ,X,낮음
2026-09-16,광주(156),X,29.2,29.9,23.8,17.7,62.9,X, ,X,낮음
2026-09-16,부산(159),X,27.3,28.4,24,21.1,56.1,X, ,X,낮음
2026-09-16,통영(162),X,27.8,29.2,24.1,20.9,57.8,X, ,X,낮음
2026-09-16,목포(165),X,28.3,28.4,23.5,18.3,66,X, ,X,낮음
2026-09-16,여수(168),X,27.3,28,24.2,22.2,61,X, ,X,낮음
2026-09-16,흑산도(169),X,27.1,26.9,22.5,19,70.1,X, ,X,낮음
2026-09-16,완도(170),X,30,30.3,23.7,18.1,66.3,X, ,X,낮음
2026-09-16,고창(172),X,28.8,29.7,21.6,15,76.4,X, ,X,낮음
2026-09-16,제주(184),X,27.8,28,24.2,21.8,62.8,X, ,X,낮음
2026-09-16,진주(192),X,26.8,27.8,21,14.7,68.8,X, ,X,낮음
2026-09-16,양평(202),X,25.4,26.8,18.7,10.9,70.5,X, ,X,낮음
2026-09-16,이천(203),X,27,28,18.5,9.8,73.6,X, ,X,낮음
2026-09-16,인제(211),X,25.8,27.5,17.2,11.4,69.5,X, ,X,낮음
2026-09-16,홍천(212),X,25.8,27.9,17.8,9.5,71.6,X, ,X,낮음
2026-09-16,태백(216),X,23.1,23.1,14.9,10,81.3,X, ,X,낮음
2026-09-16,정선군(217),X,26.1,27.5,17.4,11.2,74.1,X, ,X,낮음
2026-09-16,제천(221),X,25.7,26.6,17.3,8.3,72.8,X, ,X,낮음
2026-09-16,보은(226),X,25.5,26.5,19.3,11.5,71,X, ,X,낮음
2026-09-16,천안(232),X,26.3,27.8,19,10.8,74.8,X, ,X,낮음
2026-09-16,보령(235),X,29.4,30.4,21.4,13.3,64.8,X, ,X,낮음
2026-09-16,부여(236),X,28.2,29.2,20.3,12.9,67.8,X, ,X,낮음
2026-09-16,금산(238),X,26.8,28.3,20.2,12.7,68.3,X, ,X,낮음
2026-09-16,세종(239),X,27.2,28.5,20.8,13.5,63.9,X, ,X,낮음
2026-09-16,부안(243),X,28.3,29.1,21.6,14.5,67,X, ,X,낮음
2026-09-16,임실(244),X,27,28,20,13.3,71.9,X, ,X,낮음
2026-09-16,정읍(245),X,28.5,29.4,21.9,14.9,68,X, ,X,낮음
2026-09-16,남원(247),X,27.5,29.3,22.1,15.4,63.8,X, ,X,낮음
2026-09-16,장수(248),X,26.2,27.1,18.1,12.5,77.9,X, ,X,낮음
2026-09-16,영광군(252),X,28,28.7,21.1,14.3,73.9,X, ,X,낮음
2026-09-16,김해시(253),X,28.6,29.4,23.9,20.6,60.5,X, ,X,낮음
2026-09-16,순창군(254),X,27.9,29.8,21.2,14.5,69.8,X, ,X,낮음
2026-09-16,양산시(257),X,28,29.1,24.2,21.4,60.1,X, ,X,낮음
2026-09-16,강진군(259),X,29.4,29.6,22.8,16.2,73,X, ,X,낮음
2026-09-16,장흥(260),X,28.7,28.7,22.1,15.5,75.1,X, ,X,낮음
2026-09-16,해남(261),X,30.2,30.1,22.2,15,79.8,X, ,X,낮음
2026-09-16,고흥(262),X,28.8,29.7,22.5,17.1,71.4,X, ,X,낮음
2026-09-16,의령군(263),X,27.7,28.4,20.9,14.9,76.5,X, ,X,낮음
2026-09-16,함양군(264),X,27.5,29.1,21.4,14.8,72.8,X, ,X,낮음
2026-09-16,진도군ASOS(268),X,28.3,28.2,21.7,15.5,73.9,X, ,X,낮음
2026-09-16,봉화(271),X,24.8,25.7,17.1,11.2,77.5,X, ,X,낮음
2026-09-16,영주(272),X,25.9,26.7,19.1,13.6,75,X, ,X,낮음
2026-09-16,문경(273),X,26.4,27.2,19.3,13,74.4,X, ,X,낮음
2026-09-16,청송군(276),X,26.2,26.4,18.3,12.8,81.4,X, ,X,낮음
2026-09-16,영덕(277),X,25.8,26,20.3,16.3,73.9,X, ,X,낮음
2026-09-16,의성(278),X,27.6,28.8,20,14.3,73.9,X, ,X,낮음
2026-09-16,구미(279),X,28.1,29.5,21.9,15.6,62.9,X, ,X,낮음
2026-09-16,영천(281),X,25.8,26.8,20.3,15,70.9,X, ,X,낮음
2026-09-16,경주시(283),X,27,27.5,20.7,15.4,71.9,X, ,X,낮음
2026-09-16,거창(284),X,26.9,27.5,20.2,14.1,71.8,X, ,X,낮음
2026-09-16,합천(285),X,28,29.2,21.8,16.1,71.5,X, ,X,낮음
2026-09-16,밀양(288),X,28.5,29.7,23.6,17.7,61.6,X, ,X,낮음
2026-09-16,산청(289),X,27,28.4,21.5,15.9,70.3,X, ,X,낮음
2026-09-16,거제(294),X,26.9,27.7,23.2,20.1,62.5,X, ,X,낮음
2026-09-16,남해(295),X,27.5,28.1,23,19.1,69.3,X, ,X,낮음
2026-09-16,부천(433),X,26,30,22.6,15.8,46,X, ,X,낮음
2026-09-16,안양(434),X,,28.3,22.4,16.4,,X, ,X,낮음
2026-09-16,광명(437),X,25.9,29.7,23.5,17.9,44,X, ,X,낮음
2026-09-16,군포(438),X,25.4,28.8,21.8,16,47,X, ,X,낮음
2026-09-16,김포(441),X,26,29.6,20.7,12.9,64,X, ,X,낮음
2026-09-16,하남(444),X,25.6,28.2,19.6,11.2,66,X, ,X,낮음
2026-09-16,의왕(445),X,26.1,28.3,19.7,11.1,65,X, ,X,낮음
2026-09-16,포천(504),X,25.9,28.9,18,8.4,67,X, ,X,낮음
2026-09-16,가평조종(505),X,25.4,27.2,17.1,7.2,72,X, ,X,낮음
2026-09-16,안성(516),X,27.7,29.1,20.7,12,64,X, ,X,낮음
2026-09-16,간성(517),X,25.4,24.4,18.7,12.6,73,X, ,X,낮음
2026-09-16,평창(526),X,26.2,27.6,17.3,9.8,72,X, ,X,낮음
2026-09-16,의정부(532),X,25.6,28.1,19.2,10.8,60,X, ,X,낮음
2026-09-16,횡성(536),X,26.6,28.5,18.4,8.8,68,X, ,X,낮음
2026-09-16,고양(540),X,26.4,30,19.6,10.9,59,X, ,X,낮음
2026-09-16,남양주(541),X,26.4,29,19.7,10.6,61,X, ,X,낮음
2026-09-16,안산(545),X,27.3,29.1,17.9,9.3,73,X, ,X,낮음
2026-09-16,경기광주(546),X,25.7,27.2,18.5,11.5,68,X, ,X,낮음
2026-09-16,여주(548),X,27.3,28.4,19.5,10.7,69,X, ,X,낮음
2026-09-16,용인(549),X,26.1,28.6,19.4,10.6,64,X, ,X,낮음
2026-09-16,오산(550),X,26.3,28.4,19.2,10.8,66,X, ,X,낮음
2026-09-16,평택(551),X,28.5,29.2,21.1,11.9,69,X, ,X,낮음
2026-09-16,화천(555),X,26.2,27.3,17.2,9.8,76,X, ,X,낮음
2026-09-16,양구(556),X,27.1,28.2,16,9.5,74,X, ,X,낮음
2026-09-16,시흥(565),X,26,28.4,19.1,10.7,65,X, ,X,낮음
2026-09-16,구리(569),X,26.1,28.7,20,11.7,61,X, ,X,낮음
2026-09-16,화성(571),X,26.6,29.3,21.3,12.8,56,X, ,X,낮음
2026-09-16,성남(572),X,25.4,27.7,19.6,12,69,X, ,X,낮음
2026-09-16,과천(590),X,25.5,28.1,18.7,10.5,69,X, ,X,낮음
2026-09-16,양주(598),X,26.8,30.2,19,9.5,65,X, ,X,낮음
2026-09-16,단양(601),X,26.7,28,17.8,10.8,78,X, ,X,낮음
2026-09-16,진천(602),X,27.4,28.6,18.5,10.3,75,X, ,X,낮음
2026-09-16,괴산(603),X,26.7,,,,,X, ,X,낮음
2026-09-16,옥천(604),X,26.8,28.2,20,12.6,72,X, ,X,낮음
2026-09-16,홍북(608),X,,,,,,X, ,X,낮음
2026-09-16,공주(612),X,27.4,28.5,19.9,11.6,67,X, ,X,낮음
2026-09-16,서천(614),X,27.7,28.8,20.3,12,73,X, ,X,낮음
2026-09-16,논산(615),X,27.5,29.1,20.8,12.6,67,X, ,X,낮음
2026-09-16,당진(616),X,27.4,29.2,20.2,12.5,69,X, ,X,낮음
2026-09-16,청양(618),X,27.4,28.6,17.8,9.2,77,X, ,X,낮음
2026-09-16,음성(619),X,26.9,27.9,18.2,9.7,78,X, ,X,낮음
2026-09-16,증평(623),X,26.6,28.6,20.5,11.4,62,X, ,X,낮음
2026-09-16,태안(627),X,27,29.3,20.5,11.1,63,X, ,X,낮음
2026-09-16,예산(628),X,26.8,28.3,19.8,11.1,68,X, ,X,낮음
2026-09-16,아산(634),X,28.3,30.2,21.1,12,62,X, ,X,낮음
2026-09-16,계룡(636),X,27,27.8,18.8,10.1,73,X, ,X,낮음
2026-09-16,연천청산(652),X,26.2,29.1,18.1,9.7,66,X, ,X,낮음
2026-09-16,양양(670),X,25.7,24.3,19.8,15,76,X, ,X,낮음
2026-09-16,무안(699),X,28.7,29.2,22,15,74,X, ,X,낮음
2026-09-16,무주(701),X,26.2,27.8,19.5,12.1,67,X, ,X,낮음
2026-09-16,익산(702),X,29.4,29.7,21.9,14,66,X, ,X,낮음
2026-09-16,진안(703),X,27.2,27.5,18.6,11.8,77,X, ,X,낮음
2026-09-16,담양(706),X,29.2,29.6,22.3,15,71,X, ,X,낮음
2026-09-16,구례(709),X,29.1,29.2,21.2,15.5,75,X, ,X,낮음
2026-09-16,나주(710),X,28.3,28.9,21.4,14.6,77,X, ,X,낮음
2026-09-16,순천시(712),X,28.7,28.5,23,18.7,74,X, ,X,낮음
2026-09-16,광양읍(713),X,30,31.3,24.1,19.2,66,X, ,X,낮음
2026-09-16,장성(730),X,29,30.2,21.6,14.2,72,X, ,X,낮음
2026-09-16,영암(731),X,29.4,29.7,21.8,14.6,77,X, ,X,낮음
2026-09-16,보성(732),X,26.9,27.8,20.7,14.7,73,X, ,X,낮음
2026-09-16,완주(734),X,27.9,29.8,21.7,13.5,64,X, ,X,낮음
2026-09-16,김제(737),X,29,29,22.3,15,68,X, ,X,낮음
2026-09-16,화순(741),X,29.7,30.4,21.1,14.9,75,X, ,X,낮음
2026-09-16,함평(754),X,29.1,29.7,21.5,13.7,77,X, ,X,낮음
2026-09-16,곡성(768),X,29.6,30.4,20.7,14.6,78,X, ,X,낮음
2026-09-16,압해도(789),X,29.1,29.7,23.1,17.2,70,X, ,X,낮음
2026-09-16,영양(801),X,26.8,26.6,19,14,81,X, ,X,낮음
2026-09-16,성주(810),X,27.8,28.6,21,15.7,71,X, ,X,낮음
2026-09-16,고령(812),X,28.2,28.9,21.2,14.5,73,X, ,X,낮음
2026-09-16,청도(813),X,27,28,20.6,14,74,X, ,X,낮음
2026-09-16,예천(815),X,28.2,29.1,21,15.1,69,X, ,X,낮음
2026-09-16,김천(822),X,28.2,29.1,20.2,13.7,73,X, ,X,낮음
2026-09-16,군위(823),X,27.9,28.7,20.1,14.2,78,X, ,X,낮음
2026-09-16,군위(823),X,27.9,28.7,20.1,14.2,78,X, ,X,낮음
2026-09-16,군위(823),X,27.9,28.7,20.1,14.2,78,X, ,X,낮음
2026-09-16,군위(823),X,27.9,28.7,20.1,14.2,78,X, ,X,낮음
2026-09-16,군위(823),X,27.9,28.7,20.1,14.2,78,X, ,X,낮음
2026-09-16,군위(823),X,27.9,28.7,20.1,14.2,78,X, ,X,낮음
2026-09-16,군위(823),X,27.9,28.7,20.1,14.2,78,X, ,X,낮음
2026-09-16,군위(823),X,27.9,28.7,20.1,14.2,78,X, ,X,낮음
2026-09-16,군위(823),X,27.9,28.7,20.1,14.2,78,X, ,X,낮음
2026-09-16,군위(823),X,27.9,28.7,20.1,14.2,78,X, ,X,낮음
2026-09-16,군위(823),X,27.9,28.7,20.1,14.2,78,X, ,X,낮음
2026-09-16,군위(823),X,27.9,28.7,20.1,14.2,78,X, ,X,낮음
2026-09-16,군위(823),X,27.9,28.7,20.1,14.2,78,X, ,X,낮음
2026-09-16,군위(823),X,27.9,28.7,20.1,14.2,78,X, ,X,낮음
2026-09-16,군위(823),X,27.9,28.7,20.1,14.2,78,X, ,X,낮음
2026-09-16,군위(823),X,27.9,28.7,20.1,14.2,78,X, ,X,낮음
2026-09-16,군위(823),X,27.9,28.7,20.1,14.2,78,X, ,X,낮음
2026-09-16,군위(823),X,27.9,28.7,20.1,14.2,78,X, ,X,낮음
2026-09-16,군위(823),X,27.9,28.7,20.1,14.2,78,X, ,X,낮음
2026-09-16,군위(823),X,27.9,28.7,20.1,14.2,78,X, ,X,낮음
2026-09-16,군위(823),X,27.9,28.7,20.1,14.2,78,X, ,X,낮음
2026-09-16,군위(823),X,27.9,28.7,20.1,14.2,78,X, ,X,낮음
2026-09-16,군위(823),X,27.9,28.7,20.1,14.2,78,X, ,X,낮음
2026-09-16,군위(823),X,27.9,28.7,20.1,14.2,78,X, ,X,낮음
2026-09-16,군위(823),X,27.9,28.7,20.1,14.2,78,X, ,X,낮음
2026-09-16,군위(823),X,27.9,28.7,20.1,14.2,78,X, ,X,낮음
2026-09-16,군위(823),X,27.9,28.7,20.1,14.2,78,X, ,X,낮음
2026-09-16,군위(823),X,27.9,28.7,20.1,14.2,78,X, ,X,낮음
2026-09-16,군위(823),X,27.9,28.7,20.1,14.2,78,X, ,X,낮음
2026-09-16,군위(823),X,27.9,28.7,20.1,14.2,78,X, ,X,낮음
2026-09-16,군위(823),X,27.9,28.7,20.1,14.2,78,X, ,X,낮음
2026-09-16,군위(823),X,27.9,28.7,20.1,14.2,78,X, ,X,낮음
2026-09-16,칠곡(825),X,27.8,28.7,21.3,16.1,75,X, ,X,낮음
2026-09-16,경산(827),X,27.1,28.7,21.8,16.9,65,X, ,X,낮음
2026-09-16,삼척(876),X,27.6,27.5,20.7,17.2,68,X, ,X,낮음
2026-09-16,속초(90),X,26.2,25.3,19.9,14.9,69,X, ,X,낮음
2026-09-16,삼천포(907),X,28.5,28.9,22.7,18.4,64,X, ,X,낮음
2026-09-16,고성(918),X,27.8,28.5,22.1,16.4,73,X, ,X,낮음
2026-09-16,창녕(919),X,28.2,29.8,22.8,17.1,63,X, ,X,낮음
2026-09-16,함안(920),X,28.8,28.8,21.5,14.7,75,X, ,X,낮음
2026-09-16,북춘천(93),X,25.8,27.5,17.7,8.4,70.5,X, ,X,낮음
2026-09-16,하동(932),X,27.9,29.8,23.1,17.7,67,X, ,X,낮음
2026-09-16,철원(95),X,25.8,28.4,17.8,8,67.8,X, ,X,낮음
2026-09-16,동두천(98),X,25.8,29,19.3,10.3,57.5,X, ,X,낮음
2026-09-16,파주(99),X,25.5,27.3,17.9,10.1,70.5,X, ,X,낮음
2026-09-17,북강릉(104),X,26.5,25.3,20.1,13.8,82.4,X, ,X,낮음
2026-09-17,동해(106),X,27.3,26.6,21.2,14.7,74.6,X, ,X,낮음
2026-09-17,서울(108),X,26.8,27.7,22.8,17.3,52.6,X, ,X,낮음
2026-09-17,인천(112),X,27.4,28.4,23.5,19.2,51.6,X, ,X,낮음
2026-09-17,원주(114),X,26.4,27.7,20.4,13.3,62.5,X, ,X,낮음
2026-09-17,울릉도(115),X,25.9,24.5,22,20.3,77.8,X, ,X,낮음
2026-09-17,수원(119),X,25.3,26.3,22.5,16.9,53.4,X, ,X,낮음
2026-09-17,영월(121),X,27,27.8,18.7,10.7,73.1,X, ,X,낮음
2026-09-17,충주(127),X,25.8,26.8,20,12.3,66.4,X, ,X,낮음
2026-09-17,서산(129),X,25.5,26.3,21.9,16.3,56.6,X, ,X,낮음
2026-09-17,울진(130),X,25.8,25.3,22.1,15.9,69.3,X, ,X,낮음
2026-09-17,청주(131),X,26.1,27.7,23.1,17.8,50.6,X, ,X,낮음
2026-09-17,대전(133),X,26.6,27,22.2,16.5,60.6,X, ,X,낮음
2026-09-17,추풍령(135),X,25.3,25.4,19.1,12,69.1,X, ,X,낮음
2026-09-17,안동(136),X,26.2,26.8,20.4,13.1,67.3,X, ,X,낮음
2026-09-17,상주(137),X,27,27.1,20.3,14,69.6,X, ,X,낮음
2026-09-17,포항(138),X,27,27.1,24.7,23,59.4,X, ,X,낮음
2026-09-17,군산(140),X,27,27,22.5,18,64.5,X, ,X,낮음
2026-09-17,대구(143),X,25.7,27.1,21.9,15.4,59.5,X, ,X,낮음
2026-09-17,전주(146),X,27.8,28.9,23.3,17,55.1,X, ,X,낮음
2026-09-17,울산(152),X,25.3,25.4,22.8,20.1,60.4,X, ,X,낮음
2026-09-17,창원(155),X,27.1,27.9,23.2,18.2,59.1,X, ,X,낮음
2026-09-17,광주(156),X,28.5,29,22.9,17.5,62.3,X, ,X,낮음
2026-09-17,부산(159),X,27.1,27.5,24,20.8,59.5,X, ,X,낮음
2026-09-17,통영(162),X,27.1,27.5,23.6,20.3,58.1,X, ,X,낮음
2026-09-17,목포(165),X,27.4,27.7,23.8,19.6,61.6,X, ,X,낮음
2026-09-17,여수(168),X,26.7,27.1,23.7,21.1,53.9,X, ,X,낮음
2026-09-17,흑산도(169),X,26.8,26.3,22.9,20.6,73.3,X, ,X,낮음
2026-09-17,완도(170),X,28.4,28.5,24,18.6,62.6,X, ,X,낮음
2026-09-17,고창(172),X,27.3,28.1,22.4,16.2,69.6,X, ,X,낮음
2026-09-17,제주(184),X,27.9,27.3,24.5,22.4,68.4,X, ,X,낮음
2026-09-17,진주(192),X,26.6,27.1,20.4,13,65.6,X, ,X,낮음
2026-09-17,양평(202),X,26.2,27.1,20.9,13.8,63.9,X, ,X,낮음
2026-09-17,이천(203),X,27,27.3,20.1,12.8,75.3,X, ,X,낮음
2026-09-17,인제(211),X,24.9,25.9,17.7,10.3,70.6,X, ,X,낮음
2026-09-17,홍천(212),X,26.7,28.2,19.1,11.3,67.6,X, ,X,낮음
2026-09-17,태백(216),X,21.6,20.4,15.6,9.6,86.4,X, ,X,낮음
2026-09-17,정선군(217),X,24.8,24.6,17.5,12.2,77.8,X, ,X,낮음
2026-09-17,제천(221),X,26,26.4,18.4,10.4,72.9,X, ,X,낮음
2026-09-17,보은(226),X,25.1,25.2,19.8,12.1,70,X, ,X,낮음
2026-09-17,천안(232),X,25.6,26.2,20.6,13,68,X, ,X,낮음
2026-09-17,보령(235),X,26.6,27.2,23.9,20,50.9,X, ,X,낮음
2026-09-17,부여(236),X,26,26.1,21.6,15.3,64.5,X, ,X,낮음
2026-09-17,금산(238),X,26.9,28,20.3,12.7,69.5,X, ,X,낮음
2026-09-17,세종(239),X,26.2,27.1,21.7,15.5,60.1,X, ,X,낮음
2026-09-17,부안(243),X,27.3,28.6,23,16.3,58,X, ,X,낮음
2026-09-17,임실(244),X,26.6,28,20.8,12.7,63.9,X, ,X,낮음
2026-09-17,정읍(245),X,27.9,28.9,23.2,16.3,57.1,X, ,X,낮음
2026-09-17,남원(247),X,27.3,27.8,22.5,15.6,60.9,X, ,X,낮음
2026-09-17,장수(248),X,24.9,25.4,18.4,10,73,X, ,X,낮음
2026-09-17,영광군(252),X,27.1,28.4,22.2,16.6,69.4,X, ,X,낮음
2026-09-17,김해시(253),X,28.2,28.5,23.6,19.6,62,X, ,X,낮음
2026-09-17,순창군(254),X,27.7,29.3,22.5,14.1,56.8,X, ,X,낮음
2026-09-17,양산시(257),X,27.4,28,24,20.8,62.4,X, ,X,낮음
2026-09-17,강진군(259),X,28.5,28.7,23.3,16.2,65.9,X, ,X,낮음
2026-09-17,장흥(260),X,27.6,27.6,22.4,15.2,66.8,X, ,X,낮음
2026-09-17,해남(261),X,28.7,28.3,23.3,16.8,69.4,X, ,X,낮음
2026-09-17,고흥(262),X,28.4,29,23.1,16.5,61.9,X, ,X,낮음
2026-09-17,의령군(263),X,27.5,27.9,20.7,12.9,70.9,X, ,X,낮음
2026-09-17,함양군(264),X,27,27.4,19.8,11.7,74.3,X, ,X,낮음
2026-09-17,진도군ASOS(268),X,27.6,27.8,22.5,16.2,71.4,X, ,X,낮음
2026-09-17,봉화(271),X,23.7,24.2,17.6,9.8,75.1,X, ,X,낮음
2026-09-17,영주(272),X,25.5,26,19.1,12.5,76.1,X, ,X,낮음
2026-09-17,문경(273),X,26.2,26.6,19.2,12.5,76.9,X, ,X,낮음
2026-09-17,청송군(276),X,26.2,26.4,20,11.8,74.1,X, ,X,낮음
2026-09-17,영덕(277),X,25.9,25.5,21.8,15.8,68.1,X, ,X,낮음
2026-09-17,의성(278),X,26.7,27.9,20.2,12.8,71.5,X, ,X,낮음
2026-09-17,구미(279),X,26.9,28.6,21.1,14.1,63.8,X, ,X,낮음
2026-09-17,영천(281),X,26,26.5,20.9,14,67,X, ,X,낮음
2026-09-17,경주시(283),X,27,27.5,21.5,14.3,69.8,X, ,X,낮음
2026-09-17,거창(284),X,27.1,27.1,19.8,11.4,71.4,X, ,X,낮음
2026-09-17,합천(285),X,27.6,28.6,21.1,13.4,68.9,X, ,X,낮음
2026-09-17,밀양(288),X,27.8,29.1,23.4,16.7,61,X, ,X,낮음
2026-09-17,산청(289),X,27.1,27.5,20,12.9,72.4,X, ,X,낮음
2026-09-17,거제(294),X,26.8,26.9,23.2,18.4,63.8,X, ,X,낮음
2026-09-17,남해(295),X,27.5,27.9,22.8,17.6,60.8,X, ,X,낮음
2026-09-17,부천(433),X,27.5,29.2,23.5,18.5,51,X, ,X,낮음
2026-09-17,안양(434),X,,27.2,23.3,19,,X, ,X,낮음
2026-09-17,광명(437),X,26.7,28.3,24.1,20.1,49,X, ,X,낮음
2026-09-17,군포(438),X,25.8,27.2,22.9,18,51,X, ,X,낮음
2026-09-17,김포(441),X,27.7,28.5,22,15.6,65,X, ,X,낮음
2026-09-17,하남(444),X,26.9,27.3,21.6,14.4,67,X, ,X,낮음
2026-09-17,의왕(445),X,27,27.4,21.3,16.3,67,X, ,X,낮음
2026-09-17,포천(504),X,27.6,28.7,20.2,10.5,66,X, ,X,낮음
2026-09-17,가평조종(505),X,26.6,27.2,19.5,9.9,69,X, ,X,낮음
2026-09-17,안성(516),X,27.3,28.1,21.2,15.5,68,X, ,X,낮음
2026-09-17,간성(517),X,25.4,24.7,19.4,13.5,77,X, ,X,낮음
2026-09-17,평창(526),X,24.9,25.2,17.3,10.7,74,X, ,X,낮음
2026-09-17,의정부(532),X,27,27.5,20.9,13.2,63,X, ,X,낮음
2026-09-17,횡성(536),X,27,28.6,19.8,11.6,65,X, ,X,낮음
2026-09-17,고양(540),X,27.1,28.5,21.5,13.9,62,X, ,X,낮음
2026-09-17,남양주(541),X,27.3,28.1,21.7,13.5,61,X, ,X,낮음
2026-09-17,안산(545),X,27,28.1,20,13,74,X, ,X,낮음
2026-09-17,경기광주(546),X,25.7,26.2,20.3,14.2,67,X, ,X,낮음
2026-09-17,여주(548),X,26.7,27,20.3,13.5,69,X, ,X,낮음
2026-09-17,용인(549),X,26.3,27.2,21.1,13.5,65,X, ,X,낮음
2026-09-17,오산(550),X,26.1,26.3,20.9,13.9,65,X, ,X,낮음
2026-09-17,평택(551),X,27,27.1,22.2,17.4,65,X, ,X,낮음
2026-09-17,화천(555),X,26,27.3,18.7,11.5,73,X, ,X,낮음
2026-09-17,양구(556),X,25.8,27,17.2,9.5,75,X, ,X,낮음
2026-09-17,시흥(565),X,26.8,27.8,21.2,13.5,65,X, ,X,낮음
2026-09-17,구리(569),X,27.5,27.9,21.6,15.8,61,X, ,X,낮음
2026-09-17,화성(571),X,26.8,27.9,22.9,18,55,X, ,X,낮음
2026-09-17,성남(572),X,26.9,27.6,21.4,14.9,68,X, ,X,낮음
2026-09-17,과천(590),X,26.6,27.2,20.6,13.5,71,X, ,X,낮음
2026-09-17,양주(598),X,28.7,30.5,20.6,11.4,63,X, ,X,낮음
2026-09-17,단양(601),X,25.1,26.5,18.1,11.1,75,X, ,X,낮음
2026-09-17,진천(602),X,26.5,26.8,19.2,12.2,78,X, ,X,낮음
2026-09-17,괴산(603),X,26,26.8,18.6,11,75,X, ,X,낮음
2026-09-17,옥천(604),X,26.3,26.8,20.7,13.1,67,X, ,X,낮음
2026-09-17,홍북(608),X,,,,,,X, ,X,낮음
2026-09-17,공주(612),X,26.1,26.8,20.9,13.2,65,X, ,X,낮음
2026-09-17,서천(614),X,26.4,26.8,21.7,14.8,65,X, ,X,낮음
2026-09-17,논산(615),X,26.1,26.6,22.1,15.5,62,X, ,X,낮음
2026-09-17,당진(616),X,25.8,25.8,21,15.5,66,X, ,X,낮음
2026-09-17,청양(618),X,26.1,26.3,20.3,11.9,71,X, ,X,낮음
2026-09-17,음성(619),X,26.1,26.2,18.6,11,78,X, ,X,낮음
2026-09-17,증평(623),X,25.5,26.2,21,15.4,63,X, ,X,낮음
2026-09-17,태안(627),X,26.2,26.9,22.1,14.4,61,X, ,X,낮음
2026-09-17,예산(628),X,25.8,26.5,21.8,14.7,60,X, ,X,낮음
2026-09-17,아산(634),X,26.7,27.6,22.9,16.9,51,X, ,X,낮음
2026-09-17,계룡(636),X,26,26,20.8,14,66,X, ,X,낮음
2026-09-17,연천청산(652),X,26.8,27.9,19.5,10.7,69,X, ,X,낮음
2026-09-17,양양(670),X,25.6,24.6,19.6,14.5,79,X, ,X,낮음
2026-09-17,무안(699),X,27.7,28.1,22.6,17.2,69,X, ,X,낮음
2026-09-17,무주(701),X,25.3,26.2,19.7,11.9,64,X, ,X,낮음
2026-09-17,익산(702),X,28,28.1,22.2,13.1,66,X, ,X,낮음
2026-09-17,진안(703),X,27,27,19.8,12.5,69,X, ,X,낮음
2026-09-17,담양(706),X,28,28.7,22.3,14.4,66,X, ,X,낮음
2026-09-17,구례(709),X,28.2,28.3,20.3,13.1,73,X, ,X,낮음
2026-09-17,나주(710),X,27.7,28.2,21.5,15.4,76,X, ,X,낮음
2026-09-17,순천시(712),X,27.9,27.6,22.5,15.1,68,X, ,X,낮음
2026-09-17,광양읍(713),X,29.4,29.8,23.5,16,61,X, ,X,낮음
2026-09-17,장성(730),X,27.8,28.7,21.7,14.8,71,X, ,X,낮음
2026-09-17,영암(731),X,28.4,28.6,22.6,14.6,68,X, ,X,낮음
2026-09-17,보성(732),X,26.5,27.1,21.2,13,63,X, ,X,낮음
2026-09-17,완주(734),X,27.6,28.3,22.1,12.9,61,X, ,X,낮음
2026-09-17,김제(737),X,28.4,28.2,22.4,16.3,67,X, ,X,낮음
2026-09-17,화순(741),X,28.2,28.7,21.7,14.3,72,X, ,X,낮음
2026-09-17,함평(754),X,28.2,28.7,22.3,17,71,X, ,X,낮음
2026-09-17,곡성(768),X,28.1,28.8,20.6,12.7,74,X, ,X,낮음
2026-09-17,압해도(789),X,27.7,28.1,23.5,17.2,67,X, ,X,낮음
2026-09-17,영양(801),X,26.2,26.1,19.2,12.9,79,X, ,X,낮음
2026-09-17,성주(810),X,26.5,27.2,20.5,13.5,71,X, ,X,낮음
2026-09-17,고령(812),X,28,28.9,21.2,12.7,71,X, ,X,낮음
2026-09-17,청도(813),X,26.5,27.1,20.4,12.4,71,X, ,X,낮음
2026-09-17,예천(815),X,27,27.8,20.5,14.3,70,X, ,X,낮음
2026-09-17,김천(822),X,27.4,28.5,19.7,11.7,72,X, ,X,낮음
2026-09-17,군위(823),X,27.3,28.3,20.1,12.7,75,X, ,X,낮음
2026-09-17,군위(823),X,27.3,28.3,20.1,12.7,75,X, ,X,낮음
2026-09-17,군위(823),X,27.3,28.3,20.1,12.7,75,X, ,X,낮음
2026-09-17,군위(823),X,27.3,28.3,20.1,12.7,75,X, ,X,낮음
2026-09-17,군위(823),X,27.3,28.3,20.1,12.7,75,X, ,X,낮음
2026-09-17,군위(823),X,27.3,28.3,20.1,12.7,75,X, ,X,낮음
2026-09-17,군위(823),X,27.3,28.3,20.1,12.7,75,X, ,X,낮음
2026-09-17,군위(823),X,27.3,28.3,20.1,12.7,75,X, ,X,낮음
2026-09-17,군위(823),X,27.3,28.3,20.1,12.7,75,X, ,X,낮음
2026-09-17,군위(823),X,27.3,28.3,20.1,12.7,75,X, ,X,낮음
2026-09-17,군위(823),X,27.3,28.3,20.1,12.7,75,X, ,X,낮음
2026-09-17,군위(823),X,27.3,28.3,20.1,12.7,75,X, ,X,낮음
2026-09-17,군위(823),X,27.3,28.3,20.1,12.7,75,X, ,X,낮음
2026-09-17,군위(823),X,27.3,28.3,20.1,12.7,75,X, ,X,낮음
2026-09-17,군위(823),X,27.3,28.3,20.1,12.7,75,X, ,X,낮음
2026-09-17,군위(823),X,27.3,28.3,20.1,12.7,75,X, ,X,낮음
2026-09-17,군위(823),X,27.3,28.3,20.1,12.7,75,X, ,X,낮음
2026-09-17,군위(823),X,27.3,28.3,20.1,12.7,75,X, ,X,낮음
2026-09-17,군위(823),X,27.3,28.3,20.1,12.7,75,X, ,X,낮음
2026-09-17,군위(823),X,27.3,28.3,20.1,12.7,75,X, ,X,낮음
2026-09-17,군위(823),X,27.3,28.3,20.1,12.7,75,X, ,X,낮음
2026-09-17,군위(823),X,27.3,28.3,20.1,12.7,75,X, ,X,낮음
2026-09-17,군위(823),X,27.3,28.3,20.1,12.7,75,X, ,X,낮음
2026-09-17,군위(823),X,27.3,28.3,20.1,12.7,75,X, ,X,낮음
2026-09-17,군위(823),X,27.3,28.3,20.1,12.7,75,X, ,X,낮음
2026-09-17,군위(823),X,27.3,28.3,20.1,12.7,75,X, ,X,낮음
2026-09-17,군위(823),X,27.3,28.3,20.1,12.7,75,X, ,X,낮음
2026-09-17,군위(823),X,27.3,28.3,20.1,12.7,75,X, ,X,낮음
2026-09-17,군위(823),X,27.3,28.3,20.1,12.7,75,X, ,X,낮음
2026-09-17,군위(823),X,27.3,28.3,20.1,12.7,75,X, ,X,낮음
2026-09-17,군위(823),X,27.3,28.3,20.1,12.7,75,X, ,X,낮음
2026-09-17,군위(823),X,27.3,28.3,20.1,12.7,75,X, ,X,낮음
2026-09-17,칠곡(825),X,26.8,28.3,21.2,15.3,71,X, ,X,낮음
2026-09-17,경산(827),X,27.1,28,21.6,15.2,64,X, ,X,낮음
2026-09-17,삼척(876),X,27.2,26.8,21.4,16.2,69,X, ,X,낮음
2026-09-17,속초(90),X,26.1,25.5,20.9,15.8,71.9,X, ,X,낮음
2026-09-17,삼천포(907),X,27.4,28.4,22.5,17.4,57,X, ,X,낮음
2026-09-17,고성(918),X,27.6,27.9,21.8,15.8,68,X, ,X,낮음
2026-09-17,창녕(919),X,27.9,29.2,21.6,14.8,64,X, ,X,낮음
2026-09-17,함안(920),X,29.1,28.9,20.7,12.7,74,X, ,X,낮음
2026-09-17,북춘천(93),X,26.5,27.7,18.9,9.9,70.4,X, ,X,낮음
2026-09-17,하동(932),X,28.1,29,22.9,16.1,61,X, ,X,낮음
2026-09-17,철원(95),X,25.9,27.1,19,9.7,68.5,X, ,X,낮음
2026-09-17,동두천(98),X,27.3,28.9,20.9,12.4,57.3,X, ,X,낮음
2026-09-17,파주(99),X,26.8,28,19.2,12.7,74.1,X, ,X,낮음
2026-09-18,북강릉(104),X,26.9,25.3,21.3,18.1,83.8,X, ,X,낮음
2026-09-18,동해(106),X,27.3,26.5,22.8,21.6,73,X, ,X,낮음
2026-09-18,서울(108),X,27.2,28.4,23.7,19.1,51.1,X, ,X,낮음
2026-09-18,인천(112),X,28.2,29.1,24.7,20.3,50.5,X, ,X,낮음
2026-09-18,원주(114),X,27.1,28.5,21.7,15.4,60.8,X, ,X,낮음
2026-09-18,울릉도(115),X,25.3,23.4,21.8,21.2,81.1,X, ,X,낮음
2026-09-18,수원(119),X,27.4,28.3,23.9,19.3,50.3,X, ,X,낮음
2026-09-18,영월(121),X,28.1,29.6,20.5,15.1,71.5,X, ,X,낮음
2026-09-18,충주(127),X,27.7,28.8,22,15.5,63.9,X, ,X,낮음
2026-09-18,서산(129),X,27.6,28.9,23.5,18.5,57.8,X, ,X,낮음
2026-09-18,울진(130),X,26.8,25.8,22.8,19.8,74,X, ,X,낮음
2026-09-18,청주(131),X,27.8,28.9,23.7,19.1,56.1,X, ,X,낮음
2026-09-18,대전(133),X,28.4,28.9,23.7,19.7,60.9,X, ,X,낮음
2026-09-18,추풍령(135),X,26.1,25.5,20.8,16.7,71.9,X, ,X,낮음
2026-09-18,안동(136),X,27,27.2,21.2,16.7,71.3,X, ,X,낮음
2026-09-18,상주(137),X,28.1,28,22,17.8,71.4,X, ,X,낮음
2026-09-18,포항(138),X,25.9,24.8,23.7,22.6,70.9,X, ,X,낮음
2026-09-18,군산(140),X,29.3,29.5,24.4,20.4,64.4,X, ,X,낮음
2026-09-18,대구(143),X,26,26,22.7,20.5,66.6,X, ,X,낮음
2026-09-18,전주(146),X,29.6,30.9,24.7,20.5,57.9,X, ,X,낮음
2026-09-18,울산(152),X,25.5,24.1,22.2,20.2,76.9,X, ,X,낮음
2026-09-18,창원(155),X,27.9,27.4,23,19.8,72.8,X, ,X,낮음
2026-09-18,광주(156),X,29.3,29.5,23.8,20.2,65.4,X, ,X,낮음
2026-09-18,부산(159),X,26.9,25.8,22.9,21.4,75.5,X, ,X,낮음
2026-09-18,통영(162),X,27.3,27.1,23.3,20.7,70.8,X, ,X,낮음
2026-09-18,목포(165),X,29.1,29.2,24.6,21.2,62.5,X, ,X,낮음
2026-09-18,여수(168),X,26.2,25.7,23.5,21.3,66.9,X, ,X,낮음
2026-09-18,흑산도(169),X,27.6,27.7,23.7,21.5,69.4,X, ,X,낮음
2026-09-18,완도(170),X,29.3,29,24.6,21.2,67.5,X, ,X,낮음
2026-09-18,고창(172),X,29.6,30.4,23.1,18.2,72,X, ,X,낮음
2026-09-18,제주(184),X,27.4,26,24,22.7,79.5,X, ,X,낮음
2026-09-18,진주(192),X,26.2,25.4,20.4,16.7,78.3,X, ,X,낮음
2026-09-18,양평(202),X,27.1,28.5,22.5,16.4,59.5,X, ,X,낮음
2026-09-18,이천(203),X,28.4,28.7,21.9,15.2,67.9,X, ,X,낮음
2026-09-18,인제(211),X,25.2,25.8,19.2,13.3,72.3,X, ,X,낮음
2026-09-18,홍천(212),X,27.1,28.9,20.5,13.5,66.4,X, ,X,낮음
2026-09-18,태백(216),X,22.1,21.1,17.4,15.8,82.1,X, ,X,낮음
2026-09-18,정선군(217),X,24.7,24.8,20.2,16.9,70.5,X, ,X,낮음
2026-09-18,제천(221),X,26.1,26.8,19.9,14.7,70.6,X, ,X,낮음
2026-09-18,보은(226),X,26.6,26.8,21.9,17,69.1,X, ,X,낮음
2026-09-18,천안(232),X,27.2,27.8,22.4,17.5,65.1,X, ,X,낮음
2026-09-18,보령(235),X,29.8,31,25,21,56.4,X, ,X,낮음
2026-09-18,부여(236),X,28.2,28.9,23.7,19.2,62.9,X, ,X,낮음
2026-09-18,금산(238),X,27.4,27.8,21.7,17.5,71.3,X, ,X,낮음
2026-09-18,세종(239),X,27.9,28.3,23.3,18.4,62.9,X, ,X,낮음
2026-09-18,부안(243),X,29,30.7,24,19.3,61.9,X, ,X,낮음
2026-09-18,임실(244),X,27.8,28.3,22.5,17.6,64.6,X, ,X,낮음
2026-09-18,정읍(245),X,29.3,31,24.3,18.7,59,X, ,X,낮음
2026-09-18,남원(247),X,28.1,28.3,23.7,20.9,64.8,X, ,X,낮음
2026-09-18,장수(248),X,26.1,26.2,20.1,15.3,72.9,X, ,X,낮음
2026-09-18,영광군(252),X,28.4,29.2,23.2,18.5,67.9,X, ,X,낮음
2026-09-18,김해시(253),X,27.7,26.7,23,20,74.8,X, ,X,낮음
2026-09-18,순창군(254),X,28.2,29.1,23.2,19.3,62.4,X, ,X,낮음
2026-09-18,양산시(257),X,27.7,27.1,23.6,21.1,74.6,X, ,X,낮음
2026-09-18,강진군(259),X,29.1,29.2,23.8,19.9,69.8,X, ,X,낮음
2026-09-18,장흥(260),X,28.8,28.7,23.3,19.1,71.3,X, ,X,낮음
2026-09-18,해남(261),X,30.1,29.8,24.1,19.8,71.3,X, ,X,낮음
2026-09-18,고흥(262),X,28.5,28.7,24.1,21.5,66,X, ,X,낮음
2026-09-18,의령군(263),X,27,25.9,21.3,18.6,81.1,X, ,X,낮음
2026-09-18,함양군(264),X,28,27.7,21.3,17.5,80,X, ,X,낮음
2026-09-18,진도군ASOS(268),X,29,29,23.7,19.9,69,X, ,X,낮음
2026-09-18,봉화(271),X,25.2,25.6,19.6,14.1,73.1,X, ,X,낮음
2026-09-18,영주(272),X,26.4,26.8,19.9,14.8,79.5,X, ,X,낮음
2026-09-18,문경(273),X,27.3,27.4,21.1,16.6,74.8,X, ,X,낮음
2026-09-18,청송군(276),X,25.7,24.6,21.3,17.7,77.3,X, ,X,낮음
2026-09-18,영덕(277),X,25.9,24.8,22.4,20.2,71.9,X, ,X,낮음
2026-09-18,의성(278),X,27,26.9,20.9,16.7,77.4,X, ,X,낮음
2026-09-18,구미(279),X,27.6,28,22.2,18.5,68.6,X, ,X,낮음
2026-09-18,영천(281),X,25.3,24.5,22,18.9,71.8,X, ,X,낮음
2026-09-18,경주시(283),X,26.6,25.8,22.2,19.3,79.3,X, ,X,낮음
2026-09-18,거창(284),X,27.2,26.7,21,17.4,77.9,X, ,X,낮음
2026-09-18,합천(285),X,27.5,27.1,21.1,18.3,83.5,X, ,X,낮음
2026-09-18,밀양(288),X,27.9,27.5,23.6,19.9,71.4,X, ,X,낮음
2026-09-18,산청(289),X,27,26.2,20.6,17.5,81.9,X, ,X,낮음
2026-09-18,거제(294),X,26.7,25.6,22.6,20.1,77.1,X, ,X,낮음
2026-09-18,남해(295),X,26.9,26,22.6,20.1,73.8,X, ,X,낮음
2026-09-18,부천(433),X,28.4,30.2,24.9,19.9,47,X, ,X,낮음
2026-09-18,안양(434),X,,28.8,24.1,20.4,,X, ,X,낮음
2026-09-18,광명(437),X,27.7,29.2,24.9,21.2,47,X, ,X,낮음
2026-09-18,군포(438),X,27.6,28.8,23.8,19.5,49,X, ,X,낮음
2026-09-18,김포(441),X,28.9,30,24,17.6,56,X, ,X,낮음
2026-09-18,하남(444),X,28.2,29,24,18.4,56,X, ,X,낮음
2026-09-18,의왕(445),X,28.4,28.4,22.1,16.4,66,X, ,X,낮음
2026-09-18,포천(504),X,19.2,,,,,X, ,X,낮음
2026-09-18,가평조종(505),X,27.2,27.9,21.6,14.5,63,X, ,X,낮음
2026-09-18,안성(516),X,28.5,29.4,23.4,16.7,60,X, ,X,낮음
2026-09-18,간성(517),X,26.4,25.5,20.8,16.9,80,X, ,X,낮음
2026-09-18,평창(526),X,24.9,25.8,18.4,13.7,74,X, ,X,낮음
2026-09-18,의정부(532),X,28.7,30,23.2,15.9,55,X, ,X,낮음
2026-09-18,횡성(536),X,27,28.6,21.1,14,63,X, ,X,낮음
2026-09-18,고양(540),X,28.4,29.6,23,16.3,56,X, ,X,낮음
2026-09-18,남양주(541),X,28.2,29.8,23.4,15.9,56,X, ,X,낮음
2026-09-18,안산(545),X,29.6,30.5,22.4,14.3,66,X, ,X,낮음
2026-09-18,경기광주(546),X,27,27.9,21.7,16.9,63,X, ,X,낮음
2026-09-18,여주(548),X,28.2,29.2,22.1,16,63,X, ,X,낮음
2026-09-18,용인(549),X,28.2,29.3,22.7,16.1,59,X, ,X,낮음
2026-09-18,오산(550),X,27.4,27.9,22.8,16.5,60,X, ,X,낮음
2026-09-18,평택(551),X,29,29.3,23.7,17.4,63,X, ,X,낮음
2026-09-18,화천(555),X,26.9,28.1,19.6,12.8,74,X, ,X,낮음
2026-09-18,양구(556),X,26.1,27.2,18.3,11.7,73,X, ,X,낮음
2026-09-18,시흥(565),X,28,29,23.4,17.2,56,X, ,X,낮음
2026-09-18,구리(569),X,28.6,29.6,22.7,16.9,57,X, ,X,낮음
2026-09-18,화성(571),X,28.1,29.2,24.2,19.2,53,X, ,X,낮음
2026-09-18,성남(572),X,27.5,28.2,22.7,16.3,63,X, ,X,낮음
2026-09-18,과천(590),X,28,28.8,22.2,14.8,64,X, ,X,낮음
2026-09-18,양주(598),X,29.6,31.7,22.6,13.9,57,X, ,X,낮음
2026-09-18,단양(601),X,27.1,28,19.8,14.5,73,X, ,X,낮음
2026-09-18,진천(602),X,28.2,28.6,20.8,14.3,75,X, ,X,낮음
2026-09-18,괴산(603),X,27.4,28.6,20.9,14.5,72,X, ,X,낮음
2026-09-18,옥천(604),X,27.5,27.8,22.2,18.3,70,X, ,X,낮음
2026-09-18,홍북(608),X,,,,,,X, ,X,낮음
2026-09-18,공주(612),X,28,28.4,22.4,17.2,68,X, ,X,낮음
2026-09-18,서천(614),X,28.6,29.4,23.8,19.7,62,X, ,X,낮음
2026-09-18,논산(615),X,28.3,28.7,24.1,19.1,64,X, ,X,낮음
2026-09-18,당진(616),X,28.7,29.5,22.7,16,66,X, ,X,낮음
2026-09-18,청양(618),X,28.4,29.1,22.1,16,70,X, ,X,낮음
2026-09-18,음성(619),X,28.2,28.8,21,14,72,X, ,X,낮음
2026-09-18,증평(623),X,27.7,28.9,22.6,17.5,61,X, ,X,낮음
2026-09-18,태안(627),X,28.4,29.6,23.3,18.4,62,X, ,X,낮음
2026-09-18,예산(628),X,27.6,28.5,23.2,18,62,X, ,X,낮음
2026-09-18,아산(634),X,28.3,29.7,23.9,19.1,54,X, ,X,낮음
2026-09-18,계룡(636),X,27.4,27.8,22.6,17,66,X, ,X,낮음
2026-09-18,연천청산(652),X,28.2,29.5,21.7,13.5,62,X, ,X,낮음
2026-09-18,양양(670),X,26.1,24.9,20.4,16.5,83,X, ,X,낮음
2026-09-18,무안(699),X,29.7,30.2,23.9,19.4,65,X, ,X,낮음
2026-09-18,무주(701),X,26.1,26.8,21.6,17.2,67,X, ,X,낮음
2026-09-18,익산(702),X,29.9,30.1,23.9,18.9,69,X, ,X,낮음
2026-09-18,진안(703),X,28,28.1,21.6,16.9,71,X, ,X,낮음
2026-09-18,담양(706),X,29.9,30.2,23,18.5,73,X, ,X,낮음
2026-09-18,구례(709),X,28.7,28.4,21.8,17.9,75,X, ,X,낮음
2026-09-18,나주(710),X,29,29.2,22.8,18.7,72,X, ,X,낮음
2026-09-18,순천시(712),X,27.7,26.9,23.5,19.7,73,X, ,X,낮음
2026-09-18,광양읍(713),X,30,30.2,24.7,22,64,X, ,X,낮음
2026-09-18,장성(730),X,29.7,30.8,23.2,18.2,69,X, ,X,낮음
2026-09-18,영암(731),X,29.9,30,23,18.6,75,X, ,X,낮음
2026-09-18,보성(732),X,26.9,27.3,21.9,18,70,X, ,X,낮음
2026-09-18,완주(734),X,29,29.9,23.2,18,65,X, ,X,낮음
2026-09-18,김제(737),X,29.5,29.8,24.1,19.2,67,X, ,X,낮음
2026-09-18,화순(741),X,29.5,30.1,22.6,18.3,71,X, ,X,낮음
2026-09-18,함평(754),X,29.6,30,23.9,19.5,69,X, ,X,낮음
2026-09-18,곡성(768),X,29.1,29.6,22,17.5,76,X, ,X,낮음
2026-09-18,압해도(789),X,29.6,30.2,23.8,19.5,68,X, ,X,낮음
2026-09-18,영양(801),X,25.7,24.8,21,15.5,78,X, ,X,낮음
2026-09-18,성주(810),X,27.9,27.4,21.6,18.4,78,X, ,X,낮음
2026-09-18,고령(812),X,27.4,26.5,21.5,18.2,83,X, ,X,낮음
2026-09-18,청도(813),X,26.4,25.2,22,19.5,79,X, ,X,낮음
2026-09-18,예천(815),X,28.3,28.3,21.2,17,75,X, ,X,낮음
2026-09-18,김천(822),X,27.8,27.8,21.7,16.9,75,X, ,X,낮음
2026-09-18,군위(823),X,28.1,28,20.9,16.7,83,X, ,X,낮음
2026-09-18,군위(823),X,28.1,28,20.9,16.7,83,X, ,X,낮음
2026-09-18,군위(823),X,28.1,28,20.9,16.7,83,X, ,X,낮음
2026-09-18,군위(823),X,28.1,28,20.9,16.7,83,X, ,X,낮음
2026-09-18,군위(823),X,28.1,28,20.9,16.7,83,X, ,X,낮음
2026-09-18,군위(823),X,28.1,28,20.9,16.7,83,X, ,X,낮음
2026-09-18,군위(823),X,28.1,28,20.9,16.7,83,X, ,X,낮음
2026-09-18,군위(823),X,28.1,28,20.9,16.7,83,X, ,X,낮음
2026-09-18,군위(823),X,28.1,28,20.9,16.7,83,X, ,X,낮음
2026-09-18,군위(823),X,28.1,28,20.9,16.7,83,X, ,X,낮음
2026-09-18,군위(823),X,28.1,28,20.9,16.7,83,X, ,X,낮음
2026-09-18,군위(823),X,28.1,28,20.9,16.7,83,X, ,X,낮음
2026-09-18,군위(823),X,28.1,28,20.9,16.7,83,X, ,X,낮음
2026-09-18,군위(823),X,28.1,28,20.9,16.7,83,X, ,X,낮음
2026-09-18,군위(823),X,28.1,28,20.9,16.7,83,X, ,X,낮음
2026-09-18,군위(823),X,28.1,28,20.9,16.7,83,X, ,X,낮음
2026-09-18,군위(823),X,28.1,28,20.9,16.7,83,X, ,X,낮음
2026-09-18,군위(823),X,28.1,28,20.9,16.7,83,X, ,X,낮음
2026-09-18,군위(823),X,28.1,28,20.9,16.7,83,X, ,X,낮음
2026-09-18,군위(823),X,28.1,28,20.9,16.7,83,X, ,X,낮음
2026-09-18,군위(823),X,28.1,28,20.9,16.7,83,X, ,X,낮음
2026-09-18,군위(823),X,28.1,28,20.9,16.7,83,X, ,X,낮음
2026-09-18,군위(823),X,28.1,28,20.9,16.7,83,X, ,X,낮음
2026-09-18,군위(823),X,28.1,28,20.9,16.7,83,X, ,X,낮음
2026-09-18,군위(823),X,28.1,28,20.9,16.7,83,X, ,X,낮음
2026-09-18,군위(823),X,28.1,28,20.9,16.7,83,X, ,X,낮음
2026-09-18,군위(823),X,28.1,28,20.9,16.7,83,X, ,X,낮음
2026-09-18,군위(823),X,28.1,28,20.9,16.7,83,X, ,X,낮음
2026-09-18,군위(823),X,28.1,28,20.9,16.7,83,X, ,X,낮음
2026-09-18,군위(823),X,28.1,28,20.9,16.7,83,X, ,X,낮음
2026-09-18,군위(823),X,28.1,28,20.9,16.7,83,X, ,X,낮음
2026-09-18,군위(823),X,28.1,28,20.9,16.7,83,X, ,X,낮음
2026-09-18,칠곡(825),X,28.1,28.1,22.6,19.6,74,X, ,X,낮음
2026-09-18,경산(827),X,26.5,25.9,22.3,20.1,74,X, ,X,낮음
2026-09-18,삼척(876),X,27.5,27.1,22.9,20,71,X, ,X,낮음
2026-09-18,속초(90),X,26.7,25.9,22.4,18.1,73.5,X, ,X,낮음
2026-09-18,삼천포(907),X,27,26.4,22.4,19.8,70,X, ,X,낮음
2026-09-18,고성(918),X,27.4,26.2,21.7,18.8,81,X, ,X,낮음
2026-09-18,창녕(919),X,27.8,27.3,21.9,19.1,76,X, ,X,낮음
2026-09-18,함안(920),X,27.6,26.6,20.6,17.7,85,X, ,X,낮음
2026-09-18,북춘천(93),X,26.7,27.9,20.7,13,68,X, ,X,낮음
2026-09-18,하동(932),X,27.7,27.7,23.9,21.1,64,X, ,X,낮음
2026-09-18,철원(95),X,27,28.4,20.9,13.2,66,X, ,X,낮음
2026-09-18,동두천(98),X,28.6,30.8,22.9,16.7,50.9,X, ,X,낮음
2026-09-18,파주(99),X,28,29.4,21.9,14.6,63.1,X, ,X,낮음
2026-09-19,북강릉(104),X,26.7,25,20.7,17.5,85.4,X, ,X,낮음
2026-09-19,동해(106),X,26.4,24.9,21.3,17.6,78.4,X, ,X,낮음
2026-09-19,서울(108),X,27.9,29.5,24.4,20,52.9,X, ,X,낮음
2026-09-19,인천(112),X,28.2,29,24.4,21,57.1,X, ,X,낮음
2026-09-19,원주(114),X,27.8,28.6,21.6,16.1,66,X, ,X,낮음
2026-09-19,울릉도(115),X,26.1,24.3,21.7,20.5,81.1,X, ,X,낮음
2026-09-19,수원(119),X,27.6,28.8,23.9,19.3,55.1,X, ,X,낮음
2026-09-19,영월(121),X,26.9,26.7,19.7,13.8,75.1,X, ,X,낮음
2026-09-19,충주(127),X,27.6,28.1,21.1,15.3,70.4,X, ,X,낮음
2026-09-19,서산(129),X,27.6,28.6,23,19.1,62.1,X, ,X,낮음
2026-09-19,울진(130),X,26.9,25.2,20.9,17.6,84.9,X, ,X,낮음
2026-09-19,청주(131),X,27.7,28.7,23.6,18.6,59.5,X, ,X,낮음
2026-09-19,대전(133),X,28.6,29,23.4,18.6,65.5,X, ,X,낮음
2026-09-19,추풍령(135),X,26.4,25.6,19.9,14.8,78.1,X, ,X,낮음
2026-09-19,안동(136),X,27.3,27.2,20.7,15.5,73.8,X, ,X,낮음
2026-09-19,상주(137),X,28.1,27.7,20.9,15.6,76.3,X, ,X,낮음
2026-09-19,포항(138),X,26.1,25.1,23.1,21.3,70,X, ,X,낮음
2026-09-19,군산(140),X,29,29,23.5,19.8,70.8,X, ,X,낮음
2026-09-19,대구(143),X,26.6,26.9,22,17.9,68.6,X, ,X,낮음
2026-09-19,전주(146),X,29.7,30.5,24,18.6,65.9,X, ,X,낮음
2026-09-19,울산(152),X,25.7,25.8,22.2,19.8,74,X, ,X,낮음
2026-09-19,창원(155),X,28.5,28,24,20.8,66.6,X, ,X,낮음
2026-09-19,광주(156),X,30.1,30.9,24.3,19.6,67.1,X, ,X,낮음
2026-09-19,부산(159),X,28.7,28.6,24,21.3,67.5,X, ,X,낮음
2026-09-19,통영(162),X,28.4,28.3,24,20.8,65,X, ,X,낮음
2026-09-19,목포(165),X,28.1,28.3,23.7,20.6,70.3,X, ,X,낮음
2026-09-19,여수(168),X,27.5,27,24.4,22.2,62.8,X, ,X,낮음
2026-09-19,흑산도(169),X,28.7,28.5,23.9,20.7,76.1,X, ,X,낮음
2026-09-19,완도(170),X,29.8,30.1,24.6,19.4,68.4,X, ,X,낮음
2026-09-19,고창(172),X,29.3,29.9,22.5,17.1,81,X, ,X,낮음
2026-09-19,제주(184),X,27.3,26.4,24.7,23.5,71.6,X, ,X,낮음
2026-09-19,진주(192),X,27.4,27.2,20.5,15.2,77.8,X, ,X,낮음
2026-09-19,양평(202),X,27.9,28.8,22.6,17.3,64.6,X, ,X,낮음
2026-09-19,이천(203),X,28.8,29.2,22,16,72,X, ,X,낮음
2026-09-19,인제(211),X,25.5,25.7,18.5,13.8,78.3,X, ,X,낮음
2026-09-19,홍천(212),X,27.2,28.5,20.5,14.6,70.1,X, ,X,낮음
2026-09-19,태백(216),X,20.7,18.5,15.9,12.1,90.3,X, ,X,낮음
2026-09-19,정선군(217),X,24.6,24.3,18.3,14.2,79.9,X, ,X,낮음
2026-09-19,제천(221),X,26.1,26,18.7,12.6,79.1,X, ,X,낮음
2026-09-19,보은(226),X,26.5,26.4,19.6,14.7,83,X, ,X,낮음
2026-09-19,천안(232),X,27.5,28.1,21.4,16.1,74.9,X, ,X,낮음
2026-09-19,보령(235),X,30.3,31.1,24.1,20.1,63.3,X, ,X,낮음
2026-09-19,부여(236),X,28.3,28.8,23.1,18.7,67.1,X, ,X,낮음
2026-09-19,금산(238),X,27.8,28,21.4,16,76.9,X, ,X,낮음
2026-09-19,세종(239),X,28.3,28.7,22.2,17.7,69.3,X, ,X,낮음
2026-09-19,부안(243),X,28.5,29.3,23,18.1,71.3,X, ,X,낮음
2026-09-19,임실(244),X,28.3,28.9,21.1,15.1,76.6,X, ,X,낮음
2026-09-19,정읍(245),X,29.5,30.2,22.8,17.4,72.6,X, ,X,낮음
2026-09-19,남원(247),X,29.1,29.3,23.8,17.7,66.8,X, ,X,낮음
2026-09-19,장수(248),X,26.7,26.7,18.8,12.5,82.6,X, ,X,낮음
2026-09-19,영광군(252),X,28.3,28.8,22.4,17.5,75.8,X, ,X,낮음
2026-09-19,김해시(253),X,29.3,29.1,23.7,20.3,68.6,X, ,X,낮음
2026-09-19,순창군(254),X,28.9,30.3,22.4,16.3,72.5,X, ,X,낮음
2026-09-19,양산시(257),X,29.2,29,24.4,21.8,68.6,X, ,X,낮음
2026-09-19,강진군(259),X,30.2,30.6,23.8,17.7,73.4,X, ,X,낮음
2026-09-19,장흥(260),X,29.9,30,23.1,16.5,76.5,X, ,X,낮음
2026-09-19,해남(261),X,30,30.4,23.2,16.6,76.3,X, ,X,낮음
2026-09-19,고흥(262),X,29.8,30.3,23.8,18.9,70.4,X, ,X,낮음
2026-09-19,의령군(263),X,28,27.6,21.2,16.5,78,X, ,X,낮음
2026-09-19,함양군(264),X,28.9,28.8,21.4,16.3,81.8,X, ,X,낮음
2026-09-19,진도군ASOS(268),X,28.3,28.3,22.3,17.4,77.4,X, ,X,낮음
2026-09-19,봉화(271),X,24.7,24,17.9,12.6,81.6,X, ,X,낮음
2026-09-19,영주(272),X,25.8,25.4,18.9,13.9,82.4,X, ,X,낮음
2026-09-19,문경(273),X,27.4,27,19.5,14.8,84.5,X, ,X,낮음
2026-09-19,청송군(276),X,26.9,26.1,19.7,14.2,84.8,X, ,X,낮음
2026-09-19,영덕(277),X,26.5,25.5,21,18,78.9,X, ,X,낮음
2026-09-19,의성(278),X,27.8,28.1,20.8,15.4,79.1,X, ,X,낮음
2026-09-19,구미(279),X,28.3,28.7,22.4,18.2,69.3,X, ,X,낮음
2026-09-19,영천(281),X,26.8,27,21.3,16.8,73.6,X, ,X,낮음
2026-09-19,경주시(283),X,26.6,25.9,21.6,17.4,79.3,X, ,X,낮음
2026-09-19,거창(284),X,27.9,27.2,20.9,15.7,80.1,X, ,X,낮음
2026-09-19,합천(285),X,28.1,27.9,21.5,16.9,81.3,X, ,X,낮음
2026-09-19,밀양(288),X,28,28.7,24.3,20.8,64.5,X, ,X,낮음
2026-09-19,산청(289),X,27.9,27.4,21.2,16.4,82.1,X, ,X,낮음
2026-09-19,거제(294),X,27.9,27.6,23.3,19.2,72.3,X, ,X,낮음
2026-09-19,남해(295),X,28.2,27.9,22.8,19.5,73.6,X, ,X,낮음
2026-09-19,부천(433),X,28.5,30.5,24.9,20.4,52,X, ,X,낮음
2026-09-19,안양(434),X,,29.2,24.8,21.4,,X, ,X,낮음
2026-09-19,광명(437),X,28.2,30,25.5,21.9,49,X, ,X,낮음
2026-09-19,군포(438),X,28.1,29.7,24.3,20.7,51,X, ,X,낮음
2026-09-19,김포(441),X,28.9,30.1,23.3,17.9,65,X, ,X,낮음
2026-09-19,하남(444),X,28.9,29.3,24.3,21,59,X, ,X,낮음
2026-09-19,의왕(445),X,28.6,29.4,22.7,18.2,68,X, ,X,낮음
2026-09-19,포천(504),X,29.3,30.6,22.5,17,65,X, ,X,낮음
2026-09-19,가평조종(505),X,27.8,28.7,21.1,15.3,73,X, ,X,낮음
2026-09-19,안성(516),X,29.8,30.4,22.9,18.5,66,X, ,X,낮음
2026-09-19,간성(517),X,25.8,24.9,20,16.9,84,X, ,X,낮음
2026-09-19,평창(526),X,26.1,25.9,17.8,12.9,80,X, ,X,낮음
2026-09-19,의정부(532),X,28.6,29.9,22.2,16.9,64,X, ,X,낮음
2026-09-19,횡성(536),X,27.4,28.3,21.1,15,68,X, ,X,낮음
2026-09-19,고양(540),X,29.3,31,22.6,16.6,65,X, ,X,낮음
2026-09-19,남양주(541),X,28.6,30,23.9,17.5,58,X, ,X,낮음
2026-09-19,안산(545),X,29.2,30.3,21.9,15.9,74,X, ,X,낮음
2026-09-19,경기광주(546),X,27.3,28.1,22,17.9,67,X, ,X,낮음
2026-09-19,여주(548),X,28.8,29.5,21.9,16.3,70,X, ,X,낮음
2026-09-19,용인(549),X,28.7,29.8,23.1,17.9,64,X, ,X,낮음
2026-09-19,오산(550),X,27.8,28.6,22.4,17.1,66,X, ,X,낮음
2026-09-19,평택(551),X,30,30.2,23.9,18.6,65,X, ,X,낮음
2026-09-19,화천(555),X,28,28.8,19.5,13.5,78,X, ,X,낮음
2026-09-19,양구(556),X,26.4,27.1,17.9,12.3,78,X, ,X,낮음
2026-09-19,시흥(565),X,27.9,29.2,22.6,17.1,66,X, ,X,낮음
2026-09-19,구리(569),X,28.3,29.3,23.5,19,58,X, ,X,낮음
2026-09-19,화성(571),X,28.7,30.2,24.2,19.7,57,X, ,X,낮음
2026-09-19,성남(572),X,27.8,28.6,23.2,17.8,66,X, ,X,낮음
2026-09-19,과천(590),X,28.1,28.9,22.1,16.9,69,X, ,X,낮음
2026-09-19,양주(598),X,29.5,31.8,22,15.4,65,X, ,X,낮음
2026-09-19,단양(601),X,26.5,26.6,18.7,13.4,80,X, ,X,낮음
2026-09-19,진천(602),X,28.3,28.1,20.6,14.9,78,X, ,X,낮음
2026-09-19,괴산(603),X,27.8,28.1,19.9,14.2,78,X, ,X,낮음
2026-09-19,옥천(604),X,27.9,28,21.2,15.8,77,X, ,X,낮음
2026-09-19,홍북(608),X,,,,,,X, ,X,낮음
2026-09-19,공주(612),X,27.9,28.3,22,16.9,73,X, ,X,낮음
2026-09-19,서천(614),X,28.2,29,22.7,18.1,72,X, ,X,낮음
2026-09-19,논산(615),X,29.1,29.2,23.4,19,68,X, ,X,낮음
2026-09-19,당진(616),X,28.8,29.6,22.8,18.7,68,X, ,X,낮음
2026-09-19,청양(618),X,28.6,29.3,21.5,16.6,75,X, ,X,낮음
2026-09-19,음성(619),X,28.1,28,20,14.4,80,X, ,X,낮음
2026-09-19,증평(623),X,27.6,28.3,21.8,16.2,68,X, ,X,낮음
2026-09-19,태안(627),X,27.8,28.9,23.1,19,66,X, ,X,낮음
2026-09-19,예산(628),X,27.7,28.5,22.5,18,68,X, ,X,낮음
2026-09-19,아산(634),X,29.4,30.7,23.5,17.9,61,X, ,X,낮음
2026-09-19,계룡(636),X,27.8,27.9,22.3,16.9,69,X, ,X,낮음
2026-09-19,연천청산(652),X,28.4,29.7,21.4,15.3,68,X, ,X,낮음
2026-09-19,양양(670),X,26,24.6,20.5,17.2,84,X, ,X,낮음
2026-09-19,무안(699),X,29.4,29.8,22.9,18.3,74,X, ,X,낮음
2026-09-19,무주(701),X,26.5,27.2,20.6,15.4,74,X, ,X,낮음
2026-09-19,익산(702),X,30,29.8,23,16.4,74,X, ,X,낮음
2026-09-19,진안(703),X,28.6,28.3,20.2,15.4,80,X, ,X,낮음
2026-09-19,담양(706),X,30.3,30.4,22.8,16.3,77,X, ,X,낮음
2026-09-19,구례(709),X,29.8,29.6,21.9,15.5,76,X, ,X,낮음
2026-09-19,나주(710),X,28.7,29.5,22.4,16.9,76,X, ,X,낮음
2026-09-19,순천시(712),X,29.4,29,23.6,17.3,75,X, ,X,낮음
2026-09-19,광양읍(713),X,30.8,31,24,17.9,71,X, ,X,낮음
2026-09-19,장성(730),X,30.1,31.1,22.2,16.7,75,X, ,X,낮음
2026-09-19,영암(731),X,29.7,30.5,22.6,16.4,78,X, ,X,낮음
2026-09-19,보성(732),X,28,28.6,21.6,15.3,75,X, ,X,낮음
2026-09-19,완주(734),X,29.2,29.8,21.8,16.2,78,X, ,X,낮음
2026-09-19,김제(737),X,29.7,29.3,22.9,17.9,79,X, ,X,낮음
2026-09-19,화순(741),X,30.2,30.6,22.5,16.2,75,X, ,X,낮음
2026-09-19,함평(754),X,29.4,29.8,23,18,76,X, ,X,낮음
2026-09-19,곡성(768),X,30,30.1,21.5,15.5,81,X, ,X,낮음
2026-09-19,압해도(789),X,29.5,29.9,23.8,18.5,74,X, ,X,낮음
2026-09-19,영양(801),X,26.8,25.7,19,14.1,86,X, ,X,낮음
2026-09-19,성주(810),X,27.8,27.5,22,17.5,75,X, ,X,낮음
2026-09-19,고령(812),X,28.3,27.9,21.6,16.3,81,X, ,X,낮음
2026-09-19,청도(813),X,27.1,27.4,21.7,17.1,79,X, ,X,낮음
2026-09-19,예천(815),X,27.5,27.3,20.7,15.3,78,X, ,X,낮음
2026-09-19,김천(822),X,28.1,27.9,21.6,16.4,78,X, ,X,낮음
2026-09-19,군위(823),X,28.3,28,21,15.3,80,X, ,X,낮음
2026-09-19,군위(823),X,28.3,28,21,15.3,80,X, ,X,낮음
2026-09-19,군위(823),X,28.3,28,21,15.3,80,X, ,X,낮음
2026-09-19,군위(823),X,28.3,28,21,15.3,80,X, ,X,낮음
2026-09-19,군위(823),X,28.3,28,21,15.3,80,X, ,X,낮음
2026-09-19,군위(823),X,28.3,28,21,15.3,80,X, ,X,낮음
2026-09-19,군위(823),X,28.3,28,21,15.3,80,X, ,X,낮음
2026-09-19,군위(823),X,28.3,28,21,15.3,80,X, ,X,낮음
2026-09-19,군위(823),X,28.3,28,21,15.3,80,X, ,X,낮음
2026-09-19,군위(823),X,28.3,28,21,15.3,80,X, ,X,낮음
2026-09-19,군위(823),X,28.3,28,21,15.3,80,X, ,X,낮음
2026-09-19,군위(823),X,28.3,28,21,15.3,80,X, ,X,낮음
2026-09-19,군위(823),X,28.3,28,21,15.3,80,X, ,X,낮음
2026-09-19,군위(823),X,28.3,28,21,15.3,80,X, ,X,낮음
2026-09-19,군위(823),X,28.3,28,21,15.3,80,X, ,X,낮음
2026-09-19,군위(823),X,28.3,28,21,15.3,80,X, ,X,낮음
2026-09-19,군위(823),X,28.3,28,21,15.3,80,X, ,X,낮음
2026-09-19,군위(823),X,28.3,28,21,15.3,80,X, ,X,낮음
2026-09-19,군위(823),X,28.3,28,21,15.3,80,X, ,X,낮음
2026-09-19,군위(823),X,28.3,28,21,15.3,80,X, ,X,낮음
2026-09-19,군위(823),X,28.3,28,21,15.3,80,X, ,X,낮음
2026-09-19,군위(823),X,28.3,28,21,15.3,80,X, ,X,낮음
2026-09-19,군위(823),X,28.3,28,21,15.3,80,X, ,X,낮음
2026-09-19,군위(823),X,28.3,28,21,15.3,80,X, ,X,낮음
2026-09-19,군위(823),X,28.3,28,21,15.3,80,X, ,X,낮음
2026-09-19,군위(823),X,28.3,28,21,15.3,80,X, ,X,낮음
2026-09-19,군위(823),X,28.3,28,21,15.3,80,X, ,X,낮음
2026-09-19,군위(823),X,28.3,28,21,15.3,80,X, ,X,낮음
2026-09-19,군위(823),X,28.3,28,21,15.3,80,X, ,X,낮음
2026-09-19,군위(823),X,28.3,28,21,15.3,80,X, ,X,낮음
2026-09-19,군위(823),X,28.3,28,21,15.3,80,X, ,X,낮음
2026-09-19,군위(823),X,28.3,28,21,15.3,80,X, ,X,낮음
2026-09-19,칠곡(825),X,28.1,28.2,22.4,18.2,78,X, ,X,낮음
2026-09-19,경산(827),X,28.1,28.5,22.3,17.9,71,X, ,X,낮음
2026-09-19,삼척(876),X,26.2,25.1,21.3,18.2,79,X, ,X,낮음
2026-09-19,속초(90),X,25.8,24.9,21.6,18.2,77.9,X, ,X,낮음
2026-09-19,삼천포(907),X,28.2,28.2,23.3,19.6,65,X, ,X,낮음
2026-09-19,고성(918),X,28.3,27.9,22.2,18,79,X, ,X,낮음
2026-09-19,창녕(919),X,28.7,29.4,22.9,18.6,69,X, ,X,낮음
2026-09-19,함안(920),X,28.8,28.5,21.1,15.2,79,X, ,X,낮음
2026-09-19,북춘천(93),X,27.4,28,21.1,14.7,71.4,X, ,X,낮음
2026-09-19,하동(932),X,28.8,29.2,23.4,18.3,73,X, ,X,낮음
2026-09-19,철원(95),X,27.8,28.6,21.7,16.2,67.6,X, ,X,낮음
2026-09-19,동두천(98),X,28.1,29.7,22.6,17.6,57.6,X, ,X,낮음
2026-09-19,파주(99),X,28.1,28.7,21.4,16,70.3,X, ,X,낮음
2026-09-20,북강릉(104),X,26,24.7,19.7,16.2,83.9,X, ,X,낮음
2026-09-20,동해(106),X,25.4,24.4,20.1,15.7,80.5,X, ,X,낮음
2026-09-20,서울(108),X,28.7,30.1,23.8,18.4,57.4,X, ,X,낮음
2026-09-20,인천(112),X,27.7,28,23.7,20.2,64.6,X, ,X,낮음
2026-09-20,원주(114),X,27.3,28.7,20.8,14,66.9,X, ,X,낮음
2026-09-20,울릉도(115),X,26.2,24.6,21.3,19.3,79.8,X, ,X,낮음
2026-09-20,수원(119),X,27.9,28.9,22.9,17.8,62.4,X, ,X,낮음
2026-09-20,영월(121),X,27.7,29.2,19.3,12.7,72,X, ,X,낮음
2026-09-20,충주(127),X,26.9,27.9,19.9,13.1,70,X, ,X,낮음
2026-09-20,서산(129),X,27,28.1,22.6,18.2,69.9,X, ,X,낮음
2026-09-20,울진(130),X,26.7,26,20.6,16.9,79,X, ,X,낮음
2026-09-20,청주(131),X,27.2,29.2,23.2,18,58.8,X, ,X,낮음
2026-09-20,대전(133),X,27.5,28.9,22.5,17.8,65.6,X, ,X,낮음
2026-09-20,추풍령(135),X,25.5,26.2,19.1,12.8,72.5,X, ,X,낮음
2026-09-20,안동(136),X,27.3,28.3,20.2,13.1,70.5,X, ,X,낮음
2026-09-20,상주(137),X,26.8,27.6,20.3,14.3,75.9,X, ,X,낮음
2026-09-20,포항(138),X,26,25.2,22.4,20.4,66.8,X, ,X,낮음
2026-09-20,군산(140),X,28.2,27.7,22.8,19.3,75.1,X, ,X,낮음
2026-09-20,대구(143),X,27.1,28.6,21.9,16,64.9,X, ,X,낮음
2026-09-20,전주(146),X,28,29.3,23.8,18.7,60.9,X, ,X,낮음
2026-09-20,울산(152),X,25.6,25.8,21.4,18.9,70.5,X, ,X,낮음
2026-09-20,창원(155),X,27.5,28.2,23.2,19.1,66,X, ,X,낮음
2026-09-20,광주(156),X,29.5,30.8,24.5,20.1,66.8,X, ,X,낮음
2026-09-20,부산(159),X,28,28.2,23.5,20.6,63.1,X, ,X,낮음
2026-09-20,통영(162),X,27.5,28.2,22.8,19.2,66.6,X, ,X,낮음
2026-09-20,목포(165),X,28.6,28.2,23.8,20.5,74.6,X, ,X,낮음
2026-09-20,여수(168),X,27.8,28.5,24,21.5,62.4,X, ,X,낮음
2026-09-20,흑산도(169),X,29.4,28,24,20.9,80.1,X, ,X,낮음
2026-09-20,완도(170),X,30.3,30.2,24.4,20.1,71.1,X, ,X,낮음
2026-09-20,고창(172),X,28.5,29.1,22.2,17.7,81.1,X, ,X,낮음
2026-09-20,제주(184),X,27.7,27.4,25.1,22.6,68,X, ,X,낮음
2026-09-20,진주(192),X,26.9,28.2,20.6,14.5,70.9,X, ,X,낮음
2026-09-20,양평(202),X,26.8,28.7,20.9,15.2,68.6,X, ,X,낮음
2026-09-20,이천(203),X,27.8,29.3,20.8,14.2,69.5,X, ,X,낮음
2026-09-20,인제(211),X,25.9,27.6,18.7,13.5,72.8,X, ,X,낮음
2026-09-20,홍천(212),X,26.8,27.9,19.4,13.5,73,X, ,X,낮음
2026-09-20,태백(216),X,22.1,21.7,15,10.4,84.8,X, ,X,낮음
2026-09-20,정선군(217),X,26,27.1,17.8,13.2,75.9,X, ,X,낮음
2026-09-20,제천(221),X,26.3,26.9,18.1,9.9,75.9,X, ,X,낮음
2026-09-20,보은(226),X,26.7,27.8,19.4,13.5,77,X, ,X,낮음
2026-09-20,천안(232),X,27,28.3,21.2,15,75.1,X, ,X,낮음
2026-09-20,보령(235),X,29.6,29.9,23.1,18.2,68.3,X, ,X,낮음
2026-09-20,부여(236),X,28.2,29.2,22.2,17.5,69.8,X, ,X,낮음
2026-09-20,금산(238),X,27.1,28.4,20.6,14.5,73,X, ,X,낮음
2026-09-20,세종(239),X,27.3,28.4,21.7,16.9,68.1,X, ,X,낮음
2026-09-20,부안(243),X,28,29.2,22.8,18.4,73.9,X, ,X,낮음
2026-09-20,임실(244),X,27.5,29,21,14.8,71.8,X, ,X,낮음
2026-09-20,정읍(245),X,27.9,28.6,22.6,17.9,73.5,X, ,X,낮음
2026-09-20,남원(247),X,28.5,30.2,22.9,17.3,64.8,X, ,X,낮음
2026-09-20,장수(248),X,26.6,27.5,18.3,12.4,80.3,X, ,X,낮음
2026-09-20,영광군(252),X,28.2,28.7,22.4,17.9,76.5,X, ,X,낮음
2026-09-20,김해시(253),X,28.8,28.9,22.9,18.6,67.9,X, ,X,낮음
2026-09-20,순창군(254),X,28.1,29.8,22.4,17.2,69.3,X, ,X,낮음
2026-09-20,양산시(257),X,27.8,28.5,23.5,20.4,66.8,X, ,X,낮음
2026-09-20,강진군(259),X,29.6,30.6,23.6,17.9,73.9,X, ,X,낮음
2026-09-20,장흥(260),X,30.1,31.2,22.8,16.6,75.8,X, ,X,낮음
2026-09-20,해남(261),X,30.4,30.4,23,16.8,76.6,X, ,X,낮음
2026-09-20,고흥(262),X,30.5,31.7,23,16.9,73.8,X, ,X,낮음
2026-09-20,의령군(263),X,27.8,28.2,20.6,14.5,77.4,X, ,X,낮음
2026-09-20,함양군(264),X,29.1,29.9,21.2,14.5,76.5,X, ,X,낮음
2026-09-20,진도군ASOS(268),X,28.5,28.5,23.1,17.9,77,X, ,X,낮음
2026-09-20,봉화(271),X,25.4,26.4,17.2,8.9,76.5,X, ,X,낮음
2026-09-20,영주(272),X,26.4,26.8,18.4,11.7,78.5,X, ,X,낮음
2026-09-20,문경(273),X,26.7,26.7,19.4,13.7,81.9,X, ,X,낮음
2026-09-20,청송군(276),X,27.3,27.7,18.2,12.5,84.5,X, ,X,낮음
2026-09-20,영덕(277),X,25.8,25.1,19.8,15.1,78.3,X, ,X,낮음
2026-09-20,의성(278),X,27.5,28.6,20.2,12.6,74.4,X, ,X,낮음
2026-09-20,구미(279),X,27.8,29.1,21.4,15.1,67.8,X, ,X,낮음
2026-09-20,영천(281),X,26.7,27.1,20.1,13.8,73.4,X, ,X,낮음
2026-09-20,경주시(283),X,26.3,26.2,20.6,16.5,76.4,X, ,X,낮음
2026-09-20,거창(284),X,28.7,29.4,20,14,76.8,X, ,X,낮음
2026-09-20,합천(285),X,27.9,28.9,21.3,15.3,74.6,X, ,X,낮음
2026-09-20,밀양(288),X,28.1,29.2,23.3,18.6,63.5,X, ,X,낮음
2026-09-20,산청(289),X,28.8,29.1,21,15.3,78,X, ,X,낮음
2026-09-20,거제(294),X,27.1,27.2,22.2,18.3,70.4,X, ,X,낮음
2026-09-20,남해(295),X,27.3,27.7,22.7,18.5,69.8,X, ,X,낮음
2026-09-20,부천(433),X,28.2,29.8,24.2,19.8,56,X, ,X,낮음
2026-09-20,안양(434),X,,29,23.9,20,,X, ,X,낮음
2026-09-20,광명(437),X,28.4,30.3,24.8,21.2,54,X, ,X,낮음
2026-09-20,군포(438),X,28,29.7,23.7,19.6,56,X, ,X,낮음
2026-09-20,김포(441),X,28.4,29,22.5,16.7,74,X, ,X,낮음
2026-09-20,하남(444),X,28.2,29,22,16.4,67,X, ,X,낮음
2026-09-20,의왕(445),X,29.2,29.5,21.8,15.3,74,X, ,X,낮음
2026-09-20,포천(504),X,28.2,29.9,21.1,13.7,69,X, ,X,낮음
2026-09-20,가평조종(505),X,27.8,29,19.9,12.7,76,X, ,X,낮음
2026-09-20,안성(516),X,28.2,29.7,22.4,16.2,68,X, ,X,낮음
2026-09-20,간성(517),X,25.1,24.2,19.2,15.4,79,X, ,X,낮음
2026-09-20,평창(526),X,26.3,28,17.5,10.7,77,X, ,X,낮음
2026-09-20,의정부(532),X,28.3,29.4,21.8,15.4,68,X, ,X,낮음
2026-09-20,횡성(536),X,27.7,29.5,19.9,12.3,68,X, ,X,낮음
2026-09-20,고양(540),X,28.8,30.7,22,15.3,70,X, ,X,낮음
2026-09-20,남양주(541),X,29,30.7,22.2,15.6,64,X, ,X,낮음
2026-09-20,안산(545),X,29.1,29.5,21,14.5,79,X, ,X,낮음
2026-09-20,경기광주(546),X,26.9,28.2,20.8,15.3,69,X, ,X,낮음
2026-09-20,여주(548),X,28.2,29.2,21,14.6,67,X, ,X,낮음
2026-09-20,용인(549),X,27.9,29.5,21.7,15.5,67,X, ,X,낮음
2026-09-20,오산(550),X,27.7,28.9,22.2,15,69,X, ,X,낮음
2026-09-20,평택(551),X,29.8,30.6,23.3,17.8,71,X, ,X,낮음
2026-09-20,화천(555),X,27.4,28.9,18.7,13.9,79,X, ,X,낮음
2026-09-20,양구(556),X,26.8,28.4,17.6,12,77,X, ,X,낮음
2026-09-20,시흥(565),X,27.8,29.1,21.6,15,73,X, ,X,낮음
2026-09-20,구리(569),X,28,29.4,22.6,17,61,X, ,X,낮음
2026-09-20,화성(571),X,28.1,29.4,23.1,18.5,65,X, ,X,낮음
2026-09-20,성남(572),X,27.5,28.5,22.3,16.3,70,X, ,X,낮음
2026-09-20,과천(590),X,28.3,29.2,21.4,15.2,74,X, ,X,낮음
2026-09-20,양주(598),X,27.9,29.6,21.7,14,72,X, ,X,낮음
2026-09-20,단양(601),X,26.6,27.7,18.2,12.8,78,X, ,X,낮음
2026-09-20,진천(602),X,26.7,27.6,19.8,13,77,X, ,X,낮음
2026-09-20,괴산(603),X,26.3,27.9,19.1,14,77,X, ,X,낮음
2026-09-20,옥천(604),X,27.4,28.3,20.6,15.5,74,X, ,X,낮음
2026-09-20,홍북(608),X,,,,,,X, ,X,낮음
2026-09-20,공주(612),X,27.1,28.6,21.4,15.8,74,X, ,X,낮음
2026-09-20,서천(614),X,28,28.4,21.9,17.3,75,X, ,X,낮음
2026-09-20,논산(615),X,27.7,28.9,22,15.8,68,X, ,X,낮음
2026-09-20,당진(616),X,27.4,28,22.1,17.1,73,X, ,X,낮음
2026-09-20,청양(618),X,27.7,28.4,20.5,14.2,79,X, ,X,낮음
2026-09-20,음성(619),X,26.9,27.7,18.9,12.2,78,X, ,X,낮음
2026-09-20,증평(623),X,26.4,28.5,21.2,15,65,X, ,X,낮음
2026-09-20,태안(627),X,27.3,27.7,22.5,17.1,74,X, ,X,낮음
2026-09-20,예산(628),X,27,28,21.4,15.8,73,X, ,X,낮음
2026-09-20,아산(634),X,27.4,28.4,22.4,18.3,66,X, ,X,낮음
2026-09-20,계룡(636),X,27.1,27.8,19.4,13.2,78,X, ,X,낮음
2026-09-20,연천청산(652),X,27.9,29.2,20.4,14.5,71,X, ,X,낮음
2026-09-20,양양(670),X,25.2,23.9,19.6,15.5,79,X, ,X,낮음
2026-09-20,무안(699),X,29.1,28.9,22.7,18,78,X, ,X,낮음
2026-09-20,무주(701),X,26,27.6,19.5,13.7,72,X, ,X,낮음
2026-09-20,익산(702),X,28.5,29.1,22.5,16.1,69,X, ,X,낮음
2026-09-20,진안(703),X,27.5,28.1,19.6,13.3,76,X, ,X,낮음
2026-09-20,담양(706),X,29.4,30.5,23.4,17.9,73,X, ,X,낮음
2026-09-20,구례(709),X,29.5,30,21.8,16,74,X, ,X,낮음
2026-09-20,나주(710),X,28.9,29.7,22.3,17.7,75,X, ,X,낮음
2026-09-20,순천시(712),X,29,28.6,22.6,17.8,80,X, ,X,낮음
2026-09-20,광양읍(713),X,31.2,31.8,23.7,17.5,74,X, ,X,낮음
2026-09-20,장성(730),X,29.4,30.4,22.9,17.4,72,X, ,X,낮음
2026-09-20,영암(731),X,29.8,30.1,22.2,17,78,X, ,X,낮음
2026-09-20,보성(732),X,28.5,29.5,21.1,16.6,78,X, ,X,낮음
2026-09-20,완주(734),X,27.8,29.1,21.5,15.8,70,X, ,X,낮음
2026-09-20,김제(737),X,29,28.5,22.6,18.1,80,X, ,X,낮음
2026-09-20,화순(741),X,29.4,30.1,22.6,17.6,72,X, ,X,낮음
2026-09-20,함평(754),X,29.7,30.6,23,17.3,77,X, ,X,낮음
2026-09-20,곡성(768),X,29.5,30.7,22.4,16.6,73,X, ,X,낮음
2026-09-20,압해도(789),X,30.2,30.1,23.8,18.8,77,X, ,X,낮음
2026-09-20,영양(801),X,27,26.9,18.3,12.3,84,X, ,X,낮음
2026-09-20,성주(810),X,27.8,28.3,21,14.8,74,X, ,X,낮음
2026-09-20,고령(812),X,28.4,29.1,21.1,15,78,X, ,X,낮음
2026-09-20,청도(813),X,27.5,28.1,20.8,15.2,77,X, ,X,낮음
2026-09-20,예천(815),X,27.3,28.4,20.6,13.9,74,X, ,X,낮음
2026-09-20,김천(822),X,27.5,28.4,20.4,13.9,73,X, ,X,낮음
2026-09-20,군위(823),X,27.9,28.3,20,13.8,82,X, ,X,낮음
2026-09-20,군위(823),X,27.9,28.3,20,13.8,82,X, ,X,낮음
2026-09-20,군위(823),X,27.9,28.3,20,13.8,82,X, ,X,낮음
2026-09-20,군위(823),X,27.9,28.3,20,13.8,82,X, ,X,낮음
2026-09-20,군위(823),X,27.9,28.3,20,13.8,82,X, ,X,낮음
2026-09-20,군위(823),X,27.9,28.3,20,13.8,82,X, ,X,낮음
2026-09-20,군위(823),X,27.9,28.3,20,13.8,82,X, ,X,낮음
2026-09-20,군위(823),X,27.9,28.3,20,13.8,82,X, ,X,낮음
2026-09-20,군위(823),X,27.9,28.3,20,13.8,82,X, ,X,낮음
2026-09-20,군위(823),X,27.9,28.3,20,13.8,82,X, ,X,낮음
2026-09-20,군위(823),X,27.9,28.3,20,13.8,82,X, ,X,낮음
2026-09-20,군위(823),X,27.9,28.3,20,13.8,82,X, ,X,낮음
2026-09-20,군위(823),X,27.9,28.3,20,13.8,82,X, ,X,낮음
2026-09-20,군위(823),X,27.9,28.3,20,13.8,82,X, ,X,낮음
2026-09-20,군위(823),X,27.9,28.3,20,13.8,82,X, ,X,낮음
2026-09-20,군위(823),X,27.9,28.3,20,13.8,82,X, ,X,낮음
2026-09-20,군위(823),X,27.9,28.3,20,13.8,82,X, ,X,낮음
2026-09-20,군위(823),X,27.9,28.3,20,13.8,82,X, ,X,낮음
2026-09-20,군위(823),X,27.9,28.3,20,13.8,82,X, ,X,낮음
2026-09-20,군위(823),X,27.9,28.3,20,13.8,82,X, ,X,낮음
2026-09-20,군위(823),X,27.9,28.3,20,13.8,82,X, ,X,낮음
2026-09-20,군위(823),X,27.9,28.3,20,13.8,82,X, ,X,낮음
2026-09-20,군위(823),X,27.9,28.3,20,13.8,82,X, ,X,낮음
2026-09-20,군위(823),X,27.9,28.3,20,13.8,82,X, ,X,낮음
2026-09-20,군위(823),X,27.9,28.3,20,13.8,82,X, ,X,낮음
2026-09-20,군위(823),X,27.9,28.3,20,13.8,82,X, ,X,낮음
2026-09-20,군위(823),X,27.9,28.3,20,13.8,82,X, ,X,낮음
2026-09-20,군위(823),X,27.9,28.3,20,13.8,82,X, ,X,낮음
2026-09-20,군위(823),X,27.9,28.3,20,13.8,82,X, ,X,낮음
2026-09-20,군위(823),X,27.9,28.3,20,13.8,82,X, ,X,낮음
2026-09-20,군위(823),X,27.9,28.3,20,13.8,82,X, ,X,낮음
2026-09-20,군위(823),X,27.9,28.3,20,13.8,82,X, ,X,낮음
2026-09-20,칠곡(825),X,27.7,28.6,21.7,16,75,X, ,X,낮음
2026-09-20,경산(827),X,28,29.2,21.6,16,69,X, ,X,낮음
2026-09-20,삼척(876),X,25.7,25,20.6,17,76,X, ,X,낮음
2026-09-20,속초(90),X,25.1,24.3,20.1,16.5,76.1,X, ,X,낮음
2026-09-20,삼천포(907),X,28,28.9,23.1,18.8,65,X, ,X,낮음
2026-09-20,고성(918),X,28.1,28.4,22,16.6,75,X, ,X,낮음
2026-09-20,창녕(919),X,28.3,29.4,22.3,16.1,68,X, ,X,낮음
2026-09-20,함안(920),X,28.4,28.2,20.6,13.5,80,X, ,X,낮음
2026-09-20,북춘천(93),X,27.1,28.9,19.6,12,73.5,X, ,X,낮음
2026-09-20,하동(932),X,28.6,29.8,22.8,16.9,74,X, ,X,낮음
2026-09-20,철원(95),X,26.2,28.8,19.8,12.6,69,X, ,X,낮음
2026-09-20,동두천(98),X,26.9,29,21.6,14.8,62.9,X, ,X,낮음
2026-09-20,파주(99),X,28.2,29,21,15.3,74.5,X, ,X,낮음
2026-09-21,북강릉(104),X,25.3,23.8,19,13.2,80.3,X, ,X,낮음
2026-09-21,동해(106),X,25.2,24,19.5,14.2,76.9,X, ,X,낮음
2026-09-21,서울(108),X,26.9,30.5,23.8,17.8,48.3,X, ,X,낮음
2026-09-21,인천(112),X,27.7,28,23.2,18.9,67,X, ,X,낮음
2026-09-21,원주(114),X,27.4,29.4,21,13.4,61.8,X, ,X,낮음
2026-09-21,울릉도(115),X,25.3,23.7,21.3,19.4,77.6,X, ,X,낮음
2026-09-21,수원(119),X,27.1,29.7,22.4,16.7,63.3,X, ,X,낮음
2026-09-21,영월(121),X,28.1,30.1,19.1,10.1,66.6,X, ,X,낮음
2026-09-21,충주(127),X,27.1,28.8,20,12.3,68.3,X, ,X,낮음
2026-09-21,서산(129),X,27.3,29.5,22.3,17.5,68.5,X, ,X,낮음
2026-09-21,울진(130),X,26.8,26.4,20.8,16,73.8,X, ,X,낮음
2026-09-21,청주(131),X,27.4,29.2,23.3,17.7,56.9,X, ,X,낮음
2026-09-21,대전(133),X,27.8,29.1,22.6,17.1,67.1,X, ,X,낮음
2026-09-21,추풍령(135),X,26,26.2,18.8,11.9,74.6,X, ,X,낮음
2026-09-21,안동(136),X,27.5,29.3,20.4,12.9,64.3,X, ,X,낮음
2026-09-21,상주(137),X,27.3,27.8,20,13.6,76.3,X, ,X,낮음
2026-09-21,포항(138),X,26,25.4,22.4,19.7,63.8,X, ,X,낮음
2026-09-21,군산(140),X,28.1,27.6,21.7,16.7,81.6,X, ,X,낮음
2026-09-21,대구(143),X,27,28.5,21.6,15.3,61.1,X, ,X,낮음
2026-09-21,전주(146),X,28.5,29.9,23.3,16.9,64.5,X, ,X,낮음
2026-09-21,울산(152),X,25.6,25.8,21.5,18.5,66.1,X, ,X,낮음
2026-09-21,창원(155),X,28.4,29.2,22.9,17.3,64.8,X, ,X,낮음
2026-09-21,광주(156),X,29.1,30.9,24.2,19,67.5,X, ,X,낮음
2026-09-21,부산(159),X,28.7,29.4,23.7,19.7,60.6,X, ,X,낮음
2026-09-21,통영(162),X,28,28.5,22.8,18.1,62.6,X, ,X,낮음
2026-09-21,목포(165),X,28.1,27.6,23.3,19.8,78,X, ,X,낮음
2026-09-21,여수(168),X,27.2,27.6,23.6,20.6,62.8,X, ,X,낮음
2026-09-21,흑산도(169),X,29,28,23.6,21.4,78.6,X, ,X,낮음
2026-09-21,완도(170),X,29.7,30.1,23.6,18.9,69.4,X, ,X,낮음
2026-09-21,고창(172),X,28.9,29,21.7,16.1,85.1,X, ,X,낮음
2026-09-21,제주(184),X,27.9,27.5,24.7,22.5,64.1,X, ,X,낮음
2026-09-21,진주(192),X,27.3,28,20,13,72.9,X, ,X,낮음
2026-09-21,양평(202),X,27.2,28.9,20.4,14.4,70.6,X, ,X,낮음
2026-09-21,이천(203),X,27.3,29.3,20,13.1,70.4,X, ,X,낮음
2026-09-21,인제(211),X,25.8,27.3,17.8,10,69.3,X, ,X,낮음
2026-09-21,홍천(212),X,27,28.9,19.2,11.8,66.5,X, ,X,낮음
2026-09-21,태백(216),X,22.3,22.8,14.8,8.3,76.9,X, ,X,낮음
2026-09-21,정선군(217),X,25.2,26.7,18,12.4,69,X, ,X,낮음
2026-09-21,제천(221),X,26.1,28,18.1,9.6,68.3,X, ,X,낮음
2026-09-21,보은(226),X,26.6,27.2,19,12,77,X, ,X,낮음
2026-09-21,천안(232),X,26.4,27.9,20.1,15.1,76.1,X, ,X,낮음
2026-09-21,보령(235),X,30.6,31.2,23.1,17.5,69.4,X, ,X,낮음
2026-09-21,부여(236),X,28.2,29,21.3,15.3,73.1,X, ,X,낮음
2026-09-21,금산(238),X,27.2,28.9,20.3,13.2,72.1,X, ,X,낮음
2026-09-21,세종(239),X,27.7,28.7,21.8,16.6,70.9,X, ,X,낮음
2026-09-21,부안(243),X,27.9,28.6,22.1,17,76.8,X, ,X,낮음
2026-09-21,임실(244),X,27.7,29.3,20.8,13.2,70.3,X, ,X,낮음
2026-09-21,정읍(245),X,28.1,29,22.3,16.5,74.3,X, ,X,낮음
2026-09-21,남원(247),X,29.2,30.2,21.8,13.7,67.8,X, ,X,낮음
2026-09-21,장수(248),X,26.5,27.9,18.3,10,76.9,X, ,X,낮음
2026-09-21,영광군(252),X,27.8,27.7,21.9,16.7,79,X, ,X,낮음
2026-09-21,김해시(253),X,28.9,29.5,22.7,17.3,64.8,X, ,X,낮음
2026-09-21,순창군(254),X,28.3,31.1,21.8,14.7,69.1,X, ,X,낮음
2026-09-21,양산시(257),X,28.5,29.1,22.8,16.5,68.6,X, ,X,낮음
2026-09-21,강진군(259),X,29.5,30.5,22.6,16.3,75.4,X, ,X,낮음
2026-09-21,장흥(260),X,29.2,29.7,21.9,14.9,77,X, ,X,낮음
2026-09-21,해남(261),X,29.8,30.2,22.4,15.3,78.6,X, ,X,낮음
2026-09-21,고흥(262),X,29.2,31.4,22.1,15.5,69.9,X, ,X,낮음
2026-09-21,의령군(263),X,28.1,28.7,20,13.2,76.5,X, ,X,낮음
2026-09-21,함양군(264),X,28.3,29.4,20.1,12.2,76,X, ,X,낮음
2026-09-21,진도군ASOS(268),X,27.8,27.6,22.3,17.9,80.5,X, ,X,낮음
2026-09-21,봉화(271),X,25.8,27.5,16.8,7.3,66.6,X, ,X,낮음
2026-09-21,영주(272),X,26.3,27.6,18.1,10.5,75.4,X, ,X,낮음
2026-09-21,문경(273),X,27,27.4,19,12.6,76.1,X, ,X,낮음
2026-09-21,청송군(276),X,26.8,27.8,18,11.5,76.1,X, ,X,낮음
2026-09-21,영덕(277),X,25.6,25.4,19.9,14.5,71.8,X, ,X,낮음
2026-09-21,의성(278),X,27.8,29.9,19.9,11.9,69.1,X, ,X,낮음
2026-09-21,구미(279),X,28.4,29.6,21.5,14.5,67.6,X, ,X,낮음
2026-09-21,영천(281),X,26.6,27.7,19.8,12.7,70,X, ,X,낮음
2026-09-21,경주시(283),X,26.8,26.7,20.1,14,75.6,X, ,X,낮음
2026-09-21,거창(284),X,27.7,28.2,19.4,11.2,75.1,X, ,X,낮음
2026-09-21,합천(285),X,27.9,28.9,20.9,13.9,74.5,X, ,X,낮음
2026-09-21,밀양(288),X,28.1,29.4,22.7,15.5,63.4,X, ,X,낮음
2026-09-21,산청(289),X,27.9,28.8,20.2,13.4,75.6,X, ,X,낮음
2026-09-21,거제(294),X,27.1,27,21.9,17.2,69.8,X, ,X,낮음
2026-09-21,남해(295),X,26.8,27.5,22,17.8,71.9,X, ,X,낮음
2026-09-21,부천(433),X,27.3,31.6,24.5,19.5,53,X, ,X,낮음
2026-09-21,안양(434),X,,29.5,24,19.9,,X, ,X,낮음
2026-09-21,광명(437),X,27.1,31.3,25.2,20.9,50,X, ,X,낮음
2026-09-21,군포(438),X,26.9,30.2,23.5,19.3,52,X, ,X,낮음
2026-09-21,김포(441),X,29.1,31,22.6,16.5,70,X, ,X,낮음
2026-09-21,하남(444),X,27.2,29,21.1,15.4,66,X, ,X,낮음
2026-09-21,의왕(445),X,27.5,29.6,21.6,15.8,68,X, ,X,낮음
2026-09-21,포천(504),X,28.2,31.4,20.8,12.6,62,X, ,X,낮음
2026-09-21,가평조종(505),X,27.2,29.3,19.2,11.7,71,X, ,X,낮음
2026-09-21,안성(516),X,28,30,21.8,15.8,65,X, ,X,낮음
2026-09-21,간성(517),X,25.1,23.8,18.2,12.5,73,X, ,X,낮음
2026-09-21,평창(526),X,26.6,28,17.3,9.3,71,X, ,X,낮음
2026-09-21,의정부(532),X,27.8,30.6,21.8,15.2,60,X, ,X,낮음
2026-09-21,횡성(536),X,27,29.9,19.3,11.1,65,X, ,X,낮음
2026-09-21,고양(540),X,28.8,,21.8,,65,X, ,X,낮음
2026-09-21,남양주(541),X,27.9,31,22.2,15.5,58,X, ,X,낮음
2026-09-21,안산(545),X,28.1,30.4,20.6,14.2,76,X, ,X,낮음
2026-09-21,경기광주(546),X,26.1,28.3,19.8,14.4,66,X, ,X,낮음
2026-09-21,여주(548),X,28,29.6,20.8,13.5,66,X, ,X,낮음
2026-09-21,용인(549),X,27.6,30,21.5,15.4,63,X, ,X,낮음
2026-09-21,오산(550),X,26.9,29.3,20.8,15.6,70,X, ,X,낮음
2026-09-21,평택(551),X,29,30.7,22.7,16.4,65,X, ,X,낮음
2026-09-21,화천(555),X,27.8,29.3,18.5,12.2,75,X, ,X,낮음
2026-09-21,양구(556),X,26.9,29.2,17.5,10.9,74,X, ,X,낮음
2026-09-21,시흥(565),X,27.6,29.6,21,14.5,71,X, ,X,낮음
2026-09-21,구리(569),X,27.3,30.3,21.8,15.6,59,X, ,X,낮음
2026-09-21,화성(571),X,28.4,31,23.2,17.7,64,X, ,X,낮음
2026-09-21,성남(572),X,26.4,28.4,21.5,16.7,67,X, ,X,낮음
2026-09-21,과천(590),X,27.3,29.1,20.7,15.3,72,X, ,X,낮음
2026-09-21,양주(598),X,28.1,31.9,21.3,13.4,62,X, ,X,낮음
2026-09-21,단양(601),X,26.7,27.8,17.8,10.4,75,X, ,X,낮음
2026-09-21,진천(602),X,27.2,28.6,19.8,12.9,75,X, ,X,낮음
2026-09-21,괴산(603),X,27.2,28.7,18.9,11.2,76,X, ,X,낮음
2026-09-21,옥천(604),X,27.1,28.6,20.1,13.4,76,X, ,X,낮음
2026-09-21,홍북(608),X,,,,,,X, ,X,낮음
2026-09-21,공주(612),X,27.2,28.1,20.9,15,74,X, ,X,낮음
2026-09-21,서천(614),X,28,27.5,20.6,14.3,83,X, ,X,낮음
2026-09-21,논산(615),X,28.1,29.6,21.1,14.2,73,X, ,X,낮음
2026-09-21,당진(616),X,27.5,29.1,22.1,17,71,X, ,X,낮음
2026-09-21,청양(618),X,27.8,29.4,20,13.6,77,X, ,X,낮음
2026-09-21,음성(619),X,27.3,28.3,18.8,11.1,77,X, ,X,낮음
2026-09-21,증평(623),X,26.5,28.9,21.4,14.4,61,X, ,X,낮음
2026-09-21,태안(627),X,28.2,28.5,22.5,17.4,73,X, ,X,낮음
2026-09-21,예산(628),X,27,28.9,21.8,16.2,70,X, ,X,낮음
2026-09-21,아산(634),X,27.3,29.5,22.2,16.5,71,X, ,X,낮음
2026-09-21,계룡(636),X,26.9,28.1,19.3,12,78,X, ,X,낮음
2026-09-21,연천청산(652),X,27.1,30.6,20.3,13.2,63,X, ,X,낮음
2026-09-21,양양(670),X,24.8,23.2,19,13.9,75,X, ,X,낮음
2026-09-21,무안(699),X,28.7,28.3,22.3,17.1,80,X, ,X,낮음
2026-09-21,무주(701),X,26.2,28.1,19.5,12.5,70,X, ,X,낮음
2026-09-21,익산(702),X,28.6,29.2,21.6,14.1,75,X, ,X,낮음
2026-09-21,진안(703),X,28.1,28.7,18.9,11.1,78,X, ,X,낮음
2026-09-21,담양(706),X,29.4,30.7,22.4,15.4,75,X, ,X,낮음
2026-09-21,구례(709),X,29.4,30,20.5,14.3,78,X, ,X,낮음
2026-09-21,나주(710),X,28.4,29.4,21.6,14.9,78,X, ,X,낮음
2026-09-21,순천시(712),X,28.8,29,22.1,16.2,79,X, ,X,낮음
2026-09-21,광양읍(713),X,30.3,31.6,23,15.9,72,X, ,X,낮음
2026-09-21,장성(730),X,28.9,30.7,22.4,15.9,75,X, ,X,낮음
2026-09-21,영암(731),X,29.5,30,21.9,15.2,79,X, ,X,낮음
2026-09-21,보성(732),X,27,28,20.2,13.8,74,X, ,X,낮음
2026-09-21,완주(734),X,28.6,30.3,21.1,14.1,72,X, ,X,낮음
2026-09-21,김제(737),X,28.9,28.8,22.3,16.6,84,X, ,X,낮음
2026-09-21,화순(741),X,29.6,30.2,21.8,14.7,72,X, ,X,낮음
2026-09-21,함평(754),X,29.8,30,22.1,15.9,81,X, ,X,낮음
2026-09-21,곡성(768),X,29.1,30.9,20.9,13.6,77,X, ,X,낮음
2026-09-21,압해도(789),X,29.5,29.4,23.6,18.7,78,X, ,X,낮음
2026-09-21,영양(801),X,27.1,27.5,18.2,10.8,77,X, ,X,낮음
2026-09-21,성주(810),X,28.3,28.6,20.8,14.2,72,X, ,X,낮음
2026-09-21,고령(812),X,29,29.4,20.6,12.9,77,X, ,X,낮음
2026-09-21,청도(813),X,27.1,28.2,19.4,12.7,78,X, ,X,낮음
2026-09-21,예천(815),X,28,28.9,20,13.4,74,X, ,X,낮음
2026-09-21,김천(822),X,27.7,28.4,19.8,12.2,76,X, ,X,낮음
2026-09-21,군위(823),X,28.7,29.1,19.8,13.2,79,X, ,X,낮음
2026-09-21,군위(823),X,28.7,29.1,19.8,13.2,79,X, ,X,낮음
2026-09-21,군위(823),X,28.7,29.1,19.8,13.2,79,X, ,X,낮음
2026-09-21,군위(823),X,28.7,29.1,19.8,13.2,79,X, ,X,낮음
2026-09-21,군위(823),X,28.7,29.1,19.8,13.2,79,X, ,X,낮음
2026-09-21,군위(823),X,28.7,29.1,19.8,13.2,79,X, ,X,낮음
2026-09-21,군위(823),X,28.7,29.1,19.8,13.2,79,X, ,X,낮음
2026-09-21,군위(823),X,28.7,29.1,19.8,13.2,79,X, ,X,낮음
2026-09-21,군위(823),X,28.7,29.1,19.8,13.2,79,X, ,X,낮음
2026-09-21,군위(823),X,28.7,29.1,19.8,13.2,79,X, ,X,낮음
2026-09-21,군위(823),X,28.7,29.1,19.8,13.2,79,X, ,X,낮음
2026-09-21,군위(823),X,28.7,29.1,19.8,13.2,79,X, ,X,낮음
2026-09-21,군위(823),X,28.7,29.1,19.8,13.2,79,X, ,X,낮음
2026-09-21,군위(823),X,28.7,29.1,19.8,13.2,79,X, ,X,낮음
2026-09-21,군위(823),X,28.7,29.1,19.8,13.2,79,X, ,X,낮음
2026-09-21,군위(823),X,28.7,29.1,19.8,13.2,79,X, ,X,낮음
2026-09-21,군위(823),X,28.7,29.1,19.8,13.2,79,X, ,X,낮음
2026-09-21,군위(823),X,28.7,29.1,19.8,13.2,79,X, ,X,낮음
2026-09-21,군위(823),X,28.7,29.1,19.8,13.2,79,X, ,X,낮음
2026-09-21,군위(823),X,28.7,29.1,19.8,13.2,79,X, ,X,낮음
2026-09-21,군위(823),X,28.7,29.1,19.8,13.2,79,X, ,X,낮음
2026-09-21,군위(823),X,28.7,29.1,19.8,13.2,79,X, ,X,낮음
2026-09-21,군위(823),X,28.7,29.1,19.8,13.2,79,X, ,X,낮음
2026-09-21,군위(823),X,28.7,29.1,19.8,13.2,79,X, ,X,낮음
2026-09-21,군위(823),X,28.7,29.1,19.8,13.2,79,X, ,X,낮음
2026-09-21,군위(823),X,28.7,29.1,19.8,13.2,79,X, ,X,낮음
2026-09-21,군위(823),X,28.7,29.1,19.8,13.2,79,X, ,X,낮음
2026-09-21,군위(823),X,28.7,29.1,19.8,13.2,79,X, ,X,낮음
2026-09-21,군위(823),X,28.7,29.1,19.8,13.2,79,X, ,X,낮음
2026-09-21,군위(823),X,28.7,29.1,19.8,13.2,79,X, ,X,낮음
2026-09-21,군위(823),X,28.7,29.1,19.8,13.2,79,X, ,X,낮음
2026-09-21,군위(823),X,28.7,29.1,19.8,13.2,79,X, ,X,낮음
2026-09-21,칠곡(825),X,28.5,29.5,21.2,15.3,75,X, ,X,낮음
2026-09-21,경산(827),X,28.1,29.5,21.2,14.9,65,X, ,X,낮음
2026-09-21,삼척(876),X,25.9,25.1,20.3,16.2,74,X, ,X,낮음
2026-09-21,속초(90),X,25.2,24.1,19.7,15.1,73,X, ,X,낮음
2026-09-21,삼천포(907),X,28.1,28.6,22.3,17,70,X, ,X,낮음
2026-09-21,고성(918),X,27.7,28.2,21.2,15.1,77,X, ,X,낮음
2026-09-21,창녕(919),X,28.1,29.5,21.7,14.5,66,X, ,X,낮음
2026-09-21,함안(920),X,28.9,29.4,20.2,13,75,X, ,X,낮음
2026-09-21,북춘천(93),X,27.1,30.1,19.9,11.4,66.4,X, ,X,낮음
2026-09-21,하동(932),X,27.6,29.7,22.1,15.2,71,X, ,X,낮음
2026-09-21,철원(95),X,26.4,30.2,20,10.8,62.6,X, ,X,낮음
2026-09-21,동두천(98),X,27.4,30.4,21.3,13.8,56,X, ,X,낮음
2026-09-21,파주(99),X,28,29.5,20.2,14.8,69.1,X, ,X,낮음
2026-09-22,북강릉(104),X,26.6,25.5,20.1,15.9,82.8,X, ,X,낮음
2026-09-22,동해(106),X,26.9,26.4,20.9,16.9,76.3,X, ,X,낮음
2026-09-22,서울(108),X,28.2,30.1,23.9,18.4,51.8,X, ,X,낮음
2026-09-22,인천(112),X,27.8,28.9,24.1,19.2,60,X, ,X,낮음
2026-09-22,원주(114),X,28,29.5,22.2,14.1,62.3,X, ,X,낮음
2026-09-22,울릉도(115),X,24.2,23,20.5,18.5,73.6,X, ,X,낮음
2026-09-22,수원(119),X,27.6,29.4,23.1,18.1,56.6,X, ,X,낮음
2026-09-22,영월(121),X,28.2,29.6,19.7,11,69.9,X, ,X,낮음
2026-09-22,충주(127),X,27.2,28.8,21.6,14.3,61.6,X, ,X,낮음
2026-09-22,서산(129),X,28.3,29.8,22.6,16.3,66.6,X, ,X,낮음
2026-09-22,울진(130),X,26,,,17.5,,X, ,X,낮음
2026-09-22,청주(131),X,27.8,29.6,24.1,18.2,51.8,X, ,X,낮음
2026-09-22,대전(133),X,28,29.5,23.6,17.7,58.4,X, ,X,낮음
2026-09-22,추풍령(135),X,26,26.3,19.8,13.1,68.9,X, ,X,낮음
2026-09-22,안동(136),X,26.9,27.9,20.5,12.8,67.8,X, ,X,낮음
2026-09-22,상주(137),X,27.6,28.2,20.9,13.5,71.4,X, ,X,낮음
2026-09-22,포항(138),X,25.8,25.8,23.2,20.9,64.5,X, ,X,낮음
2026-09-22,군산(140),X,29.1,29.4,22.4,17.2,73.9,X, ,X,낮음
2026-09-22,대구(143),X,26.4,27.6,22,15.9,59.8,X, ,X,낮음
2026-09-22,전주(146),X,29,30.5,24.2,18.5,60.4,X, ,X,낮음
2026-09-22,울산(152),X,24.9,25.2,21.9,19.5,64.1,X, ,X,낮음
2026-09-22,창원(155),X,27.7,29.1,23.4,18.4,60.5,X, ,X,낮음
2026-09-22,광주(156),X,28.7,30.4,24.2,19.3,66.8,X, ,X,낮음
2026-09-22,부산(159),X,27.6,28.1,23.6,20.6,60.9,X, ,X,낮음
2026-09-22,통영(162),X,28,28.7,23.3,19.4,59.5,X, ,X,낮음
2026-09-22,목포(165),X,28.3,29.3,24,20.1,71.3,X, ,X,낮음
2026-09-22,여수(168),X,27.3,28.2,23.9,21.3,56.8,X, ,X,낮음
2026-09-22,흑산도(169),X,30.7,30.6,23.9,20.6,75.8,X, ,X,낮음
2026-09-22,완도(170),X,28.7,29.9,24.1,18.6,68,X, ,X,낮음
2026-09-22,고창(172),X,29.1,29.3,22.9,17.7,79.9,X, ,X,낮음
2026-09-22,제주(184),X,27.1,27.2,24.3,22.4,63.8,X, ,X,낮음
2026-09-22,진주(192),X,27,28.1,20.2,13,71.8,X, ,X,낮음
2026-09-22,양평(202),X,27.7,28.9,20.8,14,71,X, ,X,낮음
2026-09-22,이천(203),X,28.4,29.6,21.3,12.9,71.1,X, ,X,낮음
2026-09-22,인제(211),X,26.6,27.5,18.1,10.8,76,X, ,X,낮음
2026-09-22,홍천(212),X,27.2,28.8,19.7,11.7,70.1,X, ,X,낮음
2026-09-22,태백(216),X,22.5,22.1,16.6,10.3,80.1,X, ,X,낮음
2026-09-22,정선군(217),X,26.3,27,18.3,10.9,75.4,X, ,X,낮음
2026-09-22,제천(221),X,26.6,27.4,19,10.3,73.6,X, ,X,낮음
2026-09-22,보은(226),X,26.1,26.9,19.5,12.4,75.6,X, ,X,낮음
2026-09-22,천안(232),X,27.2,28.4,20.7,13.5,74.6,X, ,X,낮음
2026-09-22,보령(235),X,29.3,30.2,23.5,17.6,64.6,X, ,X,낮음
2026-09-22,부여(236),X,28,29.4,21.7,14.6,70.4,X, ,X,낮음
2026-09-22,금산(238),X,27.2,28.9,20.9,14,70,X, ,X,낮음
2026-09-22,세종(239),X,27.9,28.7,22.3,16.2,67,X, ,X,낮음
2026-09-22,부안(243),X,28.2,29.7,22.8,18.1,71.1,X, ,X,낮음
2026-09-22,임실(244),X,27.8,29.3,21.2,13.7,70.9,X, ,X,낮음
2026-09-22,정읍(245),X,28.5,29.7,23.3,17.5,67.9,X, ,X,낮음
2026-09-22,남원(247),X,28.4,29.5,22.4,15.4,65.1,X, ,X,낮음
2026-09-22,장수(248),X,26.5,27.3,18.8,11.4,77.5,X, ,X,낮음
2026-09-22,영광군(252),X,28,29.2,22.8,18.3,74.6,X, ,X,낮음
2026-09-22,김해시(253),X,28.5,29.2,23.3,19,63.4,X, ,X,낮음
2026-09-22,순창군(254),X,27.8,29.9,22.3,15.2,67.9,X, ,X,낮음
2026-09-22,양산시(257),X,28.1,28.8,23.8,19.4,63.5,X, ,X,낮음
2026-09-22,강진군(259),X,28.4,29.7,23,17.2,70.6,X, ,X,낮음
2026-09-22,장흥(260),X,28.7,29.9,21.9,15.2,73.3,X, ,X,낮음
2026-09-22,해남(261),X,29,29.6,22.9,16.2,72.5,X, ,X,낮음
2026-09-22,고흥(262),X,28.3,29.8,22.2,15.6,69.3,X, ,X,낮음
2026-09-22,의령군(263),X,28.1,28.6,20.3,13.1,73.8,X, ,X,낮음
2026-09-22,함양군(264),X,27.8,29.1,20.4,12.7,74.3,X, ,X,낮음
2026-09-22,진도군ASOS(268),X,28,28.3,22.3,17.3,73.5,X, ,X,낮음
2026-09-22,봉화(271),X,25.1,25.2,17.6,9.5,76.6,X, ,X,낮음
2026-09-22,영주(272),X,26.7,27.6,19.5,12,72.5,X, ,X,낮음
2026-09-22,문경(273),X,26.6,27.2,19.7,12.3,75,X, ,X,낮음
2026-09-22,청송군(276),X,26.9,27.1,18.7,10.5,80,X, ,X,낮음
2026-09-22,영덕(277),X,25.5,25.2,20.8,16.2,74.8,X, ,X,낮음
2026-09-22,의성(278),X,27.6,28.8,20,12.2,71,X, ,X,낮음
2026-09-22,구미(279),X,28.2,30.1,22,14.8,62.8,X, ,X,낮음
2026-09-22,영천(281),X,26.1,26.7,20.1,13.1,69.5,X, ,X,낮음
2026-09-22,경주시(283),X,26.4,27.1,20.8,15.2,73.8,X, ,X,낮음
2026-09-22,거창(284),X,27.7,28.3,20.4,12.4,72.5,X, ,X,낮음
2026-09-22,합천(285),X,27.8,29.1,21.4,14.1,69.8,X, ,X,낮음
2026-09-22,밀양(288),X,28.1,29.4,23.1,17.2,62.9,X, ,X,낮음
2026-09-22,산청(289),X,27.4,28.4,20.5,13.7,73.9,X, ,X,낮음
2026-09-22,거제(294),X,26.8,27,22.1,17.7,67.6,X, ,X,낮음
2026-09-22,남해(295),X,26.8,27.8,22.4,17.6,66.4,X, ,X,낮음
2026-09-22,부천(433),X,28.4,30.5,24.5,19.8,51,X, ,X,낮음
2026-09-22,안양(434),X,,29.1,24.2,20.4,,X, ,X,낮음
2026-09-22,광명(437),X,28.3,30.7,25.4,21.4,47,X, ,X,낮음
2026-09-22,군포(438),X,28.3,30.6,23.6,18.2,54,X, ,X,낮음
2026-09-22,김포(441),X,29.6,31.3,22.8,15.8,69,X, ,X,낮음
2026-09-22,하남(444),X,27.7,28.9,21.7,14.7,66,X, ,X,낮음
2026-09-22,의왕(445),X,28.7,29.4,21.5,15,71,X, ,X,낮음
2026-09-22,포천(504),X,29.6,31,20.8,12.2,69,X, ,X,낮음
2026-09-22,가평조종(505),X,28.3,29.3,19.2,11.1,77,X, ,X,낮음
2026-09-22,안성(516),X,28.7,29.9,22.3,15.3,64,X, ,X,낮음
2026-09-22,간성(517),X,25.7,25.1,19.9,16,78,X, ,X,낮음
2026-09-22,평창(526),X,26.6,27.6,18.8,10.3,73,X, ,X,낮음
2026-09-22,의정부(532),X,28.8,30.7,21.6,14.1,64,X, ,X,낮음
2026-09-22,횡성(536),X,27.7,29.8,20.3,12.1,68,X, ,X,낮음
2026-09-22,고양(540),X,29.4,31.2,22,14.6,64,X, ,X,낮음
2026-09-22,남양주(541),X,28.8,30.5,22,14.1,64,X, ,X,낮음
2026-09-22,안산(545),X,29.5,30.8,21.1,13.4,75,X, ,X,낮음
2026-09-22,경기광주(546),X,27.3,28.5,20.7,14.6,67,X, ,X,낮음
2026-09-22,여주(548),X,28.4,29.5,21.6,13.7,68,X, ,X,낮음
2026-09-22,용인(549),X,28.2,29.8,21.8,14.2,65,X, ,X,낮음
2026-09-22,오산(550),X,27.8,29.1,21.1,13.9,70,X, ,X,낮음
2026-09-22,평택(551),X,29.5,30.3,23.1,15.8,67,X, ,X,낮음
2026-09-22,화천(555),X,28.4,29.2,19,12.3,79,X, ,X,낮음
2026-09-22,양구(556),X,28,29.5,17.9,9.5,76,X, ,X,낮음
2026-09-22,시흥(565),X,27.9,29.5,21.3,13.8,71,X, ,X,낮음
2026-09-22,구리(569),X,27.9,29.6,22.5,16.3,58,X, ,X,낮음
2026-09-22,화성(571),X,28.7,30.5,23.3,17.4,61,X, ,X,낮음
2026-09-22,성남(572),X,27.7,28.9,21.8,15.3,69,X, ,X,낮음
2026-09-22,과천(590),X,27.6,29,21,13.8,72,X, ,X,낮음
2026-09-22,양주(598),X,28.9,31.3,21.2,12.3,68,X, ,X,낮음
2026-09-22,단양(601),X,27.1,28.3,19,11.1,72,X, ,X,낮음
2026-09-22,진천(602),X,27.6,28.4,19.9,12.2,76,X, ,X,낮음
2026-09-22,괴산(603),X,26.9,28,19.5,11.6,76,X, ,X,낮음
2026-09-22,옥천(604),X,26.9,28.2,21.3,14.7,71,X, ,X,낮음
2026-09-22,홍북(608),X,,,,,,X, ,X,낮음
2026-09-22,공주(612),X,27.3,28.6,21.2,14.6,72,X, ,X,낮음
2026-09-22,서천(614),X,28,29.1,21.2,15.5,75,X, ,X,낮음
2026-09-22,논산(615),X,28.1,29.4,21.8,14.4,69,X, ,X,낮음
2026-09-22,당진(616),X,29,30.1,22.1,16.4,73,X, ,X,낮음
2026-09-22,청양(618),X,28.4,29.2,20.6,13.1,77,X, ,X,낮음
2026-09-22,음성(619),X,27.5,28.3,19.5,11.4,77,X, ,X,낮음
2026-09-22,증평(623),X,27.1,28.7,21.8,14.8,61,X, ,X,낮음
2026-09-22,태안(627),X,27.9,28.7,22.1,16,72,X, ,X,낮음
2026-09-22,예산(628),X,27.7,28.9,21.8,14.9,71,X, ,X,낮음
2026-09-22,아산(634),X,29.2,30.6,23.4,16.5,61,X, ,X,낮음
2026-09-22,계룡(636),X,26.9,28,20,13,77,X, ,X,낮음
2026-09-22,연천청산(652),X,27.9,29.4,20.6,13.3,68,X, ,X,낮음
2026-09-22,양양(670),X,25.5,24.5,20.2,16.4,78,X, ,X,낮음
2026-09-22,무안(699),X,29.5,30.3,22.6,17.8,76,X, ,X,낮음
2026-09-22,무주(701),X,26.2,27.9,20.2,12.7,66,X, ,X,낮음
2026-09-22,익산(702),X,29.2,29.9,22,15.4,74,X, ,X,낮음
2026-09-22,진안(703),X,27.5,28.2,19.9,11.9,76,X, ,X,낮음
2026-09-22,담양(706),X,29.1,30,22.7,16.2,73,X, ,X,낮음
2026-09-22,구례(709),X,28.9,29.4,20.8,13.9,76,X, ,X,낮음
2026-09-22,나주(710),X,28.3,29.1,21.9,16,77,X, ,X,낮음
2026-09-22,순천시(712),X,28.5,28.6,22.1,16.7,78,X, ,X,낮음
2026-09-22,광양읍(713),X,29.6,31,23.1,16,69,X, ,X,낮음
2026-09-22,장성(730),X,29.3,30.6,22.5,16.3,74,X, ,X,낮음
2026-09-22,영암(731),X,28.9,30.1,22.5,15.9,76,X, ,X,낮음
2026-09-22,보성(732),X,26.7,28.3,20.6,14.7,72,X, ,X,낮음
2026-09-22,완주(734),X,28.3,29.8,21.8,14.9,69,X, ,X,낮음
2026-09-22,김제(737),X,29.5,29.3,23,17.5,77,X, ,X,낮음
2026-09-22,화순(741),X,29.6,30.7,22.2,15.8,72,X, ,X,낮음
2026-09-22,함평(754),X,29.7,30.2,22.8,16.9,78,X, ,X,낮음
2026-09-22,곡성(768),X,29.5,30.7,21.4,14.2,77,X, ,X,낮음
2026-09-22,압해도(789),X,28.7,29.3,23.5,19.1,78,X, ,X,낮음
2026-09-22,영양(801),X,26.4,26.3,18.1,10.5,83,X, ,X,낮음
2026-09-22,성주(810),X,28,28.7,21.3,14.1,71,X, ,X,낮음
2026-09-22,고령(812),X,28.3,29.1,21,13.3,74,X, ,X,낮음
2026-09-22,청도(813),X,26.7,27.6,20.1,12.7,76,X, ,X,낮음
2026-09-22,예천(815),X,27.5,28.7,20.9,13.1,70,X, ,X,낮음
2026-09-22,김천(822),X,28,29,21.2,13.1,70,X, ,X,낮음
2026-09-22,군위(823),X,28.4,29.2,20.5,12.1,73,X, ,X,낮음
2026-09-22,군위(823),X,28.4,29.2,20.5,12.1,73,X, ,X,낮음
2026-09-22,군위(823),X,28.4,29.2,20.5,12.1,73,X, ,X,낮음
2026-09-22,군위(823),X,28.4,29.2,20.5,12.1,73,X, ,X,낮음
2026-09-22,군위(823),X,28.4,29.2,20.5,12.1,73,X, ,X,낮음
2026-09-22,군위(823),X,28.4,29.2,20.5,12.1,73,X, ,X,낮음
2026-09-22,군위(823),X,28.4,29.2,20.5,12.1,73,X, ,X,낮음
2026-09-22,군위(823),X,28.4,29.2,20.5,12.1,73,X, ,X,낮음
2026-09-22,군위(823),X,28.4,29.2,20.5,12.1,73,X, ,X,낮음
2026-09-22,군위(823),X,28.4,29.2,20.5,12.1,73,X, ,X,낮음
2026-09-22,군위(823),X,28.4,29.2,20.5,12.1,73,X, ,X,낮음
2026-09-22,군위(823),X,28.4,29.2,20.5,12.1,73,X, ,X,낮음
2026-09-22,군위(823),X,28.4,29.2,20.5,12.1,73,X, ,X,낮음
2026-09-22,군위(823),X,28.4,29.2,20.5,12.1,73,X, ,X,낮음
2026-09-22,군위(823),X,28.4,29.2,20.5,12.1,73,X, ,X,낮음
2026-09-22,군위(823),X,28.4,29.2,20.5,12.1,73,X, ,X,낮음
2026-09-22,군위(823),X,28.4,29.2,20.5,12.1,73,X, ,X,낮음
2026-09-22,군위(823),X,28.4,29.2,20.5,12.1,73,X, ,X,낮음
2026-09-22,군위(823),X,28.4,29.2,20.5,12.1,73,X, ,X,낮음
2026-09-22,군위(823),X,28.4,29.2,20.5,12.1,73,X, ,X,낮음
2026-09-22,군위(823),X,28.4,29.2,20.5,12.1,73,X, ,X,낮음
2026-09-22,군위(823),X,28.4,29.2,20.5,12.1,73,X, ,X,낮음
2026-09-22,군위(823),X,28.4,29.2,20.5,12.1,73,X, ,X,낮음
2026-09-22,군위(823),X,28.4,29.2,20.5,12.1,73,X, ,X,낮음
2026-09-22,군위(823),X,28.4,29.2,20.5,12.1,73,X, ,X,낮음
2026-09-22,군위(823),X,28.4,29.2,20.5,12.1,73,X, ,X,낮음
2026-09-22,군위(823),X,28.4,29.2,20.5,12.1,73,X, ,X,낮음
2026-09-22,군위(823),X,28.4,29.2,20.5,12.1,73,X, ,X,낮음
2026-09-22,군위(823),X,28.4,29.2,20.5,12.1,73,X, ,X,낮음
2026-09-22,군위(823),X,28.4,29.2,20.5,12.1,73,X, ,X,낮음
2026-09-22,군위(823),X,28.4,29.2,20.5,12.1,73,X, ,X,낮음
2026-09-22,군위(823),X,28.4,29.2,20.5,12.1,73,X, ,X,낮음
2026-09-22,칠곡(825),X,27.9,29,21.7,15.1,72,X, ,X,낮음
2026-09-22,경산(827),X,27.4,28.8,21.5,15.1,64,X, ,X,낮음
2026-09-22,삼척(876),X,26.7,26.6,21,17.4,73,X, ,X,낮음
2026-09-22,속초(90),X,26.3,25.8,21,16.8,75.6,X, ,X,낮음
2026-09-22,삼천포(907),X,27.6,28.4,22.8,17.5,60,X, ,X,낮음
2026-09-22,고성(918),X,27.5,28.4,21.2,14.7,74,X, ,X,낮음
2026-09-22,창녕(919),X,28,29.4,22.2,15.2,64,X, ,X,낮음
2026-09-22,함안(920),X,29,29.5,20.7,13,75,X, ,X,낮음
2026-09-22,북춘천(93),X,27.7,28.9,19.8,11.9,73.1,X, ,X,낮음
2026-09-22,하동(932),X,27.6,29.4,22.5,15.4,67,X, ,X,낮음
2026-09-22,철원(95),X,27.4,29.4,19.9,12,68.9,X, ,X,낮음
2026-09-22,동두천(98),X,27.9,30.1,21.4,14.1,60.3,X, ,X,낮음
2026-09-22,파주(99),X,28.1,29,20.6,14,72.1,X, ,X,낮음
2026-09-23,북강릉(104),X,27,25.9,20,14,84,X, ,X,낮음
2026-09-23,동해(106),X,25.5,25,20.2,15.2,77,X, ,X,낮음
2026-09-23,서울(108),X,28.5,29.6,23.7,19.2,64.4,X, ,X,낮음
2026-09-23,인천(112),X,27.9,27.7,23.8,20.2,72.6,X, ,X,낮음
2026-09-23,원주(114),X,27.4,28.3,21.9,16.2,69.4,X, ,X,낮음
2026-09-23,울릉도(115),X,24.5,23.2,20.1,17.9,74.6,X, ,X,낮음
2026-09-23,수원(119),X,27.7,28.6,22.6,18,68.8,X, ,X,낮음
2026-09-23,영월(121),X,27.2,28.1,19.6,13.4,76.8,X, ,X,낮음
2026-09-23,충주(127),X,27.6,28.1,21,14.8,72.8,X, ,X,낮음
2026-09-23,서산(129),X,27.7,28.5,21.8,16.3,75.9,X, ,X,낮음
2026-09-23,울진(130),X,25,24.5,,,,X, ,X,낮음
2026-09-23,청주(131),X,27.8,28.9,23.8,18.7,59.4,X, ,X,낮음
2026-09-23,대전(133),X,28.5,29.7,23.2,17.4,65.3,X, ,X,낮음
2026-09-23,추풍령(135),X,26.3,26.2,19.4,12.8,75.5,X, ,X,낮음
2026-09-23,안동(136),X,27,27.6,20.5,15.3,73.9,X, ,X,낮음
2026-09-23,상주(137),X,27.2,27.2,20.5,14.6,76.6,X, ,X,낮음
2026-09-23,포항(138),X,25,25.4,22.6,20.2,59.5,X, ,X,낮음
2026-09-23,군산(140),X,27.8,26.7,21.7,17.3,84,X, ,X,낮음
2026-09-23,대구(143),X,27.1,28.8,22.8,17.1,60.4,X, ,X,낮음
2026-09-23,전주(146),X,28.9,29.5,23.3,18.4,68.6,X, ,X,낮음
2026-09-23,울산(152),X,24.9,25.3,21.3,17.7,64.1,X, ,X,낮음
2026-09-23,창원(155),X,27.1,28,22.5,18,67.6,X, ,X,낮음
2026-09-23,광주(156),X,29.2,29.3,23.5,19.5,71.4,X, ,X,낮음
2026-09-23,부산(159),X,27.9,28.5,23.1,19.5,62.1,X, ,X,낮음
2026-09-23,통영(162),X,27.1,28.9,23,19.4,64,X, ,X,낮음
2026-09-23,목포(165),X,27.4,27.3,23.4,20.7,75.1,X, ,X,낮음
2026-09-23,여수(168),X,27,27.6,23.4,20.7,62.1,X, ,X,낮음
2026-09-23,흑산도(169),X,30.2,30.4,24,21,72.5,X, ,X,낮음
2026-09-23,완도(170),X,29.2,29.6,23.9,19.2,70.6,X, ,X,낮음
2026-09-23,고창(172),X,28.5,27.9,21.7,17.3,85.8,X, ,X,낮음
2026-09-23,제주(184),X,27,26.6,24.1,21.7,62.1,X, ,X,낮음
2026-09-23,진주(192),X,26.7,27.2,20.1,13.1,73.8,X, ,X,낮음
2026-09-23,양평(202),X,27.6,28.4,21.6,15.8,73.3,X, ,X,낮음
2026-09-23,이천(203),X,29,29.3,22,15.2,75.3,X, ,X,낮음
2026-09-23,인제(211),X,26.7,27.3,19,13.8,78.1,X, ,X,낮음
2026-09-23,홍천(212),X,27.2,28.6,20.1,14.5,75.5,X, ,X,낮음
2026-09-23,태백(216),X,24.9,25.2,16.8,10.5,77.5,X, ,X,낮음
2026-09-23,정선군(217),X,26.4,27.2,19.1,14.1,75.3,X, ,X,낮음
2026-09-23,제천(221),X,26.3,26.5,18.8,12.3,80.8,X, ,X,낮음
2026-09-23,보은(226),X,27.1,27.6,19.9,13.5,80.4,X, ,X,낮음
2026-09-23,천안(232),X,27.4,27.7,20.9,14.4,78.1,X, ,X,낮음
2026-09-23,보령(235),X,28.8,29,22.6,17.2,74.5,X, ,X,낮음
2026-09-23,부여(236),X,28.5,28.9,21.1,15.3,77.4,X, ,X,낮음
2026-09-23,금산(238),X,27.3,27.8,21,14.1,75,X, ,X,낮음
2026-09-23,세종(239),X,28.2,29,22.4,16.9,71.5,X, ,X,낮음
2026-09-23,부안(243),X,27.8,27.7,22.3,17.7,78.5,X, ,X,낮음
2026-09-23,임실(244),X,27.4,27.9,20.3,13.8,76.9,X, ,X,낮음
2026-09-23,정읍(245),X,28.4,28.7,22.5,17.3,73,X, ,X,낮음
2026-09-23,남원(247),X,28.7,29.3,21.8,15.7,72,X, ,X,낮음
2026-09-23,장수(248),X,26.1,26.3,18.4,11.4,80.8,X, ,X,낮음
2026-09-23,영광군(252),X,27.7,27.2,21.8,17.7,81.9,X, ,X,낮음
2026-09-23,김해시(253),X,28,29,22.5,18.8,65.5,X, ,X,낮음
2026-09-23,순창군(254),X,27.3,27.9,21.5,15.6,72.5,X, ,X,낮음
2026-09-23,양산시(257),X,28.4,29.7,23,18.6,66,X, ,X,낮음
2026-09-23,강진군(259),X,29.3,29.6,22.9,17.2,75.9,X, ,X,낮음
2026-09-23,장흥(260),X,29.1,29.8,22,15.2,76.1,X, ,X,낮음
2026-09-23,해남(261),X,29.3,29.1,22.5,16.5,77.5,X, ,X,낮음
2026-09-23,고흥(262),X,29.6,30.8,22.4,15.4,72,X, ,X,낮음
2026-09-23,의령군(263),X,27.3,27.8,20.3,13.4,78.4,X, ,X,낮음
2026-09-23,함양군(264),X,28.2,28.8,20.4,12.9,78.5,X, ,X,낮음
2026-09-23,진도군ASOS(268),X,27.6,27.9,21.8,17,77.9,X, ,X,낮음
2026-09-23,봉화(271),X,25.6,25.9,17.6,10.4,80.8,X, ,X,낮음
2026-09-23,영주(272),X,26.4,26.1,19.8,13.9,79.5,X, ,X,낮음
2026-09-23,문경(273),X,27.7,27.5,19.8,14.1,79.8,X, ,X,낮음
2026-09-23,청송군(276),X,26.6,27.1,18.8,13,81.1,X, ,X,낮음
2026-09-23,영덕(277),X,24.8,24.8,19.5,15.6,76.4,X, ,X,낮음
2026-09-23,의성(278),X,26.8,27.8,20.3,13.8,76.9,X, ,X,낮음
2026-09-23,구미(279),X,27.7,28.6,21.6,15.5,68.9,X, ,X,낮음
2026-09-23,영천(281),X,26.5,27.9,20.9,14.8,69.1,X, ,X,낮음
2026-09-23,경주시(283),X,27,28.4,20.3,14.4,73.6,X, ,X,낮음
2026-09-23,거창(284),X,28.3,28.2,20.1,13,78.1,X, ,X,낮음
2026-09-23,합천(285),X,28.2,29,21.3,14.9,76.1,X, ,X,낮음
2026-09-23,밀양(288),X,27.8,29.2,22.6,16,67.3,X, ,X,낮음
2026-09-23,산청(289),X,28.5,28.8,20.7,14,77.8,X, ,X,낮음
2026-09-23,거제(294),X,26.1,26.4,21.7,17.6,69.3,X, ,X,낮음
2026-09-23,남해(295),X,27.1,27.6,22.1,18.4,69.5,X, ,X,낮음
2026-09-23,부천(433),X,28.4,29.6,24.2,19.8,65,X, ,X,낮음
2026-09-23,안양(434),X,,28.5,23.7,20,,X, ,X,낮음
2026-09-23,광명(437),X,28.1,29.5,24.7,21.5,61,X, ,X,낮음
2026-09-23,군포(438),X,27.6,28.9,23.5,19.4,64,X, ,X,낮음
2026-09-23,김포(441),X,29.5,30.2,22.8,17,79,X, ,X,낮음
2026-09-23,하남(444),X,28.4,28.8,22.5,17.1,73,X, ,X,낮음
2026-09-23,의왕(445),X,28.7,28.6,21.9,16.9,78,X, ,X,낮음
2026-09-23,포천(504),X,28.6,29.1,21.4,14.6,75,X, ,X,낮음
2026-09-23,가평조종(505),X,28,28.2,20.2,13.2,80,X, ,X,낮음
2026-09-23,안성(516),X,28.6,29.3,22.6,16.4,70,X, ,X,낮음
2026-09-23,간성(517),X,25.7,25.2,19.7,13.8,78,X, ,X,낮음
2026-09-23,평창(526),X,26.5,26.7,18.3,12.8,82,X, ,X,낮음
2026-09-23,의정부(532),X,29.2,29.8,22,16,72,X, ,X,낮음
2026-09-23,횡성(536),X,27.8,28.8,20.4,14.3,75,X, ,X,낮음
2026-09-23,고양(540),X,29.5,31,22.2,16.1,73,X, ,X,낮음
2026-09-23,남양주(541),X,28.9,29.6,22.1,16.1,71,X, ,X,낮음
2026-09-23,안산(545),X,29.3,29.8,21.5,15.1,80,X, ,X,낮음
2026-09-23,경기광주(546),X,27.4,28,21,15.2,75,X, ,X,낮음
2026-09-23,여주(548),X,28.7,29.2,22.1,15.8,72,X, ,X,낮음
2026-09-23,용인(549),X,28.2,29.1,22.3,16.2,69,X, ,X,낮음
2026-09-23,오산(550),X,28.4,29.2,21.5,15.5,76,X, ,X,낮음
2026-09-23,평택(551),X,29.7,30.2,22.9,16.6,76,X, ,X,낮음
2026-09-23,화천(555),X,28.1,28.2,19.6,14.6,83,X, ,X,낮음
2026-09-23,양구(556),X,27.4,28.1,19.1,13.7,79,X, ,X,낮음
2026-09-23,시흥(565),X,27.4,28.1,21.7,15.6,76,X, ,X,낮음
2026-09-23,구리(569),X,28,29,22.1,16.7,69,X, ,X,낮음
2026-09-23,화성(571),X,28.3,29.4,23.1,18.7,72,X, ,X,낮음
2026-09-23,성남(572),X,27.6,28.2,22.5,17.6,73,X, ,X,낮음
2026-09-23,과천(590),X,28.3,29.1,21.8,15.8,76,X, ,X,낮음
2026-09-23,양주(598),X,28.6,29.9,21.4,14.7,75,X, ,X,낮음
2026-09-23,단양(601),X,26.7,27.2,19.5,13.3,77,X, ,X,낮음
2026-09-23,진천(602),X,28,28,20.5,14.2,78,X, ,X,낮음
2026-09-23,괴산(603),X,27.5,28.1,19.8,12.7,78,X, ,X,낮음
2026-09-23,옥천(604),X,27.9,28.2,21.1,14.6,76,X, ,X,낮음
2026-09-23,홍북(608),X,,,,,,X, ,X,낮음
2026-09-23,공주(612),X,28.5,29.4,21.7,15,76,X, ,X,낮음
2026-09-23,서천(614),X,27.6,27.2,20.8,15.1,85,X, ,X,낮음
2026-09-23,논산(615),X,28.8,28.7,21.5,14.5,75,X, ,X,낮음
2026-09-23,당진(616),X,28.3,28.6,22.2,17,76,X, ,X,낮음
2026-09-23,청양(618),X,27.7,27.8,20.4,13.9,80,X, ,X,낮음
2026-09-23,음성(619),X,27.9,28,19.9,12.4,80,X, ,X,낮음
2026-09-23,증평(623),X,27.3,28.5,22,15.5,65,X, ,X,낮음
2026-09-23,태안(627),X,28.1,27.5,21.8,16.3,81,X, ,X,낮음
2026-09-23,예산(628),X,27.8,28.8,21.8,16,75,X, ,X,낮음
2026-09-23,아산(634),X,29.6,30.7,22.3,16.5,71,X, ,X,낮음
2026-09-23,계룡(636),X,27.8,28.7,19.7,12.4,82,X, ,X,낮음
2026-09-23,연천청산(652),X,29.3,28.8,21.2,14.5,73,X, ,X,낮음
2026-09-23,양양(670),X,25.8,24.8,20.6,15,77,X, ,X,낮음
2026-09-23,무안(699),X,28.4,28.4,22.5,18.4,80,X, ,X,낮음
2026-09-23,무주(701),X,26.7,27.7,19.8,13,73,X, ,X,낮음
2026-09-23,익산(702),X,29,28.6,21.7,15.7,79,X, ,X,낮음
2026-09-23,진안(703),X,27.2,27.2,19.3,11.9,80,X, ,X,낮음
2026-09-23,담양(706),X,30,29.8,22.1,16.7,77,X, ,X,낮음
2026-09-23,구례(709),X,28.6,28.8,20.6,14,78,X, ,X,낮음
2026-09-23,나주(710),X,28,28,21.7,17.1,79,X, ,X,낮음
2026-09-23,순천시(712),X,28.3,28,21.8,16.1,81,X, ,X,낮음
2026-09-23,광양읍(713),X,30.1,30.6,23,16.3,73,X, ,X,낮음
2026-09-23,장성(730),X,29,29.3,22,16.5,78,X, ,X,낮음
2026-09-23,영암(731),X,28.7,28.7,22.1,17.4,79,X, ,X,낮음
2026-09-23,보성(732),X,27,27.5,19.9,14.4,79,X, ,X,낮음
2026-09-23,완주(734),X,28.4,28.8,21.2,15.5,78,X, ,X,낮음
2026-09-23,김제(737),X,28.8,27.8,22.5,17.6,84,X, ,X,낮음
2026-09-23,화순(741),X,28.9,28.9,21.8,16.1,76,X, ,X,낮음
2026-09-23,함평(754),X,29.4,29,22.2,17.7,83,X, ,X,낮음
2026-09-23,곡성(768),X,28.7,29.1,21.3,14.6,80,X, ,X,낮음
2026-09-23,압해도(789),X,28.4,28,23.1,19.8,81,X, ,X,낮음
2026-09-23,영양(801),X,27.2,27.8,19.1,13.4,83,X, ,X,낮음
2026-09-23,성주(810),X,27.9,27.8,21.1,15,77,X, ,X,낮음
2026-09-23,고령(812),X,28.9,29.3,20.8,14.2,79,X, ,X,낮음
2026-09-23,청도(813),X,26.7,28,20.3,13.6,77,X, ,X,낮음
2026-09-23,예천(815),X,27.2,27.4,21,15.2,76,X, ,X,낮음
2026-09-23,김천(822),X,27.4,27.6,20.3,13.5,77,X, ,X,낮음
2026-09-23,군위(823),X,27.2,27.4,19.9,13.7,82,X, ,X,낮음
2026-09-23,군위(823),X,27.2,27.4,19.9,13.7,82,X, ,X,낮음
2026-09-23,군위(823),X,27.2,27.4,19.9,13.7,82,X, ,X,낮음
2026-09-23,군위(823),X,27.2,27.4,19.9,13.7,82,X, ,X,낮음
2026-09-23,군위(823),X,27.2,27.4,19.9,13.7,82,X, ,X,낮음
2026-09-23,군위(823),X,27.2,27.4,19.9,13.7,82,X, ,X,낮음
2026-09-23,군위(823),X,27.2,27.4,19.9,13.7,82,X, ,X,낮음
2026-09-23,군위(823),X,27.2,27.4,19.9,13.7,82,X, ,X,낮음
2026-09-23,군위(823),X,27.2,27.4,19.9,13.7,82,X, ,X,낮음
2026-09-23,군위(823),X,27.2,27.4,19.9,13.7,82,X, ,X,낮음
2026-09-23,군위(823),X,27.2,27.4,19.9,13.7,82,X, ,X,낮음
2026-09-23,군위(823),X,27.2,27.4,19.9,13.7,82,X, ,X,낮음
2026-09-23,군위(823),X,27.2,27.4,19.9,13.7,82,X, ,X,낮음
2026-09-23,군위(823),X,27.2,27.4,19.9,13.7,82,X, ,X,낮음
2026-09-23,군위(823),X,27.2,27.4,19.9,13.7,82,X, ,X,낮음
2026-09-23,군위(823),X,27.2,27.4,19.9,13.7,82,X, ,X,낮음
2026-09-23,군위(823),X,27.2,27.4,19.9,13.7,82,X, ,X,낮음
2026-09-23,군위(823),X,27.2,27.4,19.9,13.7,82,X, ,X,낮음
2026-09-23,군위(823),X,27.2,27.4,19.9,13.7,82,X, ,X,낮음
2026-09-23,군위(823),X,27.2,27.4,19.9,13.7,82,X, ,X,낮음
2026-09-23,군위(823),X,27.2,27.4,19.9,13.7,82,X, ,X,낮음
2026-09-23,군위(823),X,27.2,27.4,19.9,13.7,82,X, ,X,낮음
2026-09-23,군위(823),X,27.2,27.4,19.9,13.7,82,X, ,X,낮음
2026-09-23,군위(823),X,27.2,27.4,19.9,13.7,82,X, ,X,낮음
2026-09-23,군위(823),X,27.2,27.4,19.9,13.7,82,X, ,X,낮음
2026-09-23,군위(823),X,27.2,27.4,19.9,13.7,82,X, ,X,낮음
2026-09-23,군위(823),X,27.2,27.4,19.9,13.7,82,X, ,X,낮음
2026-09-23,군위(823),X,27.2,27.4,19.9,13.7,82,X, ,X,낮음
2026-09-23,군위(823),X,27.2,27.4,19.9,13.7,82,X, ,X,낮음
2026-09-23,군위(823),X,27.2,27.4,19.9,13.7,82,X, ,X,낮음
2026-09-23,군위(823),X,27.2,27.4,19.9,13.7,82,X, ,X,낮음
2026-09-23,군위(823),X,27.2,27.4,19.9,13.7,82,X, ,X,낮음
2026-09-23,칠곡(825),X,27.5,28.1,21.5,15.5,79,X, ,X,낮음
2026-09-23,경산(827),X,27.4,29.3,22.4,16.7,64,X, ,X,낮음
2026-09-23,삼척(876),X,26.7,26.6,21.2,16.1,73,X, ,X,낮음
2026-09-23,속초(90),X,25.9,25.4,20.9,15.6,75.8,X, ,X,낮음
2026-09-23,삼천포(907),X,27.2,27.8,21.7,17.2,67,X, ,X,낮음
2026-09-23,고성(918),X,27.2,27.7,21.1,15.3,74,X, ,X,낮음
2026-09-23,창녕(919),X,27.9,28.9,21.8,15.4,68,X, ,X,낮음
2026-09-23,함안(920),X,27.9,28.3,20.4,13.1,78,X, ,X,낮음
2026-09-23,북춘천(93),X,27.7,28.1,20.2,13.5,79.8,X, ,X,낮음
2026-09-23,하동(932),X,28,29.1,22.2,15.6,75,X, ,X,낮음
2026-09-23,철원(95),X,27.4,28.2,20.9,13.6,75.1,X, ,X,낮음
2026-09-23,동두천(98),X,28.2,29.3,21.9,15.8,67.5,X, ,X,낮음
2026-09-23,파주(99),X,28.1,28.6,20.8,14.6,79.1,X, ,X,낮음
2026-09-24,북강릉(104),X,27.7,28.2,22,17.1,71.9,X, ,X,낮음
2026-09-24,동해(106),X,27.9,27.8,22.4,17.9,66,X, ,X,낮음
2026-09-24,서울(108),X,26.6,27.6,22.5,19.1,68,X, ,X,낮음
2026-09-24,인천(112),X,26.4,25.9,22.8,20.2,77.5,X, ,X,낮음
2026-09-24,원주(114),X,26.2,26.7,21.1,16,74,X, ,X,낮음
2026-09-24,울릉도(115),X,28,27.1,23.3,18.3,73.6,X, ,X,낮음
2026-09-24,수원(119),X,27.1,27.6,21.8,17.8,73.5,X, ,X,낮음
2026-09-24,영월(121),X,27,27.8,19.5,14.2,78,X, ,X,낮음
2026-09-24,충주(127),X,27,27.2,20.6,15.6,75.9,X, ,X,낮음
2026-09-24,서산(129),X,27.5,28,21.8,17.9,79.5,X, ,X,낮음
2026-09-24,울진(130),X,28.1,28.5,22.2,16.5,74,X, ,X,낮음
2026-09-24,청주(131),X,27.1,27.3,23.3,19.6,65.6,X, ,X,낮음
2026-09-24,대전(133),X,27.2,27.6,22.6,18.1,73.1,X, ,X,낮음
2026-09-24,추풍령(135),X,25.7,25.6,20.4,15.8,78.1,X, ,X,낮음
2026-09-24,안동(136),X,27.7,27.6,21.1,14.3,75.9,X, ,X,낮음
2026-09-24,상주(137),X,28.1,28.2,21.7,15.8,75,X, ,X,낮음
2026-09-24,포항(138),X,27.6,28.2,23.6,18.8,65.9,X, ,X,낮음
2026-09-24,군산(140),X,27.8,26.6,21.8,18.5,86.3,X, ,X,낮음
2026-09-24,대구(143),X,28.5,30.2,23.5,17.1,61.5,X, ,X,낮음
2026-09-24,전주(146),X,27.9,28.8,23.3,18.6,71.6,X, ,X,낮음
2026-09-24,울산(152),X,27.7,28.8,22.4,16.8,67,X, ,X,낮음
2026-09-24,창원(155),X,29,29.7,23.5,18.8,70.9,X, ,X,낮음
2026-09-24,광주(156),X,29.2,29.8,23.8,19.2,70.8,X, ,X,낮음
2026-09-24,부산(159),X,29.3,30,24.3,20.3,63.4,X, ,X,낮음
2026-09-24,통영(162),X,29.2,30.2,23.7,18.9,71.5,X, ,X,낮음
2026-09-24,목포(165),X,28.1,27.6,23.3,20.4,79.1,X, ,X,낮음
2026-09-24,여수(168),X,28.1,28.5,24.1,20.7,71.4,X, ,X,낮음
2026-09-24,흑산도(169),X,30.1,29.3,24,20.6,78.1,X, ,X,낮음
2026-09-24,완도(170),X,30,30.3,24.4,19.6,70,X, ,X,낮음
2026-09-24,고창(172),X,28.8,28.7,21.7,16.8,89.3,X, ,X,낮음
2026-09-24,제주(184),X,28.2,28,24.8,21.5,65.9,X, ,X,낮음
2026-09-24,진주(192),X,27.5,28.7,21.1,14.5,74.5,X, ,X,낮음
2026-09-24,양평(202),X,26.6,27,20.9,15.7,78.3,X, ,X,낮음
2026-09-24,이천(203),X,28,27.5,20.8,15.4,84,X, ,X,낮음
2026-09-24,인제(211),X,26.3,26.5,19.7,15.2,78.4,X, ,X,낮음
2026-09-24,홍천(212),X,26.1,26.6,19.9,15,77.1,X, ,X,낮음
2026-09-24,태백(216),X,24.8,26.5,18.4,12.4,74.3,X, ,X,낮음
2026-09-24,정선군(217),X,27.6,29,19.5,13.9,76.6,X, ,X,낮음
2026-09-24,제천(221),X,25.9,25.9,18.5,11.6,83.9,X, ,X,낮음
2026-09-24,보은(226),X,26.3,26.5,19.8,14.1,83,X, ,X,낮음
2026-09-24,천안(232),X,26.8,27,21.3,16.2,81.1,X, ,X,낮음
2026-09-24,보령(235),X,28.7,29.1,22.5,19,78.8,X, ,X,낮음
2026-09-24,부여(236),X,28.3,28.3,21,15.7,83.4,X, ,X,낮음
2026-09-24,금산(238),X,26.8,27.1,20.6,15.9,81.4,X, ,X,낮음
2026-09-24,세종(239),X,27.2,27.3,21.4,17,79.4,X, ,X,낮음
2026-09-24,부안(243),X,28,28.4,22.9,18.9,76.3,X, ,X,낮음
2026-09-24,임실(244),X,27.6,28.6,20.9,14.8,75.6,X, ,X,낮음
2026-09-24,정읍(245),X,28.3,28.9,22.9,18.5,74.9,X, ,X,낮음
2026-09-24,남원(247),X,28.6,29.5,21.9,15.8,72.1,X, ,X,낮음
2026-09-24,장수(248),X,25.5,27.3,18.9,13,80.3,X, ,X,낮음
2026-09-24,영광군(252),X,28.4,27.9,22,17.2,81.3,X, ,X,낮음
2026-09-24,김해시(253),X,29.7,30,23.1,17.9,70,X, ,X,낮음
2026-09-24,순창군(254),X,27.9,29,21.7,15.9,73.8,X, ,X,낮음
2026-09-24,양산시(257),X,30.4,31.5,23.9,17.7,69.6,X, ,X,낮음
2026-09-24,강진군(259),X,29.8,30,23.4,17.6,77.4,X, ,X,낮음
2026-09-24,장흥(260),X,30.2,31.2,23.3,15.9,74.9,X, ,X,낮음
2026-09-24,해남(261),X,29.8,29.6,23,16.2,80,X, ,X,낮음
2026-09-24,고흥(262),X,29.5,30.9,23.4,16.5,71.6,X, ,X,낮음
2026-09-24,의령군(263),X,28.6,29.6,21.2,14.1,78.3,X, ,X,낮음
2026-09-24,함양군(264),X,28.6,29.5,20.8,13.9,79,X, ,X,낮음
2026-09-24,진도군ASOS(268),X,28.9,28,22.7,17.7,80.1,X, ,X,낮음
2026-09-24,봉화(271),X,26.5,26.8,18.7,11.9,83.3,X, ,X,낮음
2026-09-24,영주(272),X,27.3,27.6,20.3,13.9,79.6,X, ,X,낮음
2026-09-24,문경(273),X,27.1,27.6,21.2,15.5,77.5,X, ,X,낮음
2026-09-24,청송군(276),X,27.4,27.9,19.7,11.7,80.5,X, ,X,낮음
2026-09-24,영덕(277),X,28,28.6,22.6,15.9,70,X, ,X,낮음
2026-09-24,의성(278),X,27.7,28.1,20.6,13,78.3,X, ,X,낮음
2026-09-24,구미(279),X,28.4,29.2,22.4,16.6,69,X, ,X,낮음
2026-09-24,영천(281),X,28.3,29,21.6,14.1,70.3,X, ,X,낮음
2026-09-24,경주시(283),X,29.8,30.8,21.8,14.6,74,X, ,X,낮음
2026-09-24,거창(284),X,28.5,29,20.4,13.1,76.8,X, ,X,낮음
2026-09-24,합천(285),X,28.3,29.4,21.4,15.4,76,X, ,X,낮음
2026-09-24,밀양(288),X,29.8,31.1,23,15.8,70.9,X, ,X,낮음
2026-09-24,산청(289),X,28.2,29.5,21.5,15.2,75.1,X, ,X,낮음
2026-09-24,거제(294),X,27.8,28.4,22.5,17.6,72.5,X, ,X,낮음
2026-09-24,남해(295),X,28,28.9,22.8,18.6,73.4,X, ,X,낮음
2026-09-24,부천(433),X,27.2,28,23.4,19.5,68,X, ,X,낮음
2026-09-24,안양(434),X,,27.2,23.2,20.5,,X, ,X,낮음
2026-09-24,광명(437),X,27.2,27.9,23.8,20.6,66,X, ,X,낮음
2026-09-24,군포(438),X,26.9,27.6,23,19.6,65,X, ,X,낮음
2026-09-24,김포(441),X,26.5,26.4,21.7,17.8,83,X, ,X,낮음
2026-09-24,하남(444),X,27.4,27.2,21.9,17.7,80,X, ,X,낮음
2026-09-24,의왕(445),X,27.9,27.5,21.3,17.2,81,X, ,X,낮음
2026-09-24,포천(504),X,27.6,28.1,20.9,15.5,81,X, ,X,낮음
2026-09-24,가평조종(505),X,27.1,26.7,19.8,14.5,85,X, ,X,낮음
2026-09-24,안성(516),X,28,28,22.2,18.2,77,X, ,X,낮음
2026-09-24,간성(517),X,27,27.4,22.4,17.9,68,X, ,X,낮음
2026-09-24,평창(526),X,26.3,26.7,18.8,13,81,X, ,X,낮음
2026-09-24,의정부(532),X,27.4,27.6,21,16.8,80,X, ,X,낮음
2026-09-24,횡성(536),X,26.9,27.7,19.7,13.6,80,X, ,X,낮음
2026-09-24,고양(540),X,27.3,27.6,20.8,16.7,79,X, ,X,낮음
2026-09-24,남양주(541),X,28.1,28.1,21.6,16.4,77,X, ,X,낮음
2026-09-24,안산(545),X,27.8,28.6,20.9,16,84,X, ,X,낮음
2026-09-24,경기광주(546),X,26.8,26.8,20.3,15.8,81,X, ,X,낮음
2026-09-24,여주(548),X,27,27.2,20.7,16,81,X, ,X,낮음
2026-09-24,용인(549),X,27.6,28.1,21.7,16.5,78,X, ,X,낮음
2026-09-24,오산(550),X,27.5,27.8,21.3,16.7,81,X, ,X,낮음
2026-09-24,평택(551),X,29,28.7,22.2,18,80,X, ,X,낮음
2026-09-24,화천(555),X,26.6,26.6,19.9,15.9,84,X, ,X,낮음
2026-09-24,양구(556),X,26.4,26.5,19.4,14.9,81,X, ,X,낮음
2026-09-24,시흥(565),X,27,27.2,20.8,15.6,80,X, ,X,낮음
2026-09-24,구리(569),X,27.5,27.9,21.4,16.9,76,X, ,X,낮음
2026-09-24,화성(571),X,27.7,28.1,21.8,18.2,79,X, ,X,낮음
2026-09-24,성남(572),X,27.1,27.1,22.1,17.7,79,X, ,X,낮음
2026-09-24,과천(590),X,27.6,27.7,21.5,16.8,79,X, ,X,낮음
2026-09-24,양주(598),X,27.1,27.6,20.3,15.2,81,X, ,X,낮음
2026-09-24,단양(601),X,26.5,27.2,19.3,13.7,81,X, ,X,낮음
2026-09-24,진천(602),X,27.3,26.9,20.9,14.7,81,X, ,X,낮음
2026-09-24,괴산(603),X,26.5,27,20.2,14.4,79,X, ,X,낮음
2026-09-24,옥천(604),X,27.4,28.1,21.1,16.5,79,X, ,X,낮음
2026-09-24,홍북(608),X,,,,,,X, ,X,낮음
2026-09-24,공주(612),X,28,27.7,20.9,15.4,83,X, ,X,낮음
2026-09-24,서천(614),X,27.7,27.2,20.8,16.3,87,X, ,X,낮음
2026-09-24,논산(615),X,28,28.3,21.3,15.2,78,X, ,X,낮음
2026-09-24,당진(616),X,27.6,27.4,21.7,17.8,80,X, ,X,낮음
2026-09-24,청양(618),X,28.2,28.8,20.5,14.9,84,X, ,X,낮음
2026-09-24,음성(619),X,27,26.8,20,14,81,X, ,X,낮음
2026-09-24,증평(623),X,26.7,27.7,21.1,16.2,74,X, ,X,낮음
2026-09-24,태안(627),X,28,28,21.2,16.8,84,X, ,X,낮음
2026-09-24,예산(628),X,27.1,27.1,21.4,17,79,X, ,X,낮음
2026-09-24,아산(634),X,26.9,27.3,21.5,17.2,78,X, ,X,낮음
2026-09-24,계룡(636),X,26.7,26.7,19.5,13.3,86,X, ,X,낮음
2026-09-24,연천청산(652),X,26.5,26.5,20.3,16.4,79,X, ,X,낮음
2026-09-24,양양(670),X,27.1,28.6,23.2,19.3,64,X, ,X,낮음
2026-09-24,무안(699),X,29,28.9,22.2,17.6,82,X, ,X,낮음
2026-09-24,무주(701),X,26.3,27.1,19.8,14.3,77,X, ,X,낮음
2026-09-24,익산(702),X,28.3,28.2,21.7,15.8,82,X, ,X,낮음
2026-09-24,진안(703),X,27.4,28.5,19.7,14,82,X, ,X,낮음
2026-09-24,담양(706),X,29,29.9,22.5,15.7,76,X, ,X,낮음
2026-09-24,구례(709),X,28.6,29.2,21.6,15.4,78,X, ,X,낮음
2026-09-24,나주(710),X,28.1,28,21.6,15.7,79,X, ,X,낮음
2026-09-24,순천시(712),X,29.3,29,23,17.1,81,X, ,X,낮음
2026-09-24,광양읍(713),X,31.3,32.3,23.5,16.8,73,X, ,X,낮음
2026-09-24,장성(730),X,29,29.5,22.1,16.5,76,X, ,X,낮음
2026-09-24,영암(731),X,29.7,29.8,22.2,16.4,83,X, ,X,낮음
2026-09-24,보성(732),X,27.6,28.8,21.3,14.7,75,X, ,X,낮음
2026-09-24,완주(734),X,28,28.4,21.2,16,79,X, ,X,낮음
2026-09-24,김제(737),X,28.4,27.9,22.6,18.3,84,X, ,X,낮음
2026-09-24,화순(741),X,28.3,28.7,22,15.6,74,X, ,X,낮음
2026-09-24,함평(754),X,29.3,29,22.1,16.6,82,X, ,X,낮음
2026-09-24,곡성(768),X,28.6,29.7,21.9,15.4,77,X, ,X,낮음
2026-09-24,압해도(789),X,29.6,29,23.1,19,83,X, ,X,낮음
2026-09-24,영양(801),X,28.5,28.5,19.8,12.1,84,X, ,X,낮음
2026-09-24,성주(810),X,28.5,28.7,21.6,15.2,77,X, ,X,낮음
2026-09-24,고령(812),X,29.6,30.8,21.2,14.4,78,X, ,X,낮음
2026-09-24,청도(813),X,28.2,29.5,20.7,13.3,80,X, ,X,낮음
2026-09-24,예천(815),X,28.4,28.5,21,14.3,78,X, ,X,낮음
2026-09-24,김천(822),X,27.9,28.6,21.2,14.7,78,X, ,X,낮음
2026-09-24,군위(823),X,28.9,28.8,20.5,13.6,83,X, ,X,낮음
2026-09-24,군위(823),X,28.9,28.8,20.5,13.6,83,X, ,X,낮음
2026-09-24,군위(823),X,28.9,28.8,20.5,13.6,83,X, ,X,낮음
2026-09-24,군위(823),X,28.9,28.8,20.5,13.6,83,X, ,X,낮음
2026-09-24,군위(823),X,28.9,28.8,20.5,13.6,83,X, ,X,낮음
2026-09-24,군위(823),X,28.9,28.8,20.5,13.6,83,X, ,X,낮음
2026-09-24,군위(823),X,28.9,28.8,20.5,13.6,83,X, ,X,낮음
2026-09-24,군위(823),X,28.9,28.8,20.5,13.6,83,X, ,X,낮음
2026-09-24,군위(823),X,28.9,28.8,20.5,13.6,83,X, ,X,낮음
2026-09-24,군위(823),X,28.9,28.8,20.5,13.6,83,X, ,X,낮음
2026-09-24,군위(823),X,28.9,28.8,20.5,13.6,83,X, ,X,낮음
2026-09-24,군위(823),X,28.9,28.8,20.5,13.6,83,X, ,X,낮음
2026-09-24,군위(823),X,28.9,28.8,20.5,13.6,83,X, ,X,낮음
2026-09-24,군위(823),X,28.9,28.8,20.5,13.6,83,X, ,X,낮음
2026-09-24,군위(823),X,28.9,28.8,20.5,13.6,83,X, ,X,낮음
2026-09-24,군위(823),X,28.9,28.8,20.5,13.6,83,X, ,X,낮음
2026-09-24,군위(823),X,28.9,28.8,20.5,13.6,83,X, ,X,낮음
2026-09-24,군위(823),X,28.9,28.8,20.5,13.6,83,X, ,X,낮음
2026-09-24,군위(823),X,28.9,28.8,20.5,13.6,83,X, ,X,낮음
2026-09-24,군위(823),X,28.9,28.8,20.5,13.6,83,X, ,X,낮음
2026-09-24,군위(823),X,28.9,28.8,20.5,13.6,83,X, ,X,낮음
2026-09-24,군위(823),X,28.9,28.8,20.5,13.6,83,X, ,X,낮음
2026-09-24,군위(823),X,28.9,28.8,20.5,13.6,83,X, ,X,낮음
2026-09-24,군위(823),X,28.9,28.8,20.5,13.6,83,X, ,X,낮음
2026-09-24,군위(823),X,28.9,28.8,20.5,13.6,83,X, ,X,낮음
2026-09-24,군위(823),X,28.9,28.8,20.5,13.6,83,X, ,X,낮음
2026-09-24,군위(823),X,28.9,28.8,20.5,13.6,83,X, ,X,낮음
2026-09-24,군위(823),X,28.9,28.8,20.5,13.6,83,X, ,X,낮음
2026-09-24,군위(823),X,28.9,28.8,20.5,13.6,83,X, ,X,낮음
2026-09-24,군위(823),X,28.9,28.8,20.5,13.6,83,X, ,X,낮음
2026-09-24,군위(823),X,28.9,28.8,20.5,13.6,83,X, ,X,낮음
2026-09-24,군위(823),X,28.9,28.8,20.5,13.6,83,X, ,X,낮음
2026-09-24,칠곡(825),X,28,28.8,22,16.1,78,X, ,X,낮음
2026-09-24,경산(827),X,29.3,30.6,23.3,16.6,66,X, ,X,낮음
2026-09-24,삼척(876),X,28.1,29.4,23.4,19,61,X, ,X,낮음
2026-09-24,속초(90),X,27.3,27.7,23.1,18.8,65.5,X, ,X,낮음
2026-09-24,삼천포(907),X,28.2,29.2,23.2,17.9,70,X, ,X,낮음
2026-09-24,고성(918),X,28.8,29.6,22.5,15.1,77,X, ,X,낮음
2026-09-24,창녕(919),X,28.6,29.8,22.2,15.1,72,X, ,X,낮음
2026-09-24,함안(920),X,29.1,28.9,21.2,14.1,80,X, ,X,낮음
2026-09-24,북춘천(93),X,26.2,26.2,19.4,13.5,83.4,X, ,X,낮음
2026-09-24,하동(932),X,28.9,30.4,23,16.7,75,X, ,X,낮음
2026-09-24,철원(95),X,26.2,26.2,20.6,16.1,82.3,X, ,X,낮음
2026-09-24,동두천(98),X,26.4,27,21,17.2,73.9,X, ,X,낮음
2026-09-24,파주(99),X,26.2,26,19.4,15.5,86.8,X, ,X,낮음
2026-09-25,북강릉(104),X,23.8,21.4,19.6,16.9,91.6,X, ,X,낮음
2026-09-25,동해(106),X,26.9,25.5,19.4,17.2,91.3,X, ,X,낮음
2026-09-25,서울(108),X,24.3,23.6,20.2,18.4,78.8,X, ,X,낮음
2026-09-25,인천(112),X,24.5,23.4,20.5,19.1,85.3,X, ,X,낮음
2026-09-25,원주(114),X,25.7,25.2,19.7,17,82,X, ,X,낮음
2026-09-25,울릉도(115),X,25.3,23.2,21.1,19.9,85.9,X, ,X,낮음
2026-09-25,수원(119),X,24.2,23.8,20,17.3,80.5,X, ,X,낮음
2026-09-25,영월(121),X,25.2,24.4,18.1,14.3,88.1,X, ,X,낮음
2026-09-25,충주(127),X,25,24.3,18.5,15.3,85.8,X, ,X,낮음
2026-09-25,서산(129),X,25.4,24.4,20.1,17.6,89.6,X, ,X,낮음
2026-09-25,울진(130),X,26.6,25.1,20,17.3,90,X, ,X,낮음
2026-09-25,청주(131),X,25.4,25.2,21.3,19.3,74.1,X, ,X,낮음
2026-09-25,대전(133),X,25.5,24.2,20.3,18,87.4,X, ,X,낮음
2026-09-25,추풍령(135),X,24.2,22.7,18.6,15.8,86.6,X, ,X,낮음
2026-09-25,안동(136),X,24.7,23,19.5,16.8,87.1,X, ,X,낮음
2026-09-25,상주(137),X,24.4,23,19.3,17,88.5,X, ,X,낮음
2026-09-25,포항(138),X,26.5,25.1,22.6,19.6,76.9,X, ,X,낮음
2026-09-25,군산(140),X,25.7,23.7,20.7,18,87.5,X, ,X,낮음
2026-09-25,대구(143),X,26.3,26,22.4,18.8,74.3,X, ,X,낮음
2026-09-25,전주(146),X,26.4,25.5,21.8,18.4,77.5,X, ,X,낮음
2026-09-25,울산(152),X,26.8,26.1,21.7,19.2,78.8,X, ,X,낮음
2026-09-25,창원(155),X,27.5,26.8,23.4,20.6,76.8,X, ,X,낮음
2026-09-25,광주(156),X,27.1,26.4,23.1,20.5,74.6,X, ,X,낮음
2026-09-25,부산(159),X,27.9,27.2,23.8,21.4,71.6,X, ,X,낮음
2026-09-25,통영(162),X,26.9,26.3,23.5,21.5,73,X, ,X,낮음
2026-09-25,목포(165),X,27,26.3,23.6,21,74.1,X, ,X,낮음
2026-09-25,여수(168),X,26.3,25.4,23.6,21.4,76.4,X, ,X,낮음
2026-09-25,흑산도(169),X,28,26.1,22.5,20,85.3,X, ,X,낮음
2026-09-25,완도(170),X,28.8,27.9,24.2,21.5,77.1,X, ,X,낮음
2026-09-25,고창(172),X,26.6,25.4,21.6,18,89.1,X, ,X,낮음
2026-09-25,제주(184),X,29.3,30.5,26.1,23.4,60.3,X, ,X,낮음
2026-09-25,진주(192),X,25.6,24.7,20.9,17.6,78.9,X, ,X,낮음
2026-09-25,양평(202),X,25.1,24.5,19.6,17.3,87.9,X, ,X,낮음
2026-09-25,이천(203),X,25.2,23.8,19.1,15.7,94.6,X, ,X,낮음
2026-09-25,인제(211),X,22.8,21.8,18.1,15.8,85.9,X, ,X,낮음
2026-09-25,홍천(212),X,24.7,23.5,18.6,15.7,88,X, ,X,낮음
2026-09-25,태백(216),X,21.9,20.6,15.5,12,88.9,X, ,X,낮음
2026-09-25,정선군(217),X,24.4,23.7,17.7,14.3,86.3,X, ,X,낮음
2026-09-25,제천(221),X,24.3,23.3,17.7,13.3,90.3,X, ,X,낮음
2026-09-25,보은(226),X,24.1,22.8,18.7,16.2,93.5,X, ,X,낮음
2026-09-25,천안(232),X,24.9,23.6,18.9,16.4,93.4,X, ,X,낮음
2026-09-25,보령(235),X,26.1,24.5,21,18.1,81.5,X, ,X,낮음
2026-09-25,부여(236),X,25,23,19.9,17.6,89.3,X, ,X,낮음
2026-09-25,금산(238),X,25,23.6,19.7,16.3,90.8,X, ,X,낮음
2026-09-25,세종(239),X,25.5,23.8,19.5,17.4,91.4,X, ,X,낮음
2026-09-25,부안(243),X,26.2,25.2,21.6,18.5,83.1,X, ,X,낮음
2026-09-25,임실(244),X,24.7,23.7,20.8,18.2,83.4,X, ,X,낮음
2026-09-25,정읍(245),X,26.7,26.2,21.9,19.2,79.1,X, ,X,낮음
2026-09-25,남원(247),X,25.9,24.9,21.8,18.9,75.9,X, ,X,낮음
2026-09-25,장수(248),X,23.8,23.1,19.1,15.3,86,X, ,X,낮음
2026-09-25,영광군(252),X,26.3,25.2,21.8,18.7,82.8,X, ,X,낮음
2026-09-25,김해시(253),X,28.6,28,23.2,20.5,75.9,X, ,X,낮음
2026-09-25,순창군(254),X,25.9,25.3,21.6,18.8,79.8,X, ,X,낮음
2026-09-25,양산시(257),X,28.2,27.6,23.9,21.7,75.3,X, ,X,낮음
2026-09-25,강진군(259),X,28,27.1,23.5,20.1,79.5,X, ,X,낮음
2026-09-25,장흥(260),X,27.5,26.4,23,19.3,80.5,X, ,X,낮음
2026-09-25,해남(261),X,28.8,27.6,23.3,18.8,82.8,X, ,X,낮음
2026-09-25,고흥(262),X,27.3,26.9,23.5,20.7,76.9,X, ,X,낮음
2026-09-25,의령군(263),X,26.6,25.8,21.3,17.6,83.1,X, ,X,낮음
2026-09-25,함양군(264),X,26.2,25.1,20.5,17.3,86.1,X, ,X,낮음
2026-09-25,진도군ASOS(268),X,27.4,26.5,23.2,18.7,77.8,X, ,X,낮음
2026-09-25,봉화(271),X,24.2,23.8,17.4,13,88.1,X, ,X,낮음
2026-09-25,영주(272),X,24.2,23.2,18,15,92.4,X, ,X,낮음
2026-09-25,문경(273),X,24.2,22.6,19.1,16.5,92.1,X, ,X,낮음
2026-09-25,청송군(276),X,25.7,24.4,18.2,14.2,94.8,X, ,X,낮음
2026-09-25,영덕(277),X,26.6,25,19,16.6,90.8,X, ,X,낮음
2026-09-25,의성(278),X,25.9,24.9,19.9,16.4,89.5,X, ,X,낮음
2026-09-25,구미(279),X,26.4,25.7,20.1,17.4,82.9,X, ,X,낮음
2026-09-25,영천(281),X,26.2,25.7,21.2,17.7,80.5,X, ,X,낮음
2026-09-25,경주시(283),X,27.2,25.9,21.3,18,83.1,X, ,X,낮음
2026-09-25,거창(284),X,25.6,24.5,20.1,16.8,83.4,X, ,X,낮음
2026-09-25,합천(285),X,26.8,26.3,21.4,18.3,84.1,X, ,X,낮음
2026-09-25,밀양(288),X,27.4,27.1,23,19.8,77.5,X, ,X,낮음
2026-09-25,산청(289),X,26,25,20.9,18.1,84.6,X, ,X,낮음
2026-09-25,거제(294),X,27.2,26.2,23.1,20.1,75.9,X, ,X,낮음
2026-09-25,남해(295),X,26.3,25.2,22.6,20.6,80.9,X, ,X,낮음
2026-09-25,부천(433),X,24.8,24.7,20.8,19,82,X, ,X,낮음
2026-09-25,안양(434),X,,24.2,21.2,19.8,,X, ,X,낮음
2026-09-25,광명(437),X,24.9,24.8,21.6,20,76,X, ,X,낮음
2026-09-25,군포(438),X,24,23.8,20.5,19,77,X, ,X,낮음
2026-09-25,김포(441),X,25.6,24.1,19.4,17.1,94,X, ,X,낮음
2026-09-25,하남(444),X,25.4,24.2,19.9,17.3,90,X, ,X,낮음
2026-09-25,의왕(445),X,25,24,19.1,16.4,94,X, ,X,낮음
2026-09-25,포천(504),X,24.7,23.2,18.5,15.3,93,X, ,X,낮음
2026-09-25,가평조종(505),X,24.7,23.2,18.1,14.5,96,X, ,X,낮음
2026-09-25,안성(516),X,25.4,24.8,19.9,16.7,88,X, ,X,낮음
2026-09-25,간성(517),X,23.7,22.7,19.5,17.4,88,X, ,X,낮음
2026-09-25,평창(526),X,24.8,24,17.5,13.9,87,X, ,X,낮음
2026-09-25,의정부(532),X,25.3,24,18.7,16.2,91,X, ,X,낮음
2026-09-25,횡성(536),X,25.6,25.5,19.1,16,84,X, ,X,낮음
2026-09-25,고양(540),X,25.6,24.5,18.4,15.9,93,X, ,X,낮음
2026-09-25,남양주(541),X,25.5,24.7,19.5,16.7,88,X, ,X,낮음
2026-09-25,안산(545),X,25.5,24.1,18.7,15.1,94,X, ,X,낮음
2026-09-25,경기광주(546),X,24.2,22.7,18.5,16.7,91,X, ,X,낮음
2026-09-25,여주(548),X,25.5,24.5,19.2,16.7,90,X, ,X,낮음
2026-09-25,용인(549),X,24.8,24.3,19.4,16.8,89,X, ,X,낮음
2026-09-25,오산(550),X,25.2,24.1,19.1,16.1,89,X, ,X,낮음
2026-09-25,평택(551),X,25.7,25,19.9,16.8,91,X, ,X,낮음
2026-09-25,화천(555),X,24.4,22.8,18.2,15.7,92,X, ,X,낮음
2026-09-25,양구(556),X,24.1,23.3,17.7,15.4,90,X, ,X,낮음
2026-09-25,시흥(565),X,24.6,23.9,18.8,15.6,90,X, ,X,낮음
2026-09-25,구리(569),X,24.9,24.1,19.6,17.8,85,X, ,X,낮음
2026-09-25,화성(571),X,25.1,24.4,20,17.6,85,X, ,X,낮음
2026-09-25,성남(572),X,24.5,23.4,19.3,17.1,95,X, ,X,낮음
2026-09-25,과천(590),X,24.6,23.9,19.3,16.1,92,X, ,X,낮음
2026-09-25,양주(598),X,24.3,23.1,18.5,14.6,93,X, ,X,낮음
2026-09-25,단양(601),X,24.4,23.1,17.8,14.6,90,X, ,X,낮음
2026-09-25,진천(602),X,25,24.1,18.4,14.7,91,X, ,X,낮음
2026-09-25,괴산(603),X,24.8,23.6,18.3,14.3,91,X, ,X,낮음
2026-09-25,옥천(604),X,25.7,24.5,20,17.3,88,X, ,X,낮음
2026-09-25,홍북(608),X,,,,,,X, ,X,낮음
2026-09-25,공주(612),X,25.5,23.8,19.6,17.7,93,X, ,X,낮음
2026-09-25,서천(614),X,25.3,23.3,20,17.7,92,X, ,X,낮음
2026-09-25,논산(615),X,25.7,24.3,20.1,17.6,84,X, ,X,낮음
2026-09-25,당진(616),X,25.5,23.8,19.2,17.6,92,X, ,X,낮음
2026-09-25,청양(618),X,24.9,22.9,18.8,16.7,95,X, ,X,낮음
2026-09-25,음성(619),X,24.9,23.6,18.3,14,92,X, ,X,낮음
2026-09-25,증평(623),X,24.9,24.5,19.6,16.9,83,X, ,X,낮음
2026-09-25,태안(627),X,25.4,23.9,20.2,17.7,88,X, ,X,낮음
2026-09-25,예산(628),X,25.4,23.9,19.3,17.6,90,X, ,X,낮음
2026-09-25,아산(634),X,25.5,24.5,19.9,17.4,85,X, ,X,낮음
2026-09-25,계룡(636),X,25.3,23.5,18.8,15.5,93,X, ,X,낮음
2026-09-25,연천청산(652),X,24,22.3,18.2,15.1,89,X, ,X,낮음
2026-09-25,양양(670),X,24.7,22.4,19.3,16.9,90,X, ,X,낮음
2026-09-25,무안(699),X,27,26.5,22.8,19.6,78,X, ,X,낮음
2026-09-25,무주(701),X,24.7,23.2,19,15.9,86,X, ,X,낮음
2026-09-25,익산(702),X,26.5,24.8,21.3,18.4,86,X, ,X,낮음
2026-09-25,진안(703),X,24.7,23.7,19.6,15.5,86,X, ,X,낮음
2026-09-25,담양(706),X,26.8,26,22.3,19,81,X, ,X,낮음
2026-09-25,구례(709),X,26.8,25.8,21.4,18.6,80,X, ,X,낮음
2026-09-25,나주(710),X,26.6,25.9,22,19,81,X, ,X,낮음
2026-09-25,순천시(712),X,27.7,26.7,22.7,19.4,83,X, ,X,낮음
2026-09-25,광양읍(713),X,27.8,27.5,23.2,19.8,77,X, ,X,낮음
2026-09-25,장성(730),X,27,26.4,21.9,18.5,82,X, ,X,낮음
2026-09-25,영암(731),X,27.8,26.9,22.8,18.9,81,X, ,X,낮음
2026-09-25,보성(732),X,26,25.4,21.9,18.4,78,X, ,X,낮음
2026-09-25,완주(734),X,25.6,24.3,20.2,16.8,87,X, ,X,낮음
2026-09-25,김제(737),X,26.7,24.5,21.1,18.5,92,X, ,X,낮음
2026-09-25,화순(741),X,27,26.4,22.3,19,77,X, ,X,낮음
2026-09-25,함평(754),X,27.6,26.4,22.5,19,85,X, ,X,낮음
2026-09-25,곡성(768),X,27.1,26.5,21.5,18.4,85,X, ,X,낮음
2026-09-25,압해도(789),X,27.6,26.9,23.2,20.1,80,X, ,X,낮음
2026-09-25,영양(801),X,25.5,23.8,18.1,14.8,94,X, ,X,낮음
2026-09-25,성주(810),X,26.6,25.5,20.4,18.1,88,X, ,X,낮음
2026-09-25,고령(812),X,27.7,26.6,21.2,17.6,87,X, ,X,낮음
2026-09-25,청도(813),X,26.6,26.1,21.1,17.7,89,X, ,X,낮음
2026-09-25,예천(815),X,24.9,23.1,19.8,17.1,87,X, ,X,낮음
2026-09-25,김천(822),X,26,24.5,19.6,16.4,88,X, ,X,낮음
2026-09-25,군위(823),X,26.4,25,19.9,16.9,93,X, ,X,낮음
2026-09-25,군위(823),X,26.4,25,19.9,16.9,93,X, ,X,낮음
2026-09-25,군위(823),X,26.4,25,19.9,16.9,93,X, ,X,낮음
2026-09-25,군위(823),X,26.4,25,19.9,16.9,93,X, ,X,낮음
2026-09-25,군위(823),X,26.4,25,19.9,16.9,93,X, ,X,낮음
2026-09-25,군위(823),X,26.4,25,19.9,16.9,93,X, ,X,낮음
2026-09-25,군위(823),X,26.4,25,19.9,16.9,93,X, ,X,낮음
2026-09-25,군위(823),X,26.4,25,19.9,16.9,93,X, ,X,낮음
2026-09-25,군위(823),X,26.4,25,19.9,16.9,93,X, ,X,낮음
2026-09-25,군위(823),X,26.4,25,19.9,16.9,93,X, ,X,낮음
2026-09-25,군위(823),X,26.4,25,19.9,16.9,93,X, ,X,낮음
2026-09-25,군위(823),X,26.4,25,19.9,16.9,93,X, ,X,낮음
2026-09-25,군위(823),X,26.4,25,19.9,16.9,93,X, ,X,낮음
2026-09-25,군위(823),X,26.4,25,19.9,16.9,93,X, ,X,낮음
2026-09-25,군위(823),X,26.4,25,19.9,16.9,93,X, ,X,낮음
2026-09-25,군위(823),X,26.4,25,19.9,16.9,93,X, ,X,낮음
2026-09-25,군위(823),X,26.4,25,19.9,16.9,93,X, ,X,낮음
2026-09-25,군위(823),X,26.4,25,19.9,16.9,93,X, ,X,낮음
2026-09-25,군위(823),X,26.4,25,19.9,16.9,93,X, ,X,낮음
2026-09-25,군위(823),X,26.4,25,19.9,16.9,93,X, ,X,낮음
2026-09-25,군위(823),X,26.4,25,19.9,16.9,93,X, ,X,낮음
2026-09-25,군위(823),X,26.4,25,19.9,16.9,93,X, ,X,낮음
2026-09-25,군위(823),X,26.4,25,19.9,16.9,93,X, ,X,낮음
2026-09-25,군위(823),X,26.4,25,19.9,16.9,93,X, ,X,낮음
2026-09-25,군위(823),X,26.4,25,19.9,16.9,93,X, ,X,낮음
2026-09-25,군위(823),X,26.4,25,19.9,16.9,93,X, ,X,낮음
2026-09-25,군위(823),X,26.4,25,19.9,16.9,93,X, ,X,낮음
2026-09-25,군위(823),X,26.4,25,19.9,16.9,93,X, ,X,낮음
2026-09-25,군위(823),X,26.4,25,19.9,16.9,93,X, ,X,낮음
2026-09-25,군위(823),X,26.4,25,19.9,16.9,93,X, ,X,낮음
2026-09-25,군위(823),X,26.4,25,19.9,16.9,93,X, ,X,낮음
2026-09-25,군위(823),X,26.4,25,19.9,16.9,93,X, ,X,낮음
2026-09-25,칠곡(825),X,27,25.6,20.6,18,93,X, ,X,낮음
2026-09-25,경산(827),X,26.8,26.6,22.1,18.5,78,X, ,X,낮음
2026-09-25,삼척(876),X,26.5,25.2,19.5,17.2,87,X, ,X,낮음
2026-09-25,속초(90),X,24.2,23.2,20.3,17.9,82.8,X, ,X,낮음
2026-09-25,삼천포(907),X,26.9,26.7,22.6,20.1,75,X, ,X,낮음
2026-09-25,고성(918),X,26.9,26.1,22.6,19.1,84,X, ,X,낮음
2026-09-25,창녕(919),X,27,26.8,21.9,19.3,80,X, ,X,낮음
2026-09-25,함안(920),X,27,26.1,21.8,18.2,83,X, ,X,낮음
2026-09-25,북춘천(93),X,24.6,23.5,18.4,15.2,90.4,X, ,X,낮음
2026-09-25,하동(932),X,26.9,26.4,22.5,19.6,83,X, ,X,낮음
2026-09-25,철원(95),X,24.3,23.1,18.8,14.8,91.3,X, ,X,낮음
2026-09-25,동두천(98),X,23.8,22.5,18.3,16.1,86.1,X, ,X,낮음
2026-09-25,파주(99),X,23.3,21.2,18.2,15.8,94.6,X, ,X,낮음
2026-09-26,북강릉(104),X,26,24.3,19.1,15.5,90.8,X, ,X,낮음
2026-09-26,동해(106),X,25.5,23.9,19.6,16.4,88.3,X, ,X,낮음
2026-09-26,서울(108),X,26.7,27.5,21.9,18.2,66.6,X, ,X,낮음
2026-09-26,인천(112),X,26.4,26.4,21.9,19.1,74.5,X, ,X,낮음
2026-09-26,원주(114),X,25.4,26,20.2,16.4,75.3,X, ,X,낮음
2026-09-26,울릉도(115),X,25.8,23.7,20.4,18,84.4,X, ,X,낮음
2026-09-26,수원(119),X,26.1,26.5,21.3,18.3,70.5,X, ,X,낮음
2026-09-26,영월(121),X,25,24.9,18.4,15.4,85.4,X, ,X,낮음
2026-09-26,충주(127),X,25.3,24.7,19.4,15.8,78.6,X, ,X,낮음
2026-09-26,서산(129),X,25.5,24.9,20.5,17.8,83.6,X, ,X,낮음
2026-09-26,울진(130),X,25.4,23.7,19.8,16.8,88.6,X, ,X,낮음
2026-09-26,청주(131),X,25.1,24.7,21.8,18.8,69.9,X, ,X,낮음
2026-09-26,대전(133),X,26.1,25.2,20.4,17.2,83.3,X, ,X,낮음
2026-09-26,추풍령(135),X,22.9,21.4,17.9,15.6,87.4,X, ,X,낮음
2026-09-26,안동(136),X,25.1,24.3,19.7,16.3,83.6,X, ,X,낮음
2026-09-26,상주(137),X,24.8,23.3,19.1,16.8,89.6,X, ,X,낮음
2026-09-26,포항(138),X,24.2,22.8,20.6,18.6,81.6,X, ,X,낮음
2026-09-26,군산(140),X,26.2,24.3,20.2,17.8,90,X, ,X,낮음
2026-09-26,대구(143),X,23.9,22.5,19.5,17.5,85.9,X, ,X,낮음
2026-09-26,전주(146),X,26,24.5,20.8,18.4,84.9,X, ,X,낮음
2026-09-26,울산(152),X,23.4,21.5,19,17.3,90,X, ,X,낮음
2026-09-26,창원(155),X,23.7,21.1,19.6,16.4,91.3,X, ,X,낮음
2026-09-26,광주(156),X,24,21.3,19.7,17.6,92.1,X, ,X,낮음
2026-09-26,부산(159),X,23.6,21.4,19.8,18,87.8,X, ,X,낮음
2026-09-26,통영(162),X,24,22.4,18.8,16.9,94.3,X, ,X,낮음
2026-09-26,목포(165),X,23.9,21.5,19.5,18.1,95.8,X, ,X,낮음
2026-09-26,여수(168),X,24.1,21.4,19.3,17.9,92.9,X, ,X,낮음
2026-09-26,흑산도(169),X,23.9,20.8,20.1,19.2,96.5,X, ,X,낮음
2026-09-26,완도(170),X,25.3,23.4,20.4,19.3,94.4,X, ,X,낮음
2026-09-26,고창(172),X,25.3,22.5,20.4,18,99,X, ,X,낮음
2026-09-26,제주(184),X,28.5,26.7,24.4,21.5,79.1,X, ,X,낮음
2026-09-26,진주(192),X,21.5,19.2,17.9,15.9,91.9,X, ,X,낮음
2026-09-26,양평(202),X,26.2,26.9,20.4,16.9,77.5,X, ,X,낮음
2026-09-26,이천(203),X,26.6,26.3,20.3,16.8,82.6,X, ,X,낮음
2026-09-26,인제(211),X,25.4,25.9,18.5,14.9,79.5,X, ,X,낮음
2026-09-26,홍천(212),X,25.1,26,19.3,16.1,79.5,X, ,X,낮음
2026-09-26,태백(216),X,22,21,15.8,12.3,87.3,X, ,X,낮음
2026-09-26,정선군(217),X,24.5,24.5,18.4,15.5,82.5,X, ,X,낮음
2026-09-26,제천(221),X,23.9,24,17.8,14,86.4,X, ,X,낮음
2026-09-26,보은(226),X,24.5,23.6,18.8,15.8,87.4,X, ,X,낮음
2026-09-26,천안(232),X,25.1,24,19.6,16.5,89.4,X, ,X,낮음
2026-09-26,보령(235),X,26.7,26,21.2,17.9,82.6,X, ,X,낮음
2026-09-26,부여(236),X,25.7,24.7,20.1,17.5,89.5,X, ,X,낮음
2026-09-26,금산(238),X,24.9,23.4,19.3,17.2,92.4,X, ,X,낮음
2026-09-26,세종(239),X,26.1,24.9,20,17.4,87.1,X, ,X,낮음
2026-09-26,부안(243),X,25.5,24.2,20.5,18.4,89,X, ,X,낮음
2026-09-26,임실(244),X,24.1,22.3,19.3,17.3,90.4,X, ,X,낮음
2026-09-26,정읍(245),X,25.3,23.5,20.5,18.4,89.8,X, ,X,낮음
2026-09-26,남원(247),X,24,22.7,19.6,17.5,86.8,X, ,X,낮음
2026-09-26,장수(248),X,22.7,20.8,18,16,93.8,X, ,X,낮음
2026-09-26,영광군(252),X,24.2,22.1,19.9,17.7,91.6,X, ,X,낮음
2026-09-26,김해시(253),X,24.1,21.1,19.5,17.2,98,X, ,X,낮음
2026-09-26,순창군(254),X,24.3,23.2,19.9,17.3,86.1,X, ,X,낮음
2026-09-26,양산시(257),X,24.6,22.9,20.5,17.8,89.9,X, ,X,낮음
2026-09-26,강진군(259),X,24.8,22.1,19.7,18.4,96.6,X, ,X,낮음
2026-09-26,장흥(260),X,24.2,21.7,19.7,18.5,91.5,X, ,X,낮음
2026-09-26,해남(261),X,25,22.8,20.3,19.1,93.6,X, ,X,낮음
2026-09-26,고흥(262),X,24.5,21.8,19.5,18.3,94.8,X, ,X,낮음
2026-09-26,의령군(263),X,22.9,20.5,18.7,16.8,94.5,X, ,X,낮음
2026-09-26,함양군(264),X,22.8,20.3,18.6,17,95.8,X, ,X,낮음
2026-09-26,진도군ASOS(268),X,25.1,22.6,20.6,19.7,91,X, ,X,낮음
2026-09-26,봉화(271),X,23.6,23,17.5,14.3,87.4,X, ,X,낮음
2026-09-26,영주(272),X,23.5,22.9,17.8,14.3,88.1,X, ,X,낮음
2026-09-26,문경(273),X,24.9,24,18.7,16.1,89.8,X, ,X,낮음
2026-09-26,청송군(276),X,25.5,24.5,18.8,16,91,X, ,X,낮음
2026-09-26,영덕(277),X,25.3,23.8,18.9,16.2,88.8,X, ,X,낮음
2026-09-26,의성(278),X,25.8,25,19.6,17,89,X, ,X,낮음
2026-09-26,구미(279),X,24.4,23.1,19.5,17.6,86.3,X, ,X,낮음
2026-09-26,영천(281),X,23.8,22.4,18.9,17,91.9,X, ,X,낮음
2026-09-26,경주시(283),X,23.8,21.7,18.8,17.3,94.6,X, ,X,낮음
2026-09-26,거창(284),X,23.4,21.2,18.5,17,91,X, ,X,낮음
2026-09-26,합천(285),X,23.4,21,19.3,17.5,95.3,X, ,X,낮음
2026-09-26,밀양(288),X,24.8,23,20.4,18.1,88.1,X, ,X,낮음
2026-09-26,산청(289),X,22.3,19.7,18.4,16.8,95.6,X, ,X,낮음
2026-09-26,거제(294),X,23.8,22.5,18.4,16.9,95.3,X, ,X,낮음
2026-09-26,남해(295),X,23.5,20.6,18.9,17.1,95.4,X, ,X,낮음
2026-09-26,부천(433),X,26.6,27.3,22.1,18.7,69,X, ,X,낮음
2026-09-26,안양(434),X,,26.2,22.2,19.2,,X, ,X,낮음
2026-09-26,광명(437),X,26.7,27.6,23.2,19.8,62,X, ,X,낮음
2026-09-26,군포(438),X,26,26.9,21.8,18.3,68,X, ,X,낮음
2026-09-26,김포(441),X,27.3,26.8,20.9,17.6,83,X, ,X,낮음
2026-09-26,하남(444),X,26.6,26.7,20.8,17.7,81,X, ,X,낮음
2026-09-26,의왕(445),X,27.1,26.3,20.2,16.7,87,X, ,X,낮음
2026-09-26,포천(504),X,27.9,28.5,20.3,15.2,77,X, ,X,낮음
2026-09-26,가평조종(505),X,26.8,26.7,19.5,15.2,83,X, ,X,낮음
2026-09-26,안성(516),X,26.1,25.8,20.4,17.3,81,X, ,X,낮음
2026-09-26,간성(517),X,25,24.1,19.1,15.4,84,X, ,X,낮음
2026-09-26,평창(526),X,24.4,24.8,18.1,14.5,82,X, ,X,낮음
2026-09-26,의정부(532),X,27.1,27.4,20.5,16.2,78,X, ,X,낮음
2026-09-26,횡성(536),X,26.3,27,19.6,15.8,77,X, ,X,낮음
2026-09-26,고양(540),X,27.4,27.7,19.9,16.4,84,X, ,X,낮음
2026-09-26,남양주(541),X,27.7,28.1,21.1,17,77,X, ,X,낮음
2026-09-26,안산(545),X,27.5,27.7,20.4,16.7,83,X, ,X,낮음
2026-09-26,경기광주(546),X,25.9,25.8,19.6,16.5,82,X, ,X,낮음
2026-09-26,여주(548),X,26.3,26.2,20.2,16.7,80,X, ,X,낮음
2026-09-26,용인(549),X,26.3,26.4,20.9,17.4,77,X, ,X,낮음
2026-09-26,오산(550),X,26.2,25.7,20.1,16.5,83,X, ,X,낮음
2026-09-26,평택(551),X,26.6,25.7,21,18.3,82,X, ,X,낮음
2026-09-26,화천(555),X,26.4,26.5,19.3,15.9,83,X, ,X,낮음
2026-09-26,양구(556),X,25.8,26.9,18.8,14.4,78,X, ,X,낮음
2026-09-26,시흥(565),X,26.2,26.1,20.7,16.6,79,X, ,X,낮음
2026-09-26,구리(569),X,26.6,27.4,21.1,17.5,73,X, ,X,낮음
2026-09-26,화성(571),X,27.1,27.3,21.5,18.2,76,X, ,X,낮음
2026-09-26,성남(572),X,25.8,25.7,21.1,17.8,81,X, ,X,낮음
2026-09-26,과천(590),X,26.3,26.2,20.8,17.4,81,X, ,X,낮음
2026-09-26,양주(598),X,28,29.3,20.6,15.5,77,X, ,X,낮음
2026-09-26,단양(601),X,24.6,23.7,18.2,15.2,86,X, ,X,낮음
2026-09-26,진천(602),X,25.3,24.4,19.1,15.7,87,X, ,X,낮음
2026-09-26,괴산(603),X,25.2,24.5,18.5,15.2,88,X, ,X,낮음
2026-09-26,옥천(604),X,25,23.9,19.5,16.9,86,X, ,X,낮음
2026-09-26,홍북(608),X,,,,,,X, ,X,낮음
2026-09-26,공주(612),X,25.9,24.9,19.7,17.3,90,X, ,X,낮음
2026-09-26,서천(614),X,25.7,24.5,19.4,17.4,94,X, ,X,낮음
2026-09-26,논산(615),X,25.7,24.7,20.1,17.6,84,X, ,X,낮음
2026-09-26,당진(616),X,26.6,26,20.2,17.5,86,X, ,X,낮음
2026-09-26,청양(618),X,25.3,24.3,19.2,16.7,91,X, ,X,낮음
2026-09-26,음성(619),X,25.1,24.1,18.7,14.9,87,X, ,X,낮음
2026-09-26,증평(623),X,25.5,25.2,20,16.5,77,X, ,X,낮음
2026-09-26,태안(627),X,26.2,25.2,20.5,17.9,85,X, ,X,낮음
2026-09-26,예산(628),X,25.2,24.4,20.1,17.6,84,X, ,X,낮음
2026-09-26,아산(634),X,26.1,25.8,20.7,17.7,80,X, ,X,낮음
2026-09-26,계룡(636),X,25.7,24.4,18.9,15,93,X, ,X,낮음
2026-09-26,연천청산(652),X,26.5,27.2,20,15,76,X, ,X,낮음
2026-09-26,양양(670),X,24.8,23.5,19.4,15.5,84,X, ,X,낮음
2026-09-26,무안(699),X,23.5,20.9,19.6,17.9,94,X, ,X,낮음
2026-09-26,무주(701),X,24.3,22.7,18.4,16.3,91,X, ,X,낮음
2026-09-26,익산(702),X,26.7,25.2,20.4,18.2,90,X, ,X,낮음
2026-09-26,진안(703),X,24.1,22,18.4,16.4,94,X, ,X,낮음
2026-09-26,담양(706),X,25.3,23.5,20.2,17.4,90,X, ,X,낮음
2026-09-26,구례(709),X,24.2,22.4,19.8,17.7,86,X, ,X,낮음
2026-09-26,나주(710),X,23.4,20.8,19.3,17.4,96,X, ,X,낮음
2026-09-26,순천시(712),X,23.8,21.5,19.3,17.5,95,X, ,X,낮음
2026-09-26,광양읍(713),X,24.1,21.8,19.5,17.4,96,X, ,X,낮음
2026-09-26,장성(730),X,25.2,23.7,20.3,18,90,X, ,X,낮음
2026-09-26,영암(731),X,24.2,21.6,19.7,18.2,95,X, ,X,낮음
2026-09-26,보성(732),X,22.6,20.2,18.3,17,90,X, ,X,낮음
2026-09-26,완주(734),X,26.4,24.7,19.7,17.5,91,X, ,X,낮음
2026-09-26,김제(737),X,26.1,24,20.6,17.8,94,X, ,X,낮음
2026-09-26,화순(741),X,23.5,20.8,19.3,17.3,91,X, ,X,낮음
2026-09-26,함평(754),X,24.3,21.1,19.6,17.8,97,X, ,X,낮음
2026-09-26,곡성(768),X,24.7,22.4,19.4,17,96,X, ,X,낮음
2026-09-26,압해도(789),X,24.2,21.2,19.8,18.2,97,X, ,X,낮음
2026-09-26,영양(801),X,27,25.8,18.2,15.4,93,X, ,X,낮음
2026-09-26,성주(810),X,24.7,22.8,19.1,17.5,92,X, ,X,낮음
2026-09-26,고령(812),X,24.3,21.9,19.3,17.2,97,X, ,X,낮음
2026-09-26,청도(813),X,24.5,22.2,19.2,17.5,97,X, ,X,낮음
2026-09-26,예천(815),X,24.8,24.1,19.6,16.6,83,X, ,X,낮음
2026-09-26,김천(822),X,24.9,23.2,19,16.9,91,X, ,X,낮음
2026-09-26,군위(823),X,25.8,24.4,19.6,17.2,90,X, ,X,낮음
2026-09-26,군위(823),X,25.8,24.4,19.6,17.2,90,X, ,X,낮음
2026-09-26,군위(823),X,25.8,24.4,19.6,17.2,90,X, ,X,낮음
2026-09-26,군위(823),X,25.8,24.4,19.6,17.2,90,X, ,X,낮음
2026-09-26,군위(823),X,25.8,24.4,19.6,17.2,90,X, ,X,낮음
2026-09-26,군위(823),X,25.8,24.4,19.6,17.2,90,X, ,X,낮음
2026-09-26,군위(823),X,25.8,24.4,19.6,17.2,90,X, ,X,낮음
2026-09-26,군위(823),X,25.8,24.4,19.6,17.2,90,X, ,X,낮음
2026-09-26,군위(823),X,25.8,24.4,19.6,17.2,90,X, ,X,낮음
2026-09-26,군위(823),X,25.8,24.4,19.6,17.2,90,X, ,X,낮음
2026-09-26,군위(823),X,25.8,24.4,19.6,17.2,90,X, ,X,낮음
2026-09-26,군위(823),X,25.8,24.4,19.6,17.2,90,X, ,X,낮음
2026-09-26,군위(823),X,25.8,24.4,19.6,17.2,90,X, ,X,낮음
2026-09-26,군위(823),X,25.8,24.4,19.6,17.2,90,X, ,X,낮음
2026-09-26,군위(823),X,25.8,24.4,19.6,17.2,90,X, ,X,낮음
2026-09-26,군위(823),X,25.8,24.4,19.6,17.2,90,X, ,X,낮음
2026-09-26,군위(823),X,25.8,24.4,19.6,17.2,90,X, ,X,낮음
2026-09-26,군위(823),X,25.8,24.4,19.6,17.2,90,X, ,X,낮음
2026-09-26,군위(823),X,25.8,24.4,19.6,17.2,90,X, ,X,낮음
2026-09-26,군위(823),X,25.8,24.4,19.6,17.2,90,X, ,X,낮음
2026-09-26,군위(823),X,25.8,24.4,19.6,17.2,90,X, ,X,낮음
2026-09-26,군위(823),X,25.8,24.4,19.6,17.2,90,X, ,X,낮음
2026-09-26,군위(823),X,25.8,24.4,19.6,17.2,90,X, ,X,낮음
2026-09-26,군위(823),X,25.8,24.4,19.6,17.2,90,X, ,X,낮음
2026-09-26,군위(823),X,25.8,24.4,19.6,17.2,90,X, ,X,낮음
2026-09-26,군위(823),X,25.8,24.4,19.6,17.2,90,X, ,X,낮음
2026-09-26,군위(823),X,25.8,24.4,19.6,17.2,90,X, ,X,낮음
2026-09-26,군위(823),X,25.8,24.4,19.6,17.2,90,X, ,X,낮음
2026-09-26,군위(823),X,25.8,24.4,19.6,17.2,90,X, ,X,낮음
2026-09-26,군위(823),X,25.8,24.4,19.6,17.2,90,X, ,X,낮음
2026-09-26,군위(823),X,25.8,24.4,19.6,17.2,90,X, ,X,낮음
2026-09-26,군위(823),X,25.8,24.4,19.6,17.2,90,X, ,X,낮음
2026-09-26,칠곡(825),X,25.3,23.3,19.7,17.8,96,X, ,X,낮음
2026-09-26,경산(827),X,24.3,22.8,19.6,17.5,89,X, ,X,낮음
2026-09-26,삼척(876),X,25.5,24.6,19.8,16.7,84,X, ,X,낮음
2026-09-26,속초(90),X,25.4,24.4,20.2,16.5,79.6,X, ,X,낮음
2026-09-26,삼천포(907),X,23.1,20.4,18.4,16.1,95,X, ,X,낮음
2026-09-26,고성(918),X,23.8,21.1,18.9,16.9,96,X, ,X,낮음
2026-09-26,창녕(919),X,23.7,21.6,19.6,17.8,92,X, ,X,낮음
2026-09-26,함안(920),X,23.2,20.8,18.9,16.6,93,X, ,X,낮음
2026-09-26,북춘천(93),X,25.6,26.2,19.1,14.2,81.4,X, ,X,낮음
2026-09-26,하동(932),X,23.5,21.3,19.4,17.5,97,X, ,X,낮음
2026-09-26,철원(95),X,26,27.3,19.6,13.1,76.9,X, ,X,낮음
2026-09-26,동두천(98),X,26.8,28,20.6,15.3,70.1,X, ,X,낮음
2026-09-26,파주(99),X,26.4,26.8,19.7,16.2,81.9,X, ,X,낮음
2026-09-27,북강릉(104),X,27.4,26.3,21.1,15.8,81.9,X, ,X,낮음
2026-09-27,동해(106),X,26.8,25.9,21.4,16,78,X, ,X,낮음
2026-09-27,서울(108),X,27.9,28.8,22.4,17.4,66.1,X, ,X,낮음
2026-09-27,인천(112),X,27.2,27,22.5,18.8,76.4,X, ,X,낮음
2026-09-27,원주(114),X,27.7,29,21.7,15,71.1,X, ,X,낮음
2026-09-27,울릉도(115),X,27.2,25.5,22,19.5,83.9,X, ,X,낮음
2026-09-27,수원(119),X,27.5,28.3,21.8,16.5,71.1,X, ,X,낮음
2026-09-27,영월(121),X,27.7,28.8,20.2,14.8,79,X, ,X,낮음
2026-09-27,충주(127),X,28.1,28.4,21,15,77.5,X, ,X,낮음
2026-09-27,서산(129),X,27.4,28.4,21.4,16.2,79.1,X, ,X,낮음
2026-09-27,울진(130),X,26.6,25.5,21.1,15.9,83.8,X, ,X,낮음
2026-09-27,청주(131),X,28.4,28.8,22.6,17.2,69.3,X, ,X,낮음
2026-09-27,대전(133),X,28.2,28.3,22.2,16.6,77.5,X, ,X,낮음
2026-09-27,추풍령(135),X,26.3,25.1,19.7,13.8,86.6,X, ,X,낮음
2026-09-27,안동(136),X,26.7,25.9,20,16.2,87.3,X, ,X,낮음
2026-09-27,상주(137),X,27.2,25.9,20.1,16,89.5,X, ,X,낮음
2026-09-27,포항(138),X,26.8,25.7,22.1,18.1,79.5,X, ,X,낮음
2026-09-27,군산(140),X,28,26.9,21.8,17.9,83.6,X, ,X,낮음
2026-09-27,대구(143),X,26.9,26.3,21.6,17.7,80.4,X, ,X,낮음
2026-09-27,전주(146),X,28.5,27.4,22.7,18.3,78.9,X, ,X,낮음
2026-09-27,울산(152),X,26.3,25,20.8,17.4,85,X, ,X,낮음
2026-09-27,창원(155),X,26.5,24.4,21.5,19.8,91.6,X, ,X,낮음
2026-09-27,광주(156),X,27.1,25.1,22,19.5,91.3,X, ,X,낮음
2026-09-27,부산(159),X,26.2,24.4,22.1,20.3,82.3,X, ,X,낮음
2026-09-27,통영(162),X,26,23.8,21.6,19.9,90.8,X, ,X,낮음
2026-09-27,목포(165),X,26,23,21.4,19.6,96.4,X, ,X,낮음
2026-09-27,여수(168),X,25.3,22.6,21.5,19.9,91.3,X, ,X,낮음
2026-09-27,흑산도(169),X,26.2,23.5,21.2,20.3,94.4,X, ,X,낮음
2026-09-27,완도(170),X,27,24.7,22.4,20.5,92.4,X, ,X,낮음
2026-09-27,고창(172),X,26.4,23.2,21.3,18.2,99.1,X, ,X,낮음
2026-09-27,제주(184),X,28.6,27.6,24.8,23.3,80.3,X, ,X,낮음
2026-09-27,진주(192),X,24.7,22.6,20,17.5,90.5,X, ,X,낮음
2026-09-27,양평(202),X,26.9,27.6,21.1,16,77.3,X, ,X,낮음
2026-09-27,이천(203),X,28.8,29.4,21.3,15,78.3,X, ,X,낮음
2026-09-27,인제(211),X,26.7,27.4,19.5,14.9,78.8,X, ,X,낮음
2026-09-27,홍천(212),X,27.3,28.1,19.8,14.6,78,X, ,X,낮음
2026-09-27,태백(216),X,25,25.5,17.4,11,80,X, ,X,낮음
2026-09-27,정선군(217),X,27.2,28.1,19.4,15,79.5,X, ,X,낮음
2026-09-27,제천(221),X,26.4,26.6,18.6,12.4,84.4,X, ,X,낮음
2026-09-27,보은(226),X,27,26.5,19.8,13.8,87.3,X, ,X,낮음
2026-09-27,천안(232),X,27.1,27.1,20.5,15.1,84.5,X, ,X,낮음
2026-09-27,보령(235),X,29.4,29.5,21.9,16.9,77.5,X, ,X,낮음
2026-09-27,부여(236),X,28,27.7,21.4,16.3,83.3,X, ,X,낮음
2026-09-27,금산(238),X,27.8,27.3,21.4,16.4,85.8,X, ,X,낮음
2026-09-27,세종(239),X,28,27.3,21.2,16.5,83,X, ,X,낮음
2026-09-27,부안(243),X,27.3,26.4,21.8,17.4,84,X, ,X,낮음
2026-09-27,임실(244),X,25.6,24.4,20.6,16.8,89.6,X, ,X,낮음
2026-09-27,정읍(245),X,27.4,26,21.8,17.9,88.1,X, ,X,낮음
2026-09-27,남원(247),X,26.1,24.7,21.5,17.3,86.8,X, ,X,낮음
2026-09-27,장수(248),X,25.6,24.1,19.3,15.7,93.6,X, ,X,낮음
2026-09-27,영광군(252),X,25.1,22.7,20.9,18.7,93.6,X, ,X,낮음
2026-09-27,김해시(253),X,26.9,24.5,21.3,19.5,97.8,X, ,X,낮음
2026-09-27,순창군(254),X,26.4,25,21.4,17.9,87.5,X, ,X,낮음
2026-09-27,양산시(257),X,27.6,25.6,21.8,20.2,91.9,X, ,X,낮음
2026-09-27,강진군(259),X,27.1,25.1,22.1,19.7,94.4,X, ,X,낮음
2026-09-27,장흥(260),X,26.8,24.4,21.9,19.6,92.4,X, ,X,낮음
2026-09-27,해남(261),X,28.5,26.1,22.6,20.5,92.6,X, ,X,낮음
2026-09-27,고흥(262),X,26.4,24.1,21.8,19.5,92.1,X, ,X,낮음
2026-09-27,의령군(263),X,25.9,23.9,20.6,17.9,92.3,X, ,X,낮음
2026-09-27,함양군(264),X,25.5,23.3,20.4,17.5,92.5,X, ,X,낮음
2026-09-27,진도군ASOS(268),X,27.6,25.7,22,20.3,92.6,X, ,X,낮음
2026-09-27,봉화(271),X,26.1,26.3,18.1,12.4,83.5,X, ,X,낮음
2026-09-27,영주(272),X,26.5,26.5,18.5,12.9,86.3,X, ,X,낮음
2026-09-27,문경(273),X,26.5,25.8,19.2,14.4,90.6,X, ,X,낮음
2026-09-27,청송군(276),X,26.9,26.1,19.8,15.4,87.9,X, ,X,낮음
2026-09-27,영덕(277),X,26.7,26.1,20.3,15.9,83.3,X, ,X,낮음
2026-09-27,의성(278),X,27.1,26.6,20.4,15.9,87.8,X, ,X,낮음
2026-09-27,구미(279),X,26.4,25.4,20.8,16.7,85.3,X, ,X,낮음
2026-09-27,영천(281),X,26.2,25.4,20.6,15.7,87,X, ,X,낮음
2026-09-27,경주시(283),X,27.4,26.2,20.8,16.4,89.6,X, ,X,낮음
2026-09-27,거창(284),X,25.5,23.7,20,16.7,90.5,X, ,X,낮음
2026-09-27,합천(285),X,26,24.5,20.8,17.6,90.5,X, ,X,낮음
2026-09-27,밀양(288),X,27.7,26.5,22,18.9,86,X, ,X,낮음
2026-09-27,산청(289),X,25.1,22.7,20.3,17.7,93.3,X, ,X,낮음
2026-09-27,거제(294),X,25.2,22.8,21,19.1,93.8,X, ,X,낮음
2026-09-27,남해(295),X,24.8,21.9,20.7,19.1,94.8,X, ,X,낮음
2026-09-27,부천(433),X,28.1,28.6,22.8,18,68,X, ,X,낮음
2026-09-27,안양(434),X,,28.1,22.8,18.7,,X, ,X,낮음
2026-09-27,광명(437),X,27.6,28.6,23.4,19.7,65,X, ,X,낮음
2026-09-27,군포(438),X,27.6,28.9,22.6,17.7,64,X, ,X,낮음
2026-09-27,김포(441),X,28.9,28.4,21.4,16.2,81,X, ,X,낮음
2026-09-27,하남(444),X,28.2,28.5,21.7,15.8,77,X, ,X,낮음
2026-09-27,의왕(445),X,28.3,28.2,20.9,15.4,81,X, ,X,낮음
2026-09-27,포천(504),X,28.3,29,20.9,13.3,74,X, ,X,낮음
2026-09-27,가평조종(505),X,27.7,27.9,19.8,13.5,79,X, ,X,낮음
2026-09-27,안성(516),X,29.4,29.3,21.8,15.6,77,X, ,X,낮음
2026-09-27,간성(517),X,26.3,25,20.4,15.1,79,X, ,X,낮음
2026-09-27,평창(526),X,26.6,27.3,18.8,13.8,80,X, ,X,낮음
2026-09-27,의정부(532),X,29.2,29.8,21.4,15.1,75,X, ,X,낮음
2026-09-27,횡성(536),X,28.2,29.4,20.1,13.9,76,X, ,X,낮음
2026-09-27,고양(540),X,28.8,29.8,20.9,15,77,X, ,X,낮음
2026-09-27,남양주(541),X,28.7,29.4,21.7,15.7,74,X, ,X,낮음
2026-09-27,안산(545),X,29,29,20.8,14.5,81,X, ,X,낮음
2026-09-27,경기광주(546),X,27.7,28.3,20.4,15.6,79,X, ,X,낮음
2026-09-27,여주(548),X,28.5,29,21.4,15.2,75,X, ,X,낮음
2026-09-27,용인(549),X,28.1,28.8,21,15.9,77,X, ,X,낮음
2026-09-27,오산(550),X,28.1,28.6,21.5,15,77,X, ,X,낮음
2026-09-27,평택(551),X,29.6,29.3,22.2,15.8,81,X, ,X,낮음
2026-09-27,화천(555),X,27.6,28.1,19.5,15,83,X, ,X,낮음
2026-09-27,양구(556),X,27,28,18.7,13.9,81,X, ,X,낮음
2026-09-27,시흥(565),X,27.9,28.4,20.8,14.8,79,X, ,X,낮음
2026-09-27,구리(569),X,28.4,29.1,21.6,15.8,73,X, ,X,낮음
2026-09-27,화성(571),X,29.3,30,22.1,16.9,76,X, ,X,낮음
2026-09-27,성남(572),X,27.5,27.9,21.5,16,79,X, ,X,낮음
2026-09-27,과천(590),X,27.8,27.8,20.8,15.1,80,X, ,X,낮음
2026-09-27,양주(598),X,28,29.1,20.8,13.4,76,X, ,X,낮음
2026-09-27,단양(601),X,27.4,28.2,19.4,14.1,80,X, ,X,낮음
2026-09-27,진천(602),X,28.7,28.1,20.3,13.4,81,X, ,X,낮음
2026-09-27,괴산(603),X,27.9,28.2,19.9,15.1,85,X, ,X,낮음
2026-09-27,옥천(604),X,28.2,27.7,21,15.9,84,X, ,X,낮음
2026-09-27,홍북(608),X,,,,,,X, ,X,낮음
2026-09-27,공주(612),X,27.9,27.5,20.9,15.2,84,X, ,X,낮음
2026-09-27,서천(614),X,27.6,27.2,20.5,15.8,86,X, ,X,낮음
2026-09-27,논산(615),X,28.2,28.1,21.8,15.2,79,X, ,X,낮음
2026-09-27,당진(616),X,28.2,28.8,21.4,16.4,81,X, ,X,낮음
2026-09-27,청양(618),X,27.8,27.7,20.2,14.8,87,X, ,X,낮음
2026-09-27,음성(619),X,28.2,28.5,19.6,14.4,86,X, ,X,낮음
2026-09-27,증평(623),X,27.4,28.2,20.9,14.8,76,X, ,X,낮음
2026-09-27,태안(627),X,28,27.8,21.2,15.9,83,X, ,X,낮음
2026-09-27,예산(628),X,27.3,27.3,20.5,15.3,83,X, ,X,낮음
2026-09-27,아산(634),X,28.3,29.1,21.7,15.8,77,X, ,X,낮음
2026-09-27,계룡(636),X,27.8,27.5,20,13.2,88,X, ,X,낮음
2026-09-27,연천청산(652),X,27.6,27.7,20.5,13.5,74,X, ,X,낮음
2026-09-27,양양(670),X,26.1,24.7,20.8,15.7,80,X, ,X,낮음
2026-09-27,무안(699),X,26.8,24.2,21.4,19.3,96,X, ,X,낮음
2026-09-27,무주(701),X,27,26.1,20.2,15.2,86,X, ,X,낮음
2026-09-27,익산(702),X,28.4,27.3,22,16.3,83,X, ,X,낮음
2026-09-27,진안(703),X,26.4,24.5,19.7,14.9,93,X, ,X,낮음
2026-09-27,담양(706),X,27.2,25.3,21.9,18.6,91,X, ,X,낮음
2026-09-27,구례(709),X,27,25.3,22,19,86,X, ,X,낮음
2026-09-27,나주(710),X,27.2,25.1,21.8,19.4,92,X, ,X,낮음
2026-09-27,순천시(712),X,26.5,24,21.4,19.3,97,X, ,X,낮음
2026-09-27,광양읍(713),X,27.5,25.5,22,19.9,93,X, ,X,낮음
2026-09-27,장성(730),X,26.8,25,21.9,19.1,91,X, ,X,낮음
2026-09-27,영암(731),X,28.4,26.3,22.5,19.7,92,X, ,X,낮음
2026-09-27,보성(732),X,25.1,22.9,20.5,18.4,91,X, ,X,낮음
2026-09-27,완주(734),X,28.4,27.4,21.6,16.4,86,X, ,X,낮음
2026-09-27,김제(737),X,28.9,27.1,22.1,17.7,89,X, ,X,낮음
2026-09-27,화순(741),X,27.4,25.4,22.1,19.4,88,X, ,X,낮음
2026-09-27,함평(754),X,26.8,24.1,21.6,19.4,97,X, ,X,낮음
2026-09-27,곡성(768),X,27.4,25.2,21.7,18.3,94,X, ,X,낮음
2026-09-27,압해도(789),X,26,22.9,21.3,19.9,99,X, ,X,낮음
2026-09-27,영양(801),X,28.8,28.1,19.4,14.8,88,X, ,X,낮음
2026-09-27,성주(810),X,27.2,25.6,20.5,16.4,90,X, ,X,낮음
2026-09-27,고령(812),X,26.6,24.5,20.7,17.3,94,X, ,X,낮음
2026-09-27,청도(813),X,26.6,24.9,20.6,17.5,94,X, ,X,낮음
2026-09-27,예천(815),X,27.6,27,19.9,14.3,84,X, ,X,낮음
2026-09-27,김천(822),X,27.3,25.8,20.8,16.2,88,X, ,X,낮음
2026-09-27,군위(823),X,27.6,26.6,20.5,16.8,91,X, ,X,낮음
2026-09-27,군위(823),X,27.6,26.6,20.5,16.8,91,X, ,X,낮음
2026-09-27,군위(823),X,27.6,26.6,20.5,16.8,91,X, ,X,낮음
2026-09-27,군위(823),X,27.6,26.6,20.5,16.8,91,X, ,X,낮음
2026-09-27,군위(823),X,27.6,26.6,20.5,16.8,91,X, ,X,낮음
2026-09-27,군위(823),X,27.6,26.6,20.5,16.8,91,X, ,X,낮음
2026-09-27,군위(823),X,27.6,26.6,20.5,16.8,91,X, ,X,낮음
2026-09-27,군위(823),X,27.6,26.6,20.5,16.8,91,X, ,X,낮음
2026-09-27,군위(823),X,27.6,26.6,20.5,16.8,91,X, ,X,낮음
2026-09-27,군위(823),X,27.6,26.6,20.5,16.8,91,X, ,X,낮음
2026-09-27,군위(823),X,27.6,26.6,20.5,16.8,91,X, ,X,낮음
2026-09-27,군위(823),X,27.6,26.6,20.5,16.8,91,X, ,X,낮음
2026-09-27,군위(823),X,27.6,26.6,20.5,16.8,91,X, ,X,낮음
2026-09-27,군위(823),X,27.6,26.6,20.5,16.8,91,X, ,X,낮음
2026-09-27,군위(823),X,27.6,26.6,20.5,16.8,91,X, ,X,낮음
2026-09-27,군위(823),X,27.6,26.6,20.5,16.8,91,X, ,X,낮음
2026-09-27,군위(823),X,27.6,26.6,20.5,16.8,91,X, ,X,낮음
2026-09-27,군위(823),X,27.6,26.6,20.5,16.8,91,X, ,X,낮음
2026-09-27,군위(823),X,27.6,26.6,20.5,16.8,91,X, ,X,낮음
2026-09-27,군위(823),X,27.6,26.6,20.5,16.8,91,X, ,X,낮음
2026-09-27,군위(823),X,27.6,26.6,20.5,16.8,91,X, ,X,낮음
2026-09-27,군위(823),X,27.6,26.6,20.5,16.8,91,X, ,X,낮음
2026-09-27,군위(823),X,27.6,26.6,20.5,16.8,91,X, ,X,낮음
2026-09-27,군위(823),X,27.6,26.6,20.5,16.8,91,X, ,X,낮음
2026-09-27,군위(823),X,27.6,26.6,20.5,16.8,91,X, ,X,낮음
2026-09-27,군위(823),X,27.6,26.6,20.5,16.8,91,X, ,X,낮음
2026-09-27,군위(823),X,27.6,26.6,20.5,16.8,91,X, ,X,낮음
2026-09-27,군위(823),X,27.6,26.6,20.5,16.8,91,X, ,X,낮음
2026-09-27,군위(823),X,27.6,26.6,20.5,16.8,91,X, ,X,낮음
2026-09-27,군위(823),X,27.6,26.6,20.5,16.8,91,X, ,X,낮음
2026-09-27,군위(823),X,27.6,26.6,20.5,16.8,91,X, ,X,낮음
2026-09-27,군위(823),X,27.6,26.6,20.5,16.8,91,X, ,X,낮음
2026-09-27,칠곡(825),X,27.1,25.4,21.2,17.6,92,X, ,X,낮음
2026-09-27,경산(827),X,26.6,25.5,21.5,17.5,84,X, ,X,낮음
2026-09-27,삼척(876),X,27.8,27.3,22,17.6,73,X, ,X,낮음
2026-09-27,속초(90),X,26.4,25.3,21.6,16.9,75.6,X, ,X,낮음
2026-09-27,삼천포(907),X,25.5,23,21.1,19.1,96,X, ,X,낮음
2026-09-27,고성(918),X,25.8,23.1,21,19.1,96,X, ,X,낮음
2026-09-27,창녕(919),X,26,24.5,21.4,18.2,87,X, ,X,낮음
2026-09-27,함안(920),X,26.3,24.2,20.7,18.6,92,X, ,X,낮음
2026-09-27,북춘천(93),X,27.2,27.8,19.7,13.5,81.4,X, ,X,낮음
2026-09-27,하동(932),X,27.4,25.3,21.7,19.4,95,X, ,X,낮음
2026-09-27,철원(95),X,27.1,28.1,20.5,12.8,74.3,X, ,X,낮음
2026-09-27,동두천(98),X,27.8,28.7,21.2,14.6,67.9,X, ,X,낮음
2026-09-27,파주(99),X,27,27.6,19.8,14.1,79.3,X, ,X,낮음
